300.0,50.0,180.0,-47.99,42.04,-158.29,-48.127,42.527,-158.083
300.0,50.0,170.0,-37.99,41.48,-158.7,-38.128,42.602,-158.206
300.0,50.0,160.0,-28.0,41.73,-158.75,-28.129,42.677,-158.329
300.0,50.0,150.0,-18.33,42.14,-159.07,-18.13,42.753,-158.452
300.0,50.0,140.0,-8.37,41.92,-159.02,-8.131,42.828,-158.575
300.0,50.0,130.0,1.26,42.28,-159.28,1.868,42.904,-158.699
300.0,50.0,120.0,11.23,42.7,-159.47,11.867,42.979,-158.822
300.0,50.0,110.0,21.05,42.56,-159.61,21.866,43.054,-158.945
300.0,50.0,100.0,30.83,42.74,-160.06,31.865,43.13,-159.068
300.0,50.0,90.0,40.66,43.18,-160.08,41.864,43.205,-159.191
300.0,40.0,180.0,-47.78,32.24,-158.32,-48.053,32.528,-158.222
300.0,40.0,170.0,-37.93,31.78,-158.69,-38.054,32.603,-158.345
300.0,40.0,160.0,-28.02,32.06,-158.66,-28.055,32.679,-158.468
300.0,40.0,150.0,-18.25,32.44,-159.06,-18.056,32.754,-158.591
300.0,40.0,140.0,-8.38,32.24,-159.05,-8.057,32.829,-158.715
300.0,40.0,130.0,1.3,32.58,-159.31,1.942,32.905,-158.838
300.0,40.0,120.0,11.24,32.93,-159.49,11.941,32.98,-158.961
300.0,40.0,110.0,20.96,32.78,-159.62,21.94,33.056,-159.084
300.0,40.0,100.0,30.81,33.08,-160.09,31.939,33.131,-159.207
300.0,40.0,90.0,40.71,33.29,-160.1,41.938,33.206,-159.331
300.0,30.0,180.0,-47.62,22.54,-158.31,-47.979,22.529,-158.361
300.0,30.0,170.0,-37.76,22.0,-158.64,-37.98,22.604,-158.484
300.0,30.0,160.0,-28.06,22.55,-158.59,-27.982,22.68,-158.607
300.0,30.0,150.0,-18.16,22.44,-159.01,-17.983,22.755,-158.731
300.0,30.0,140.0,-8.5,22.66,-158.92,-7.984,22.831,-158.854
300.0,30.0,130.0,1.36,23.04,-159.42,2.015,22.906,-158.977
300.0,30.0,120.0,11.24,22.86,-159.42,12.014,22.981,-159.1
300.0,30.0,110.0,20.97,23.19,-159.66,22.013,23.057,-159.223
300.0,30.0,100.0,30.87,23.58,-160.14,32.012,23.132,-159.347
300.0,30.0,90.0,40.73,23.63,-160.13,42.011,23.208,-159.47
300.0,20.0,180.0,-47.5,12.64,-158.28,-47.906,12.53,-158.5
300.0,20.0,170.0,-37.64,12.31,-158.64,-37.907,12.606,-158.623
300.0,20.0,160.0,-27.99,12.62,-158.58,-27.908,12.681,-158.746
300.0,20.0,150.0,-18.1,12.64,-159.02,-17.909,12.757,-158.87
300.0,20.0,140.0,-8.51,12.81,-158.95,-7.91,12.832,-158.993
300.0,20.0,130.0,1.44,13.19,-159.46,2.089,12.907,-159.116
300.0,20.0,120.0,11.18,13.03,-159.47,12.088,12.983,-159.239
300.0,20.0,110.0,21.04,13.53,-159.77,22.087,13.058,-159.363
300.0,20.0,100.0,30.95,13.41,-160.17,32.086,13.133,-159.486
300.0,20.0,90.0,40.72,13.9,-160.18,42.085,13.209,-159.609
300.0,10.0,180.0,-47.33,3.06,-158.39,-47.832,2.532,-158.639
300.0,10.0,170.0,-37.53,2.58,-158.67,-37.833,2.607,-158.762
300.0,10.0,160.0,-27.88,3.13,-158.64,-27.834,2.682,-158.886
300.0,10.0,150.0,-18.08,2.85,-159.09,-17.835,2.758,-159.009
300.0,10.0,140.0,-8.41,3.07,-159.03,-7.836,2.833,-159.132
300.0,10.0,130.0,1.46,3.45,-159.49,2.163,2.909,-159.255
300.0,10.0,120.0,11.19,3.25,-159.52,12.162,2.984,-159.378
300.0,10.0,110.0,21.13,3.62,-159.83,22.161,3.059,-159.502
300.0,10.0,100.0,30.96,4.01,-160.24,32.16,3.135,-159.625
300.0,10.0,90.0,40.77,3.84,-160.26,42.159,3.21,-159.748
300.0,-0.0,180.0,-47.25,-6.69,-158.51,-47.758,-7.467,-158.778
300.0,-0.0,170.0,-37.44,-7.17,-158.81,-37.759,-7.392,-158.902
300.0,-0.0,160.0,-27.79,-7.04,-158.71,-27.76,-7.316,-159.025
300.0,-0.0,150.0,-18.01,-6.72,-159.18,-17.762,-7.241,-159.148
300.0,-0.0,140.0,-8.38,-6.83,-159.03,-7.763,-7.166,-159.271
300.0,-0.0,130.0,1.52,-6.68,-159.59,2.236,-7.09,-159.394
300.0,-0.0,120.0,11.22,-6.27,-159.59,12.235,-7.015,-159.518
300.0,-0.0,110.0,21.2,-6.47,-159.9,22.234,-6.939,-159.641
300.0,-0.0,100.0,31.01,-6.09,-160.3,32.233,-6.864,-159.764
300.0,-0.0,90.0,40.78,-5.72,-160.3,42.232,-6.789,-159.887
300.0,-10.0,180.0,-47.2,-16.5,-158.69,-47.685,-17.466,-158.918
300.0,-10.0,170.0,-37.32,-16.69,-158.95,-37.686,-17.391,-159.041
300.0,-10.0,160.0,-27.73,-16.44,-158.8,-27.687,-17.315,-159.164
300.0,-10.0,150.0,-17.94,-16.83,-159.24,-17.688,-17.24,-159.287
300.0,-10.0,140.0,-8.29,-16.63,-159.16,-7.689,-17.164,-159.41
300.0,-10.0,130.0,1.59,-16.65,-159.63,2.31,-17.089,-159.534
300.0,-10.0,120.0,11.29,-16.3,-159.71,12.309,-17.014,-159.657
300.0,-10.0,110.0,21.23,-16.14,-159.96,22.308,-16.938,-159.78
300.0,-10.0,100.0,31.05,-15.82,-160.37,32.307,-16.863,-159.903
300.0,-10.0,90.0,40.81,-15.81,-160.41,42.306,-16.787,-160.026
300.0,-20.0,180.0,-47.26,-26.51,-158.8,-47.611,-27.465,-159.057
300.0,-20.0,170.0,-37.24,-26.82,-159.16,-37.612,-27.389,-159.18
300.0,-20.0,160.0,-27.64,-26.58,-158.95,-27.613,-27.314,-159.303
300.0,-20.0,150.0,-17.83,-26.58,-159.32,-17.614,-27.239,-159.426
300.0,-20.0,140.0,-8.25,-26.28,-159.14,-7.615,-27.163,-159.55
300.0,-20.0,130.0,1.67,-26.36,-159.69,2.384,-27.088,-159.673
300.0,-20.0,120.0,11.4,-26.31,-159.73,12.383,-27.012,-159.796
300.0,-20.0,110.0,21.23,-25.89,-159.97,22.382,-26.937,-159.919
300.0,-20.0,100.0,31.13,-26.05,-160.49,32.381,-26.862,-160.042
300.0,-20.0,90.0,40.85,-25.68,-160.5,42.38,-26.786,-160.166
300.0,-30.0,180.0,-47.2,-36.51,-158.98,-47.537,-37.463,-159.196
300.0,-30.0,170.0,-37.18,-36.74,-159.34,-37.538,-37.388,-159.319
300.0,-30.0,160.0,-27.46,-36.51,-159.07,-27.539,-37.313,-159.442
300.0,-30.0,150.0,-17.68,-36.25,-159.4,-17.541,-37.237,-159.566
300.0,-30.0,140.0,-8.05,-36.42,-159.28,-7.542,-37.162,-159.689
300.0,-30.0,130.0,1.73,-36.35,-159.72,2.457,-37.087,-159.812
300.0,-30.0,120.0,11.57,-36.05,-159.75,12.456,-37.011,-159.935
300.0,-30.0,110.0,21.3,-36.21,-160.05,22.455,-36.936,-160.058
300.0,-30.0,100.0,31.15,-35.86,-160.51,32.454,-36.86,-160.182
300.0,-30.0,90.0,40.94,-35.43,-160.51,42.453,-36.785,-160.305
300.0,-40.0,180.0,-47.19,-46.63,-159.0,-47.464,-47.462,-159.335
300.0,-40.0,170.0,-37.12,-46.7,-159.46,-37.465,-47.387,-159.458
300.0,-40.0,160.0,-27.21,-46.52,-159.28,-27.466,-47.311,-159.582
300.0,-40.0,150.0,-17.51,-46.13,-159.49,-17.467,-47.236,-159.705
300.0,-40.0,140.0,-7.75,-46.52,-159.46,-7.468,-47.161,-159.828
300.0,-40.0,130.0,1.86,-46.31,-159.76,2.531,-47.085,-159.951
300.0,-40.0,120.0,11.73,-46.01,-159.82,12.53,-47.01,-160.074
300.0,-40.0,110.0,21.41,-46.21,-160.1,22.529,-46.935,-160.198
300.0,-40.0,100.0,31.16,-45.87,-160.49,32.528,-46.859,-160.321
300.0,-40.0,90.0,40.97,-45.46,-160.52,42.527,-46.784,-160.444
290.0,50.0,180.0,-48.17,42.19,-168.39,-48.251,42.665,-168.081
290.0,50.0,170.0,-38.17,41.57,-168.67,-38.252,42.74,-168.204
290.0,50.0,160.0,-28.3,42.15,-168.79,-28.253,42.816,-168.327
290.0,50.0,150.0,-18.49,41.83,-168.99,-18.254,42.891,-168.45
290.0,50.0,140.0,-8.77,42.5,-169.01,-8.255,42.966,-168.574
290.0,50.0,130.0,1.15,42.25,-169.39,1.744,43.042,-168.697
290.0,50.0,120.0,10.85,42.57,-169.34,11.743,43.117,-168.82
290.0,50.0,110.0,20.61,42.77,-169.48,21.742,43.193,-168.943
290.0,50.0,100.0,30.58,42.85,-170.07,31.741,43.268,-169.066
290.0,50.0,90.0,40.42,43.09,-170.04,41.74,43.343,-169.19
290.0,40.0,180.0,-48.09,32.46,-168.3,-48.177,32.666,-168.22
290.0,40.0,170.0,-38.09,31.9,-168.55,-38.178,32.742,-168.343
290.0,40.0,160.0,-28.23,32.19,-168.65,-28.179,32.817,-168.466
290.0,40.0,150.0,-18.47,32.51,-169.0,-18.18,32.892,-168.59
290.0,40.0,140.0,-8.68,32.34,-168.95,-8.182,32.968,-168.713
290.0,40.0,130.0,1.12,32.68,-169.34,1.817,33.043,-168.836
290.0,40.0,120.0,10.77,33.13,-169.33,11.816,33.118,-168.959
290.0,40.0,110.0,20.73,33.01,-169.57,21.815,33.194,-169.082
290.0,40.0,100.0,30.64,33.21,-170.06,31.814,33.269,-169.206
290.0,40.0,90.0,40.32,33.34,-169.99,41.813,33.345,-169.329
290.0,30.0,180.0,-47.81,22.7,-168.27,-48.104,22.667,-168.359
290.0,30.0,170.0,-38.02,22.23,-168.43,-38.105,22.743,-168.482
290.0,30.0,160.0,-28.14,22.77,-168.6,-28.106,22.818,-168.606
290.0,30.0,150.0,-18.48,22.48,-168.88,-18.107,22.894,-168.729
290.0,30.0,140.0,-8.62,22.69,-168.93,-8.108,22.969,-168.852
290.0,30.0,130.0,1.09,22.98,-169.33,1.891,23.044,-168.975
290.0,30.0,120.0,10.88,23.41,-169.37,11.89,23.12,-169.098
290.0,30.0,110.0,20.82,23.21,-169.69,21.889,23.195,-169.222
290.0,30.0,100.0,30.56,23.55,-170.01,31.888,23.27,-169.345
290.0,30.0,90.0,40.3,23.68,-169.98,41.887,23.346,-169.468
290.0,20.0,180.0,-47.53,12.96,-168.28,-48.03,12.669,-168.498
290.0,20.0,170.0,-37.87,12.52,-168.43,-38.031,12.744,-168.622
290.0,20.0,160.0,-28.08,12.77,-168.55,-28.032,12.819,-168.745
290.0,20.0,150.0,-18.39,13.12,-168.94,-18.033,12.895,-168.868
290.0,20.0,140.0,-8.55,12.92,-168.91,-8.034,12.97,-168.991
290.0,20.0,130.0,1.05,13.25,-169.32,1.965,13.046,-169.114
290.0,20.0,120.0,10.98,13.66,-169.39,11.964,13.121,-169.238
290.0,20.0,110.0,20.89,13.45,-169.88,21.963,13.196,-169.361
290.0,20.0,100.0,30.53,13.81,-169.89,31.962,13.272,-169.484
290.0,20.0,90.0,40.3,13.97,-169.98,41.961,13.347,-169.607
290.0,10.0,180.0,-47.34,3.3,-168.33,-47.956,2.67,-168.638
290.0,10.0,170.0,-37.69,2.83,-168.5,-37.957,2.745,-168.761
290.0,10.0,160.0,-27.94,3.05,-168.59,-27.958,2.821,-168.884
290.0,10.0,150.0,-18.33,3.41,-168.96,-17.959,2.896,-169.007
290.0,10.0,140.0,-8.51,3.14,-168.95,-7.961,2.971,-169.13
290.0,10.0,130.0,1.11,3.47,-169.36,2.038,3.047,-169.254
290.0,10.0,120.0,11.07,3.8,-169.47,12.037,3.122,-169.377
290.0,10.0,110.0,20.85,3.7,-169.9,22.036,3.198,-169.5
290.0,10.0,100.0,30.58,4.01,-169.94,32.035,3.273,-169.623
290.0,10.0,90.0,40.31,4.38,-170.05,42.034,3.348,-169.746
290.0,-0.0,180.0,-47.18,-6.44,-168.46,-47.883,-7.329,-168.777
290.0,-0.0,170.0,-37.55,-6.79,-168.6,-37.884,-7.254,-168.9
290.0,-0.0,160.0,-27.85,-6.4,-168.65,-27.885,-7.178,-169.023
290.0,-0.0,150.0,-18.23,-6.77,-169.01,-17.886,-7.103,-169.146
290.0,-0.0,140.0,-8.48,-6.26,-168.98,-7.887,-7.027,-169.27
290.0,-0.0,130.0,1.16,-6.32,-169.42,2.112,-6.952,-169.393
290.0,-0.0,120.0,11.15,-6.25,-169.54,12.111,-6.877,-169.516
290.0,-0.0,110.0,20.87,-5.9,-169.98,22.11,-6.801,-169.639
290.0,-0.0,100.0,30.62,-6.01,-169.95,32.109,-6.726,-169.762
290.0,-0.0,90.0,40.36,-5.63,-170.11,42.108,-6.65,-169.886
290.0,-10.0,180.0,-47.15,-16.21,-168.61,-47.809,-17.328,-168.916
290.0,-10.0,170.0,-37.48,-16.63,-168.75,-37.81,-17.252,-169.039
290.0,-10.0,160.0,-27.72,-16.46,-168.76,-27.811,-17.177,-169.162
290.0,-10.0,150.0,-18.15,-16.15,-169.07,-17.812,-17.102,-169.286
290.0,-10.0,140.0,-8.37,-16.5,-169.07,-7.813,-17.026,-169.409
290.0,-10.0,130.0,1.22,-16.2,-169.45,2.186,-16.951,-169.532
290.0,-10.0,120.0,11.19,-15.81,-169.59,12.185,-16.875,-169.655
290.0,-10.0,110.0,20.93,-15.96,-170.06,22.184,-16.8,-169.778
290.0,-10.0,100.0,30.68,-15.67,-170.0,32.183,-16.725,-169.902
290.0,-10.0,90.0,40.39,-15.46,-170.18,42.182,-16.649,-170.025
290.0,-20.0,180.0,-47.24,-26.2,-168.77,-47.735,-27.326,-169.055
290.0,-20.0,170.0,-37.43,-26.56,-169.04,-37.736,-27.251,-169.178
290.0,-20.0,160.0,-27.65,-26.34,-168.86,-27.737,-27.176,-169.301
290.0,-20.0,150.0,-18.07,-26.12,-169.14,-17.738,-27.1,-169.425
290.0,-20.0,140.0,-8.26,-26.35,-169.15,-7.739,-27.025,-169.548
290.0,-20.0,130.0,1.28,-26.06,-169.48,2.259,-26.949,-169.671
290.0,-20.0,120.0,11.18,-25.76,-169.58,12.258,-26.874,-169.794
290.0,-20.0,110.0,21.07,-25.92,-170.16,22.257,-26.799,-169.918
290.0,-20.0,100.0,30.72,-25.58,-170.2,32.256,-26.723,-170.041
290.0,-20.0,90.0,40.44,-25.54,-170.27,42.255,-26.648,-170.164
290.0,-30.0,180.0,-47.34,-36.21,-168.81,-47.662,-37.325,-169.194
290.0,-30.0,170.0,-37.39,-36.44,-169.12,-37.663,-37.25,-169.317
290.0,-30.0,160.0,-27.41,-36.13,-169.15,-27.664,-37.174,-169.441
290.0,-30.0,150.0,-17.86,-35.87,-169.32,-17.665,-37.099,-169.564
290.0,-30.0,140.0,-8.05,-36.02,-169.3,-7.666,-37.024,-169.687
290.0,-30.0,130.0,1.56,-35.91,-169.62,2.333,-36.948,-169.81
290.0,-30.0,120.0,11.31,-35.61,-169.64,12.332,-36.873,-169.934
290.0,-30.0,110.0,21.21,-35.8,-170.22,22.331,-36.797,-170.057
290.0,-30.0,100.0,30.93,-35.42,-170.31,32.33,-36.722,-170.18
290.0,-30.0,90.0,40.57,-35.22,-170.34,42.329,-36.647,-170.303
290.0,-40.0,180.0,-47.38,-46.17,-169.0,-47.588,-47.324,-169.333
290.0,-40.0,170.0,-37.17,-46.36,-169.34,-37.589,-47.249,-169.457
290.0,-40.0,160.0,-27.31,-46.05,-169.24,-27.59,-47.173,-169.58
290.0,-40.0,150.0,-17.6,-45.76,-169.44,-17.591,-47.098,-169.703
290.0,-40.0,140.0,-7.88,-46.03,-169.37,-7.592,-47.022,-169.826
290.0,-40.0,130.0,1.84,-45.79,-169.67,2.407,-46.947,-169.949
290.0,-40.0,120.0,11.39,-45.77,-169.6,12.406,-46.872,-170.073
290.0,-40.0,110.0,21.29,-45.66,-170.1,22.405,-46.796,-170.196
290.0,-40.0,100.0,31.14,-45.26,-170.45,32.404,-46.721,-170.319
290.0,-40.0,90.0,40.72,-45.38,-170.41,42.403,-46.645,-170.442
280.0,50.0,180.0,-48.15,42.57,-178.36,-48.375,42.803,-178.079
280.0,50.0,170.0,-38.38,42.15,-178.49,-38.376,42.879,-178.202
280.0,50.0,160.0,-28.29,42.2,-178.73,-28.377,42.954,-178.325
280.0,50.0,150.0,-18.7,42.52,-178.92,-18.378,43.029,-178.449
280.0,50.0,140.0,-8.75,42.49,-178.89,-8.379,43.105,-178.572
280.0,50.0,130.0,0.93,42.59,-179.3,1.62,43.18,-178.695
280.0,50.0,120.0,10.69,43.09,-179.21,11.618,43.255,-178.818
280.0,50.0,110.0,20.58,42.8,-179.64,21.617,43.331,-178.942
280.0,50.0,100.0,30.4,43.19,-179.73,31.616,43.406,-179.065
280.0,50.0,90.0,40.14,43.39,-179.87,41.615,43.482,-179.188
280.0,40.0,180.0,-47.98,32.84,-178.28,-48.302,32.804,-178.218
280.0,40.0,170.0,-38.15,32.34,-178.46,-38.303,32.88,-178.341
280.0,40.0,160.0,-28.29,32.38,-178.56,-28.304,32.955,-178.465
280.0,40.0,150.0,-18.58,32.92,-178.9,-18.305,33.031,-178.588
280.0,40.0,140.0,-8.72,32.7,-178.84,-8.306,33.106,-178.711
280.0,40.0,130.0,0.91,33.02,-179.21,1.693,33.181,-178.834
280.0,40.0,120.0,10.81,33.22,-179.2,11.692,33.257,-178.957
280.0,40.0,110.0,20.57,33.38,-179.66,21.691,33.332,-179.081
280.0,40.0,100.0,30.34,33.55,-179.64,31.69,33.407,-179.204
280.0,40.0,90.0,40.09,33.8,-179.82,41.689,33.483,-179.327
280.0,30.0,180.0,-47.8,23.18,-178.25,-48.228,22.806,-178.357
280.0,30.0,170.0,-37.96,22.63,-178.35,-38.229,22.881,-178.481
280.0,30.0,160.0,-28.26,22.96,-178.48,-28.23,22.956,-178.604
280.0,30.0,150.0,-18.46,23.27,-178.87,-18.231,23.032,-178.727
280.0,30.0,140.0,-8.73,23.01,-178.79,-8.232,23.107,-178.85
280.0,30.0,130.0,1.01,23.43,-179.18,1.767,23.183,-178.973
280.0,30.0,120.0,10.84,23.56,-179.26,11.766,23.258,-179.097
280.0,30.0,110.0,20.56,23.72,-179.69,21.765,23.333,-179.22
280.0,30.0,100.0,30.33,23.93,-179.63,31.764,23.409,-179.343
280.0,30.0,90.0,40.13,23.94,-179.81,41.763,23.484,-179.466
280.0,20.0,180.0,-47.62,13.49,-178.25,-48.154,12.807,-178.497
280.0,20.0,170.0,-37.76,12.96,-178.43,-38.155,12.882,-178.62
280.0,20.0,160.0,-28.14,13.18,-178.46,-28.156,12.958,-178.743
280.0,20.0,150.0,-18.4,13.52,-178.86,-18.157,13.033,-178.866
280.0,20.0,140.0,-8.71,13.31,-178.83,-8.158,13.108,-178.989
280.0,20.0,130.0,1.09,13.83,-179.2,1.841,13.184,-179.113
280.0,20.0,120.0,10.86,13.69,-179.25,11.839,13.259,-179.236
280.0,20.0,110.0,20.58,14.07,-179.72,21.838,13.335,-179.359
280.0,20.0,100.0,30.42,14.23,-179.7,31.837,13.41,-179.482
280.0,20.0,90.0,40.21,14.4,-179.93,41.836,13.485,-179.605
280.0,10.0,180.0,-47.41,3.86,-178.35,-48.081,2.808,-178.636
280.0,10.0,170.0,-37.59,3.33,-178.43,-38.082,2.883,-178.759
280.0,10.0,160.0,-28.01,3.51,-178.5,-28.083,2.959,-178.882
280.0,10.0,150.0,-18.28,3.83,-178.89,-18.084,3.034,-179.005
280.0,10.0,140.0,-8.65,3.58,-178.86,-8.085,3.11,-179.129
280.0,10.0,130.0,1.17,3.91,-179.11,1.914,3.185,-179.252
280.0,10.0,120.0,10.82,4.1,-179.25,11.913,3.26,-179.375
280.0,10.0,110.0,20.66,4.3,-179.82,21.912,3.336,-179.498
280.0,10.0,100.0,30.5,4.51,-179.76,31.911,3.411,-179.621
280.0,10.0,90.0,40.27,4.71,-180.07,41.91,3.487,-179.745
280.0,-0.0,180.0,-47.26,-6.05,-178.48,-48.007,-7.191,-178.775
280.0,-0.0,170.0,-37.44,-6.27,-178.55,-38.008,-7.115,-178.898
280.0,-0.0,160.0,-27.87,-6.04,-178.62,-28.009,-7.04,-179.021
280.0,-0.0,150.0,-18.18,-6.34,-178.96,-18.01,-6.964,-179.145
280.0,-0.0,140.0,-8.56,-6.08,-178.92,-8.011,-6.889,-179.268
280.0,-0.0,130.0,1.27,-5.71,-179.2,1.988,-6.814,-179.391
280.0,-0.0,120.0,10.87,-5.93,-179.31,11.987,-6.738,-179.514
280.0,-0.0,110.0,20.73,-5.6,-179.88,21.986,-6.663,-179.637
280.0,-0.0,100.0,30.57,-5.41,-179.88,31.985,-6.588,-179.761
280.0,-0.0,90.0,40.3,-5.17,-180.29,41.984,-6.512,-179.884
280.0,-10.0,180.0,-47.24,-15.73,-178.69,-47.933,-17.189,-178.914
280.0,-10.0,170.0,-37.35,-16.16,-178.82,-37.934,-17.114,-179.037
280.0,-10.0,160.0,-27.73,-16.0,-178.77,-27.935,-17.039,-179.161
280.0,-10.0,150.0,-18.08,-15.74,-179.05,-17.936,-16.963,-179.284
280.0,-10.0,140.0,-8.47,-15.86,-178.99,-7.937,-16.888,-179.407
280.0,-10.0,130.0,1.35,-15.79,-179.35,2.062,-16.812,-179.53
280.0,-10.0,120.0,10.96,-15.45,-179.39,12.061,-16.737,-179.653
280.0,-10.0,110.0,20.79,-15.61,-179.98,22.059,-16.662,-179.777
280.0,-10.0,100.0,30.62,-15.25,-179.95,32.058,-16.586,-179.9
280.0,-10.0,90.0,40.37,-14.85,-180.34,42.057,-16.511,-180.023
280.0,-20.0,180.0,-47.27,-25.68,-178.84,-47.86,-27.188,-179.053
280.0,-20.0,170.0,-37.25,-26.02,-178.97,-37.861,-27.113,-179.177
280.0,-20.0,160.0,-27.65,-25.59,-178.88,-27.862,-27.037,-179.3
280.0,-20.0,150.0,-17.94,-25.95,-179.23,-17.863,-26.962,-179.423
280.0,-20.0,140.0,-8.37,-25.75,-179.1,-7.864,-26.887,-179.546
280.0,-20.0,130.0,1.42,-25.42,-179.44,2.135,-26.811,-179.669
280.0,-20.0,120.0,11.12,-25.58,-179.52,12.134,-26.736,-179.793
280.0,-20.0,110.0,20.84,-25.16,-180.0,22.133,-26.66,-179.916
280.0,-20.0,100.0,30.67,-25.3,-180.02,32.132,-26.585,-180.039
280.0,-20.0,90.0,40.4,-24.89,-180.48,42.131,-26.51,-180.162
280.0,-30.0,180.0,-47.29,-35.76,-178.97,-47.786,-37.187,-179.193
280.0,-30.0,170.0,-37.23,-35.95,-179.13,-37.787,-37.112,-179.316
280.0,-30.0,160.0,-27.5,-35.67,-179.09,-27.788,-37.036,-179.439
280.0,-30.0,150.0,-17.8,-35.41,-179.28,-17.789,-36.961,-179.562
280.0,-30.0,140.0,-8.14,-35.74,-179.2,-7.79,-36.885,-179.685
280.0,-30.0,130.0,1.51,-35.51,-179.53,2.209,-36.81,-179.809
280.0,-30.0,120.0,11.29,-35.5,-179.56,12.208,-36.735,-179.932
280.0,-30.0,110.0,20.94,-35.28,-180.04,22.207,-36.659,-180.055
280.0,-30.0,100.0,30.68,-35.02,-180.03,32.206,-36.584,-180.178
280.0,-30.0,90.0,40.44,-34.99,-180.54,42.205,-36.508,-180.301
280.0,-40.0,180.0,-47.23,-45.77,-179.08,-47.712,-47.186,-179.332
280.0,-40.0,170.0,-37.21,-45.94,-179.32,-37.713,-47.11,-179.455
280.0,-40.0,160.0,-27.28,-45.63,-179.29,-27.714,-47.035,-179.578
280.0,-40.0,150.0,-17.63,-45.29,-179.38,-17.715,-46.96,-179.701
280.0,-40.0,140.0,-7.87,-45.66,-179.33,-7.716,-46.884,-179.825
280.0,-40.0,130.0,1.6,-45.16,-179.54,2.283,-46.809,-179.948
280.0,-40.0,120.0,11.43,-45.56,-179.6,12.282,-46.733,-180.071
280.0,-40.0,110.0,21.12,-45.24,-180.04,22.28,-46.658,-180.194
280.0,-40.0,100.0,30.78,-45.14,-180.06,32.279,-46.583,-180.317
280.0,-40.0,90.0,40.45,-44.8,-180.49,42.278,-46.507,-180.441
270.0,50.0,180.0,-48.35,42.97,-188.33,-48.499,42.941,-188.077
270.0,50.0,170.0,-38.41,42.43,-188.38,-38.501,43.017,-188.201
270.0,50.0,160.0,-28.56,42.57,-188.85,-28.502,43.092,-188.324
270.0,50.0,150.0,-18.71,42.87,-188.92,-18.503,43.168,-188.447
270.0,50.0,140.0,-9.03,42.64,-188.75,-8.504,43.243,-188.57
270.0,50.0,130.0,0.78,42.98,-189.01,1.495,43.318,-188.693
270.0,50.0,120.0,10.59,43.11,-189.13,11.494,43.394,-188.817
270.0,50.0,110.0,20.24,43.27,-189.51,21.493,43.469,-188.94
270.0,50.0,100.0,30.01,43.68,-189.47,31.492,43.545,-189.063
270.0,50.0,90.0,39.86,43.5,-189.81,41.491,43.62,-189.186
270.0,40.0,180.0,-48.05,33.15,-188.27,-48.426,32.943,-188.217
270.0,40.0,170.0,-38.3,32.65,-188.31,-38.427,33.018,-188.34
270.0,40.0,160.0,-28.39,32.79,-188.78,-28.428,33.093,-188.463
270.0,40.0,150.0,-18.69,33.18,-188.79,-18.429,33.169,-188.586
270.0,40.0,140.0,-8.97,33.04,-188.71,-8.43,33.244,-188.709
270.0,40.0,130.0,0.9,33.36,-188.98,1.569,33.32,-188.833
270.0,40.0,120.0,10.47,33.31,-189.0,11.568,33.395,-188.956
270.0,40.0,110.0,20.26,33.64,-189.49,21.567,33.47,-189.079
270.0,40.0,100.0,30.15,33.86,-189.58,31.566,33.546,-189.202
270.0,40.0,90.0,39.95,33.82,-189.78,41.565,33.621,-189.325
270.0,30.0,180.0,-47.73,23.49,-188.26,-48.352,22.944,-188.356
270.0,30.0,170.0,-38.14,22.86,-188.22,-38.353,23.019,-188.479
270.0,30.0,160.0,-28.22,23.35,-188.72,-28.354,23.095,-188.602
270.0,30.0,150.0,-18.68,23.31,-188.61,-18.355,23.17,-188.725
270.0,30.0,140.0,-8.78,23.38,-188.75,-8.356,23.245,-188.849
270.0,30.0,130.0,0.85,23.52,-188.92,1.643,23.321,-188.972
270.0,30.0,120.0,10.53,23.72,-189.03,11.642,23.396,-189.095
270.0,30.0,110.0,20.39,23.99,-189.57,21.641,23.472,-189.218
270.0,30.0,100.0,30.24,23.96,-189.6,31.639,23.547,-189.341
270.0,30.0,90.0,39.96,24.33,-189.85,41.638,23.622,-189.465
270.0,20.0,180.0,-47.52,13.78,-188.25,-48.278,12.945,-188.495
270.0,20.0,170.0,-37.89,13.33,-188.26,-38.28,13.021,-188.618
270.0,20.0,160.0,-28.08,13.49,-188.68,-28.281,13.096,-188.741
270.0,20.0,150.0,-18.56,13.81,-188.56,-18.282,13.171,-188.865
270.0,20.0,140.0,-8.69,13.76,-188.78,-8.283,13.247,-188.988
270.0,20.0,130.0,0.8,13.87,-188.87,1.716,13.322,-189.111
270.0,20.0,120.0,10.61,14.28,-189.11,11.715,13.397,-189.234
270.0,20.0,110.0,20.51,14.08,-189.61,21.714,13.473,-189.357
270.0,20.0,100.0,30.26,14.45,-189.59,31.713,13.548,-189.481
270.0,20.0,90.0,39.91,14.66,-190.0,41.712,13.624,-189.604
270.0,10.0,180.0,-47.27,4.09,-188.33,-48.205,2.946,-188.634
270.0,10.0,170.0,-37.65,3.88,-188.31,-38.206,3.022,-188.757
270.0,10.0,160.0,-27.99,3.89,-188.66,-28.207,3.097,-188.88
270.0,10.0,150.0,-18.4,3.86,-188.69,-18.208,3.173,-189.004
270.0,10.0,140.0,-8.63,4.03,-188.8,-8.209,3.248,-189.127
270.0,10.0,130.0,0.88,4.16,-189.05,1.79,3.323,-189.25
270.0,10.0,120.0,10.68,4.55,-189.13,11.789,3.399,-189.373
270.0,10.0,110.0,20.58,4.46,-189.68,21.788,3.474,-189.497
270.0,10.0,100.0,30.23,4.73,-189.63,31.787,3.549,-189.62
270.0,10.0,90.0,39.95,4.94,-190.09,41.786,3.625,-189.743
270.0,-0.0,180.0,-47.17,-5.63,-188.45,-48.131,-7.052,-188.773
270.0,-0.0,170.0,-37.5,-6.12,-188.45,-38.132,-6.977,-188.896
270.0,-0.0,160.0,-27.9,-5.71,-188.74,-28.133,-6.902,-189.02
270.0,-0.0,150.0,-18.32,-5.87,-188.76,-18.134,-6.826,-189.143
270.0,-0.0,140.0,-8.58,-5.56,-188.86,-8.135,-6.751,-189.266
270.0,-0.0,130.0,0.95,-5.74,-189.03,1.864,-6.675,-189.389
270.0,-0.0,120.0,10.79,-5.5,-189.2,11.863,-6.6,-189.512
270.0,-0.0,110.0,20.61,-5.36,-189.75,21.862,-6.525,-189.636
270.0,-0.0,100.0,30.29,-5.13,-189.68,31.861,-6.449,-189.759
270.0,-0.0,90.0,39.99,-4.95,-190.13,41.859,-6.374,-189.882
270.0,-10.0,180.0,-47.13,-15.4,-188.61,-48.057,-17.051,-188.912
270.0,-10.0,170.0,-37.36,-15.82,-188.59,-38.059,-16.976,-189.036
270.0,-10.0,160.0,-27.72,-15.68,-188.86,-28.06,-16.9,-189.159
270.0,-10.0,150.0,-18.19,-15.43,-188.86,-18.061,-16.825,-189.282
270.0,-10.0,140.0,-8.41,-15.7,-188.92,-8.062,-16.75,-189.405
270.0,-10.0,130.0,1.01,-15.44,-189.07,1.937,-16.674,-189.528
270.0,-10.0,120.0,10.83,-15.38,-189.22,11.936,-16.599,-189.652
270.0,-10.0,110.0,20.69,-15.1,-189.79,21.935,-16.523,-189.775
270.0,-10.0,100.0,30.36,-14.98,-189.76,31.934,-16.448,-189.898
270.0,-10.0,90.0,40.05,-14.71,-190.23,41.933,-16.373,-190.021
270.0,-20.0,180.0,-47.18,-25.39,-188.74,-47.984,-27.05,-189.052
270.0,-20.0,170.0,-37.36,-25.64,-188.78,-37.985,-26.975,-189.175
270.0,-20.0,160.0,-27.54,-25.35,-189.06,-27.986,-26.899,-189.298
270.0,-20.0,150.0,-18.11,-25.46,-188.96,-17.987,-26.824,-189.421
270.0,-20.0,140.0,-8.3,-25.36,-189.02,-7.988,-26.748,-189.544
270.0,-20.0,130.0,1.12,-25.27,-189.14,2.011,-26.673,-189.668
270.0,-20.0,120.0,10.9,-25.23,-189.29,12.01,-26.598,-189.791
270.0,-20.0,110.0,20.74,-24.85,-189.83,22.009,-26.522,-189.914
270.0,-20.0,100.0,30.44,-25.01,-189.86,32.008,-26.447,-190.037
270.0,-20.0,90.0,40.1,-24.61,-190.29,42.007,-26.371,-190.16
270.0,-30.0,180.0,-47.14,-35.39,-188.94,-47.91,-37.049,-189.191
270.0,-30.0,170.0,-37.38,-35.55,-188.94,-37.911,-36.973,-189.314
270.0,-30.0,160.0,-27.42,-35.3,-189.23,-27.912,-36.898,-189.437
270.0,-30.0,150.0,-17.95,-35.21,-189.07,-17.913,-36.823,-189.56
270.0,-30.0,140.0,-8.19,-34.98,-189.04,-7.914,-36.747,-189.684
270.0,-30.0,130.0,1.37,-35.33,-189.3,2.085,-36.672,-189.807
270.0,-30.0,120.0,10.99,-35.11,-189.31,12.084,-36.596,-189.93
270.0,-30.0,110.0,20.8,-34.86,-189.83,22.083,-36.521,-190.053
270.0,-30.0,100.0,30.55,-34.92,-189.93,32.082,-36.446,-190.176
270.0,-30.0,90.0,40.23,-34.52,-190.4,42.08,-36.37,-190.3
270.0,-40.0,180.0,-47.28,-45.49,-189.04,-47.836,-47.047,-189.33
270.0,-40.0,170.0,-37.27,-45.65,-189.11,-37.837,-46.972,-189.453
270.0,-40.0,160.0,-27.29,-45.22,-189.42,-27.839,-46.897,-189.576
270.0,-40.0,150.0,-17.65,-44.97,-189.23,-17.84,-46.821,-189.7
270.0,-40.0,140.0,-8.06,-45.32,-189.12,-7.841,-46.746,-189.823
270.0,-40.0,130.0,1.66,-45.09,-189.42,2.158,-46.67,-189.946
270.0,-40.0,120.0,11.11,-44.94,-189.3,12.157,-46.595,-190.069
270.0,-40.0,110.0,20.81,-45.03,-189.81,22.156,-46.52,-190.192
270.0,-40.0,100.0,30.59,-44.83,-189.9,32.155,-46.444,-190.316
270.0,-40.0,90.0,40.31,-44.51,-190.42,42.154,-46.369,-190.439
260.0,50.0,180.0,-48.36,43.27,-198.24,-48.624,43.08,-198.076
260.0,50.0,170.0,-38.59,42.6,-198.28,-38.625,43.155,-198.199
260.0,50.0,160.0,-28.61,43.02,-198.81,-28.626,43.23,-198.322
260.0,50.0,150.0,-18.95,42.66,-198.7,-18.627,43.306,-198.445
260.0,50.0,140.0,-9.15,43.14,-198.78,-8.628,43.381,-198.568
260.0,50.0,130.0,0.55,43.01,-198.81,1.371,43.457,-198.692
260.0,50.0,120.0,10.23,43.55,-199.01,11.37,43.532,-198.815
260.0,50.0,110.0,20.02,43.33,-199.35,21.369,43.607,-198.938
260.0,50.0,100.0,29.82,43.7,-199.38,31.368,43.683,-199.061
260.0,50.0,90.0,39.56,43.85,-199.91,41.367,43.758,-199.184
260.0,40.0,180.0,-48.1,33.47,-198.23,-48.55,33.081,-198.215
260.0,40.0,170.0,-38.38,32.88,-198.2,-38.551,33.156,-198.338
260.0,40.0,160.0,-28.53,33.04,-198.64,-28.552,33.232,-198.461
260.0,40.0,150.0,-18.82,33.39,-198.57,-18.553,33.307,-198.584
260.0,40.0,140.0,-9.06,33.16,-198.67,-8.554,33.382,-198.708
260.0,40.0,130.0,0.54,33.5,-198.76,1.445,33.458,-198.831
260.0,40.0,120.0,10.36,33.67,-198.92,11.444,33.533,-198.954
260.0,40.0,110.0,20.09,33.88,-199.4,21.443,33.609,-199.077
260.0,40.0,100.0,29.84,34.06,-199.37,31.442,33.684,-199.2
260.0,40.0,90.0,39.57,34.17,-199.9,41.441,33.759,-199.324
260.0,30.0,180.0,-47.88,23.68,-198.17,-48.476,23.082,-198.354
260.0,30.0,170.0,-38.11,23.11,-198.15,-38.477,23.158,-198.477
260.0,30.0,160.0,-28.4,23.37,-198.56,-28.478,23.233,-198.6
260.0,30.0,150.0,-18.7,23.37,-198.44,-18.48,23.308,-198.724
260.0,30.0,140.0,-9.1,23.79,-198.6,-8.481,23.384,-198.847
260.0,30.0,130.0,0.68,23.58,-198.74,1.518,23.459,-198.97
260.0,30.0,120.0,10.46,23.88,-198.92,11.517,23.534,-199.093
260.0,30.0,110.0,20.08,24.06,-199.31,21.516,23.61,-199.216
260.0,30.0,100.0,29.85,24.29,-199.39,31.515,23.685,-199.34
260.0,30.0,90.0,39.51,24.43,-199.83,41.514,23.761,-199.463
260.0,20.0,180.0,-47.55,14.06,-198.2,-48.403,13.083,-198.493
260.0,20.0,170.0,-37.89,13.48,-198.15,-38.404,13.159,-198.616
260.0,20.0,160.0,-28.24,13.91,-198.58,-28.405,13.234,-198.74
260.0,20.0,150.0,-18.61,13.57,-198.42,-18.406,13.31,-198.863
260.0,20.0,140.0,-9.04,13.87,-198.56,-8.407,13.385,-198.986
260.0,20.0,130.0,0.77,14.04,-198.79,1.592,13.46,-199.109
260.0,20.0,120.0,10.4,14.25,-198.85,11.591,13.536,-199.232
260.0,20.0,110.0,20.07,14.49,-199.36,21.59,13.611,-199.356
260.0,20.0,100.0,29.84,14.45,-199.4,31.589,13.686,-199.479
260.0,20.0,90.0,39.54,14.77,-199.84,41.588,13.762,-199.602
260.0,10.0,180.0,-47.3,4.46,-198.27,-48.329,3.085,-198.632
260.0,10.0,170.0,-37.7,3.89,-198.2,-38.33,3.16,-198.756
260.0,10.0,160.0,-28.05,4.05,-198.59,-28.331,3.235,-198.879
260.0,10.0,150.0,-18.46,4.39,-198.55,-18.332,3.311,-199.002
260.0,10.0,140.0,-8.84,4.09,-198.7,-8.333,3.386,-199.125
260.0,10.0,130.0,0.87,4.44,-198.8,1.666,3.462,-199.248
260.0,10.0,120.0,10.49,4.57,-198.91,11.665,3.537,-199.372
260.0,10.0,110.0,20.15,4.82,-199.38,21.664,3.612,-199.495
260.0,10.0,100.0,29.94,4.82,-199.42,31.663,3.688,-199.618
260.0,10.0,90.0,39.69,5.14,-199.93,41.662,3.763,-199.741
260.0,-0.0,180.0,-47.12,-5.43,-198.39,-48.255,-6.914,-198.772
260.0,-0.0,170.0,-37.57,-5.83,-198.33,-38.256,-6.839,-198.895
260.0,-0.0,160.0,-27.87,-5.66,-198.67,-28.257,-6.763,-199.018
260.0,-0.0,150.0,-18.36,-5.42,-198.51,-18.259,-6.688,-199.141
260.0,-0.0,140.0,-8.73,-5.7,-198.83,-8.26,-6.613,-199.264
260.0,-0.0,130.0,0.94,-5.19,-198.83,1.739,-6.537,-199.388
260.0,-0.0,120.0,10.55,-5.24,-198.95,11.738,-6.462,-199.511
260.0,-0.0,110.0,20.22,-5.07,-199.44,21.737,-6.386,-199.634
260.0,-0.0,100.0,30.0,-4.88,-199.52,31.736,-6.311,-199.757
260.0,-0.0,90.0,39.74,-4.68,-199.95,41.735,-6.236,-199.88
260.0,-10.0,180.0,-47.1,-15.12,-198.57,-48.182,-16.913,-198.911
260.0,-10.0,170.0,-37.41,-15.58,-198.5,-38.183,-16.838,-199.034
260.0,-10.0,160.0,-27.69,-15.36,-198.78,-28.184,-16.762,-199.157
260.0,-10.0,150.0,-18.22,-15.1,-198.69,-18.185,-16.687,-199.28
260.0,-10.0,140.0,-8.63,-15.44,-198.94,-8.186,-16.611,-199.404
260.0,-10.0,130.0,1.06,-15.16,-198.9,1.813,-16.536,-199.527
260.0,-10.0,120.0,10.66,-15.02,-199.03,11.812,-16.461,-199.65
260.0,-10.0,110.0,20.3,-15.03,-199.51,21.811,-16.385,-199.773
260.0,-10.0,100.0,30.07,-14.71,-199.57,31.81,-16.31,-199.896
260.0,-10.0,90.0,39.78,-14.43,-200.04,41.809,-16.234,-200.02
260.0,-20.0,180.0,-47.11,-25.02,-198.75,-48.108,-26.912,-199.05
260.0,-20.0,170.0,-37.32,-25.33,-198.69,-38.109,-26.836,-199.173
260.0,-20.0,160.0,-27.58,-25.09,-198.96,-28.11,-26.761,-199.296
260.0,-20.0,150.0,-18.04,-24.86,-198.7,-18.111,-26.685,-199.42
260.0,-20.0,140.0,-8.5,-24.97,-198.87,-8.112,-26.61,-199.543
260.0,-20.0,130.0,1.18,-25.0,-199.01,1.887,-26.535,-199.666
260.0,-20.0,120.0,10.77,-24.7,-199.06,11.886,-26.459,-199.789
260.0,-20.0,110.0,20.42,-24.63,-199.55,21.885,-26.384,-199.912
260.0,-20.0,100.0,30.13,-24.52,-199.65,31.884,-26.309,-200.036
260.0,-20.0,90.0,39.8,-24.28,-200.08,41.883,-26.233,-200.159
260.0,-30.0,180.0,-47.21,-35.22,-198.93,-48.034,-36.91,-199.189
260.0,-30.0,170.0,-37.24,-35.13,-198.87,-38.035,-36.835,-199.312
260.0,-30.0,160.0,-27.53,-34.74,-199.08,-28.036,-36.76,-199.435
260.0,-30.0,150.0,-17.88,-35.08,-198.98,-18.037,-36.684,-199.559
260.0,-30.0,140.0,-8.36,-34.68,-199.0,-8.039,-36.609,-199.682
260.0,-30.0,130.0,1.3,-35.0,-199.05,1.96,-36.533,-199.805
260.0,-30.0,120.0,10.94,-34.75,-199.14,11.959,-36.458,-199.928
260.0,-30.0,110.0,20.55,-34.6,-199.6,21.958,-36.383,-200.052
260.0,-30.0,100.0,30.24,-34.47,-199.68,31.957,-36.307,-200.175
260.0,-30.0,90.0,39.83,-34.24,-200.14,41.956,-36.232,-200.298
260.0,-40.0,180.0,-47.21,-45.17,-199.01,-47.961,-46.909,-199.328
260.0,-40.0,170.0,-37.27,-45.29,-199.03,-37.962,-46.834,-199.451
260.0,-40.0,160.0,-27.35,-44.93,-199.23,-27.963,-46.758,-199.575
260.0,-40.0,150.0,-17.67,-44.92,-199.14,-17.964,-46.683,-199.698
260.0,-40.0,140.0,-8.08,-44.81,-199.14,-7.965,-46.608,-199.821
260.0,-40.0,130.0,1.41,-44.58,-199.06,2.034,-46.532,-199.944
260.0,-40.0,120.0,11.1,-44.87,-199.23,12.033,-46.457,-200.068
260.0,-40.0,110.0,20.74,-44.51,-199.64,22.032,-46.381,-200.191
260.0,-40.0,100.0,30.37,-44.65,-199.7,32.031,-46.306,-200.314
260.0,-40.0,90.0,40.0,-44.23,-200.2,42.03,-46.231,-200.437
250.0,50.0,180.0,-48.52,43.53,-208.13,-48.748,43.218,-208.074
250.0,50.0,170.0,-38.56,43.0,-208.29,-38.749,43.293,-208.197
250.0,50.0,160.0,-28.85,42.95,-208.58,-28.75,43.369,-208.32
250.0,50.0,150.0,-19.0,43.03,-208.51,-18.751,43.444,-208.443
250.0,50.0,140.0,-9.41,43.38,-208.77,-8.752,43.519,-208.567
250.0,50.0,130.0,0.33,43.18,-208.62,1.247,43.595,-208.69
250.0,50.0,120.0,10.15,43.52,-208.91,11.246,43.67,-208.813
250.0,50.0,110.0,19.75,43.82,-209.33,21.245,43.746,-208.936
250.0,50.0,100.0,29.46,43.81,-209.24,31.244,43.821,-209.06
250.0,50.0,90.0,39.16,44.06,-209.69,41.243,43.896,-209.183
250.0,40.0,180.0,-48.21,33.79,-208.16,-48.674,33.219,-208.213
250.0,40.0,170.0,-38.43,33.3,-208.18,-38.675,33.295,-208.336
250.0,40.0,160.0,-28.6,33.5,-208.55,-28.676,33.37,-208.459
250.0,40.0,150.0,-18.93,33.3,-208.44,-18.677,33.445,-208.583
250.0,40.0,140.0,-9.28,33.55,-208.67,-8.678,33.521,-208.706
250.0,40.0,130.0,0.48,33.75,-208.66,1.32,33.596,-208.829
250.0,40.0,120.0,10.12,33.89,-208.8,11.319,33.672,-208.952
250.0,40.0,110.0,19.74,34.09,-209.21,21.318,33.747,-209.076
250.0,40.0,100.0,29.49,34.28,-209.17,31.317,33.822,-209.199
250.0,40.0,90.0,39.24,34.28,-209.65,41.316,33.898,-209.322
250.0,30.0,180.0,-47.81,23.95,-208.33,-48.601,23.22,-208.352
250.0,30.0,170.0,-38.2,23.47,-208.03,-38.602,23.296,-208.475
250.0,30.0,160.0,-28.38,23.54,-208.48,-28.603,23.371,-208.599
250.0,30.0,150.0,-18.87,23.93,-208.3,-18.604,23.447,-208.722
250.0,30.0,140.0,-9.16,23.64,-208.6,-8.605,23.522,-208.845
250.0,30.0,130.0,0.54,23.96,-208.63,1.394,23.597,-208.968
250.0,30.0,120.0,10.08,24.11,-208.7,11.393,23.673,-209.091
250.0,30.0,110.0,19.85,24.33,-209.19,21.392,23.748,-209.215
250.0,30.0,100.0,29.53,24.5,-209.24,31.391,23.824,-209.338
250.0,30.0,90.0,39.36,24.62,-209.83,41.39,23.899,-209.461
250.0,20.0,180.0,-47.5,14.33,-208.27,-48.527,13.222,-208.491
250.0,20.0,170.0,-37.95,13.77,-208.05,-38.528,13.297,-208.615
250.0,20.0,160.0,-28.25,14.17,-208.49,-28.529,13.372,-208.738
250.0,20.0,150.0,-18.73,13.94,-208.22,-18.53,13.448,-208.861
250.0,20.0,140.0,-9.03,14.14,-208.61,-8.531,13.523,-208.984
250.0,20.0,130.0,0.52,14.27,-208.61,1.468,13.599,-209.107
250.0,20.0,120.0,10.18,14.48,-208.7,11.467,13.674,-209.231
250.0,20.0,110.0,19.95,14.62,-209.23,21.466,13.749,-209.354
250.0,20.0,100.0,29.66,14.83,-209.28,31.465,13.825,-209.477
250.0,20.0,90.0,39.39,15.05,-209.71,41.464,13.9,-209.6
250.0,10.0,180.0,-47.23,4.73,-208.33,-48.453,3.223,-208.631
250.0,10.0,170.0,-37.66,4.37,-208.09,-38.454,3.298,-208.754
250.0,10.0,160.0,-28.1,4.39,-208.45,-28.455,3.374,-208.877
250.0,10.0,150.0,-18.53,4.66,-208.26,-18.456,3.449,-209.0
250.0,10.0,140.0,-8.93,4.34,-208.61,-8.457,3.524,-209.123
250.0,10.0,130.0,0.58,4.68,-208.59,1.541,3.6,-209.247
250.0,10.0,120.0,10.27,4.8,-208.75,11.54,3.675,-209.37
250.0,10.0,110.0,20.01,4.96,-209.19,21.539,3.751,-209.493
250.0,10.0,100.0,29.75,5.14,-209.37,31.538,3.826,-209.616
250.0,10.0,90.0,39.41,5.37,-209.77,41.537,3.901,-209.739
250.0,-0.0,180.0,-47.07,-5.07,-208.46,-48.38,-6.776,-208.77
250.0,-0.0,170.0,-37.48,-5.57,-208.22,-38.381,-6.7,-208.893
250.0,-0.0,160.0,-27.96,-5.43,-208.48,-28.382,-6.625,-209.016
250.0,-0.0,150.0,-18.41,-5.15,-208.27,-18.383,-6.55,-209.139
250.0,-0.0,140.0,-8.81,-5.42,-208.63,-8.384,-6.474,-209.263
250.0,-0.0,130.0,0.72,-5.11,-208.64,1.615,-6.399,-209.386
250.0,-0.0,120.0,10.4,-5.01,-208.81,11.614,-6.324,-209.509
250.0,-0.0,110.0,20.1,-4.82,-209.13,21.613,-6.248,-209.632
250.0,-0.0,100.0,29.84,-4.64,-209.37,31.612,-6.173,-209.755
250.0,-0.0,90.0,39.49,-4.4,-209.83,41.611,-6.097,-209.879
250.0,-10.0,180.0,-46.98,-14.86,-208.68,-48.306,-16.775,-208.909
250.0,-10.0,170.0,-37.34,-15.23,-208.37,-38.307,-16.699,-209.032
250.0,-10.0,160.0,-27.77,-15.07,-208.58,-28.308,-16.624,-209.155
250.0,-10.0,150.0,-18.24,-14.96,-208.36,-18.309,-16.548,-209.279
250.0,-10.0,140.0,-8.63,-14.99,-208.72,-8.31,-16.473,-209.402
250.0,-10.0,130.0,0.82,-14.73,-208.66,1.689,-16.398,-209.525
250.0,-10.0,120.0,10.51,-14.9,-208.85,11.688,-16.322,-209.648
250.0,-10.0,110.0,20.18,-14.58,-209.29,21.687,-16.247,-209.771
250.0,-10.0,100.0,29.9,-14.41,-209.45,31.686,-16.172,-209.895
250.0,-10.0,90.0,39.57,-14.37,-209.94,41.685,-16.096,-210.018
250.0,-20.0,180.0,-46.98,-24.65,-208.82,-48.232,-26.773,-209.048
250.0,-20.0,170.0,-37.3,-25.01,-208.52,-38.233,-26.698,-209.171
250.0,-20.0,160.0,-27.55,-24.74,-208.78,-28.234,-26.623,-209.295
250.0,-20.0,150.0,-18.14,-24.93,-208.53,-18.235,-26.547,-209.418
250.0,-20.0,140.0,-8.52,-24.7,-208.77,-8.236,-26.472,-209.541
250.0,-20.0,130.0,0.95,-24.64,-208.74,1.763,-26.396,-209.664
250.0,-20.0,120.0,10.55,-24.54,-208.85,11.761,-26.321,-209.787
250.0,-20.0,110.0,20.27,-24.37,-209.34,21.76,-26.246,-209.911
250.0,-20.0,100.0,29.97,-24.18,-209.42,31.759,-26.17,-210.034
250.0,-20.0,90.0,39.64,-24.13,-210.02,41.758,-26.095,-210.157
250.0,-30.0,180.0,-47.06,-34.73,-208.97,-48.159,-36.772,-209.187
250.0,-30.0,170.0,-37.29,-35.02,-208.69,-38.16,-36.697,-209.311
250.0,-30.0,160.0,-27.42,-34.71,-208.95,-28.161,-36.621,-209.434
250.0,-30.0,150.0,-18.0,-34.42,-208.59,-18.162,-36.546,-209.557
250.0,-30.0,140.0,-8.35,-34.76,-208.89,-8.163,-36.471,-209.68
250.0,-30.0,130.0,1.19,-34.52,-208.81,1.836,-36.395,-209.803
250.0,-30.0,120.0,10.69,-34.62,-208.91,11.835,-36.32,-209.927
250.0,-30.0,110.0,20.33,-34.3,-209.37,21.834,-36.244,-210.05
250.0,-30.0,100.0,30.01,-34.35,-209.45,31.833,-36.169,-210.173
250.0,-30.0,90.0,39.73,-33.95,-210.08,41.832,-36.094,-210.296
250.0,-40.0,180.0,-47.21,-44.86,-209.06,-48.085,-46.771,-209.327
250.0,-40.0,170.0,-37.22,-44.94,-208.92,-38.086,-46.696,-209.45
250.0,-40.0,160.0,-27.3,-44.53,-209.09,-28.087,-46.62,-209.573
250.0,-40.0,150.0,-17.69,-44.54,-208.86,-18.088,-46.545,-209.696
250.0,-40.0,140.0,-8.19,-44.49,-208.96,-8.089,-46.469,-209.819
250.0,-40.0,130.0,1.44,-44.27,-208.86,1.91,-46.394,-209.943
250.0,-40.0,120.0,10.89,-44.54,-208.97,11.909,-46.319,-210.066
250.0,-40.0,110.0,20.42,-44.13,-209.36,21.908,-46.243,-210.189
250.0,-40.0,100.0,30.01,-44.34,-209.42,31.907,-46.168,-210.312
250.0,-40.0,90.0,39.69,-43.89,-209.99,41.906,-46.092,-210.435
240.0,50.0,180.0,-48.51,43.77,-218.19,-48.872,43.356,-218.072
240.0,50.0,170.0,-38.77,43.17,-218.11,-38.873,43.432,-218.195
240.0,50.0,160.0,-28.89,43.43,-218.5,-28.874,43.507,-218.319
240.0,50.0,150.0,-19.27,43.27,-218.31,-18.875,43.582,-218.442
240.0,50.0,140.0,-9.44,43.37,-218.76,-8.876,43.658,-218.565
240.0,50.0,130.0,0.13,43.53,-218.52,1.123,43.733,-218.688
240.0,50.0,120.0,9.76,43.64,-218.75,11.122,43.809,-218.811
240.0,50.0,110.0,19.51,43.84,-219.09,21.12,43.884,-218.935
240.0,50.0,100.0,29.19,43.9,-219.1,31.119,43.959,-219.058
240.0,50.0,90.0,38.9,44.23,-219.37,41.118,44.035,-219.181
240.0,40.0,180.0,-48.22,33.97,-218.2,-48.799,33.357,-218.211
240.0,40.0,170.0,-38.37,33.38,-218.1,-38.8,33.433,-218.335
240.0,40.0,160.0,-28.81,33.75,-218.4,-28.801,33.508,-218.458
240.0,40.0,150.0,-19.03,33.65,-218.26,-18.802,33.584,-218.581
240.0,40.0,140.0,-9.41,33.73,-218.54,-8.803,33.659,-218.704
240.0,40.0,130.0,0.16,33.82,-218.45,1.196,33.734,-218.827
240.0,40.0,120.0,9.92,34.04,-218.89,11.195,33.81,-218.951
240.0,40.0,110.0,19.65,34.23,-218.97,21.194,33.885,-219.074
240.0,40.0,100.0,29.3,34.43,-219.05,31.193,33.961,-219.197
240.0,40.0,90.0,38.96,34.58,-219.33,41.192,34.036,-219.32
240.0,30.0,180.0,-47.9,24.3,-218.18,-48.725,23.359,-218.351
240.0,30.0,170.0,-38.14,23.67,-218.03,-38.726,23.434,-218.474
240.0,30.0,160.0,-28.61,23.83,-218.28,-28.727,23.509,-218.597
240.0,30.0,150.0,-18.87,23.99,-218.23,-18.728,23.585,-218.72
240.0,30.0,140.0,-9.4,23.82,-218.38,-8.729,23.66,-218.843
240.0,30.0,130.0,0.36,24.39,-218.44,1.27,23.736,-218.967
240.0,30.0,120.0,10.03,24.21,-218.91,11.269,23.811,-219.09
240.0,30.0,110.0,19.6,24.57,-218.82,21.268,23.886,-219.213
240.0,30.0,100.0,29.3,24.71,-219.08,31.267,23.962,-219.336
240.0,30.0,90.0,38.95,24.93,-219.24,41.266,24.037,-219.459
240.0,20.0,180.0,-47.53,14.54,-218.14,-48.651,13.36,-218.49
240.0,20.0,170.0,-37.94,14.06,-217.96,-38.652,13.435,-218.613
240.0,20.0,160.0,-28.33,14.16,-218.25,-28.653,13.511,-218.736
240.0,20.0,150.0,-18.74,14.42,-218.16,-18.654,13.586,-218.859
240.0,20.0,140.0,-9.19,14.14,-218.4,-8.655,13.661,-218.983
240.0,20.0,130.0,0.48,14.56,-218.42,1.344,13.737,-219.106
240.0,20.0,120.0,10.09,14.54,-218.89,11.343,13.812,-219.229
240.0,20.0,110.0,19.66,14.81,-218.82,21.341,13.888,-219.352
240.0,20.0,100.0,29.33,15.05,-219.0,31.34,13.963,-219.475
240.0,20.0,90.0,39.0,15.08,-219.25,41.339,14.038,-219.599
240.0,10.0,180.0,-47.21,4.87,-218.22,-48.578,3.361,-218.629
240.0,10.0,170.0,-37.74,4.41,-217.99,-38.579,3.437,-218.752
240.0,10.0,160.0,-28.09,4.57,-218.31,-28.58,3.512,-218.875
240.0,10.0,150.0,-18.62,4.84,-218.15,-18.581,3.587,-218.999
240.0,10.0,140.0,-9.06,4.59,-218.42,-8.582,3.663,-219.122
240.0,10.0,130.0,0.61,5.01,-218.49,1.417,3.738,-219.245
240.0,10.0,120.0,10.1,4.86,-218.83,11.416,3.813,-219.368
240.0,10.0,110.0,19.74,5.19,-218.8,21.415,3.889,-219.491
240.0,10.0,100.0,29.38,5.37,-219.03,31.414,3.964,-219.615
240.0,10.0,90.0,39.08,5.63,-219.35,41.413,4.04,-219.738
240.0,-0.0,180.0,-47.02,-4.81,-218.33,-48.504,-6.638,-218.768
240.0,-0.0,170.0,-37.51,-5.27,-218.1,-38.505,-6.562,-218.891
240.0,-0.0,160.0,-27.89,-5.1,-218.35,-28.506,-6.487,-219.014
240.0,-0.0,150.0,-18.42,-5.12,-218.17,-18.507,-6.411,-219.138
240.0,-0.0,140.0,-8.93,-5.07,-218.46,-8.508,-6.336,-219.261
240.0,-0.0,130.0,0.75,-4.79,-218.5,1.491,-6.261,-219.384
240.0,-0.0,120.0,10.19,-4.93,-218.85,11.49,-6.185,-219.507
240.0,-0.0,110.0,19.83,-4.63,-218.87,21.489,-6.11,-219.631
240.0,-0.0,100.0,29.47,-4.6,-219.05,31.488,-6.034,-219.754
240.0,-0.0,90.0,39.2,-4.25,-219.43,41.487,-5.959,-219.877
240.0,-10.0,180.0,-46.93,-14.71,-218.37,-48.43,-16.636,-218.907
240.0,-10.0,170.0,-37.33,-15.02,-218.23,-38.431,-16.561,-219.03
240.0,-10.0,160.0,-27.68,-14.86,-218.46,-28.432,-16.486,-219.154
240.0,-10.0,150.0,-18.25,-14.66,-218.2,-18.433,-16.41,-219.277
240.0,-10.0,140.0,-8.75,-14.88,-218.53,-8.434,-16.335,-219.4
240.0,-10.0,130.0,0.88,-14.57,-218.55,1.565,-16.259,-219.523
240.0,-10.0,120.0,10.35,-14.66,-218.9,11.564,-16.184,-219.646
240.0,-10.0,110.0,19.97,-14.49,-218.86,21.563,-16.109,-219.77
240.0,-10.0,100.0,29.55,-14.14,-219.1,31.561,-16.033,-219.893
240.0,-10.0,90.0,39.27,-14.19,-219.42,41.56,-15.958,-220.016
240.0,-20.0,180.0,-47.01,-24.39,-218.63,-48.357,-26.635,-219.046
240.0,-20.0,170.0,-37.21,-24.78,-218.47,-38.358,-26.56,-219.17
240.0,-20.0,160.0,-27.59,-24.36,-218.58,-28.359,-26.484,-219.293
240.0,-20.0,150.0,-18.04,-24.63,-218.38,-18.36,-26.409,-219.416
240.0,-20.0,140.0,-8.64,-24.46,-218.52,-8.361,-26.334,-219.539
240.0,-20.0,130.0,0.96,-24.35,-218.52,1.638,-26.258,-219.662
240.0,-20.0,120.0,10.53,-24.26,-219.01,11.637,-26.183,-219.786
240.0,-20.0,110.0,20.03,-24.16,-218.88,21.636,-26.107,-219.909
240.0,-20.0,100.0,29.68,-23.99,-219.11,31.635,-26.032,-220.032
240.0,-20.0,90.0,39.32,-23.76,-219.45,41.634,-25.957,-220.155
240.0,-30.0,180.0,-47.1,-34.45,-218.75,-48.283,-36.634,-219.186
240.0,-30.0,170.0,-37.13,-34.77,-218.71,-38.284,-36.558,-219.309
240.0,-30.0,160.0,-27.48,-34.47,-218.72,-28.285,-36.483,-219.432
240.0,-30.0,150.0,-17.84,-34.22,-218.54,-18.286,-36.408,-219.555
240.0,-30.0,140.0,-8.48,-34.48,-218.65,-8.287,-36.332,-219.678
240.0,-30.0,130.0,1.09,-34.11,-218.58,1.712,-36.257,-219.802
240.0,-30.0,120.0,10.75,-34.31,-219.06,11.711,-36.182,-219.925
240.0,-30.0,110.0,20.22,-34.09,-218.93,21.71,-36.106,-220.048
240.0,-30.0,100.0,29.81,-34.13,-219.21,31.709,-36.031,-220.171
240.0,-30.0,90.0,39.38,-33.77,-219.43,41.708,-35.955,-220.294
240.0,-40.0,180.0,-47.12,-44.55,-218.78,-48.209,-46.633,-219.325
240.0,-40.0,170.0,-37.07,-44.66,-218.86,-38.21,-46.557,-219.448
240.0,-40.0,160.0,-27.38,-44.24,-218.88,-28.211,-46.482,-219.571
240.0,-40.0,150.0,-17.7,-44.3,-218.63,-18.212,-46.406,-219.694
240.0,-40.0,140.0,-8.16,-43.96,-218.75,-8.213,-46.331,-219.818
240.0,-40.0,130.0,1.22,-44.19,-218.62,1.786,-46.256,-219.941
240.0,-40.0,120.0,10.82,-44.05,-219.0,11.785,-46.18,-220.064
240.0,-40.0,110.0,20.44,-43.99,-219.07,21.784,-46.105,-220.187
240.0,-40.0,100.0,29.93,-43.85,-219.18,31.782,-46.03,-220.31
240.0,-40.0,90.0,39.55,-43.82,-219.48,41.781,-45.954,-220.434
230.0,50.0,180.0,-48.64,43.99,-228.09,-48.996,43.494,-228.07
230.0,50.0,170.0,-38.82,43.28,-228.04,-38.998,43.57,-228.194
230.0,50.0,160.0,-29.08,43.35,-228.45,-28.999,43.645,-228.317
230.0,50.0,150.0,-19.36,43.41,-228.25,-19.0,43.721,-228.44
230.0,50.0,140.0,-9.73,43.37,-228.55,-9.001,43.796,-228.563
230.0,50.0,130.0,-0.09,43.75,-228.51,0.998,43.871,-228.686
230.0,50.0,120.0,9.65,43.56,-228.84,10.997,43.947,-228.81
230.0,50.0,110.0,19.27,43.97,-228.79,20.996,44.022,-228.933
230.0,50.0,100.0,28.97,43.91,-229.28,30.995,44.098,-229.056
230.0,50.0,90.0,38.57,44.26,-229.24,40.994,44.173,-229.179
230.0,40.0,180.0,-48.24,34.1,-227.99,-48.923,33.496,-228.21
230.0,40.0,170.0,-38.62,33.52,-227.91,-38.924,33.571,-228.333
230.0,40.0,160.0,-28.85,33.55,-228.27,-28.925,33.646,-228.456
230.0,40.0,150.0,-19.29,33.69,-228.12,-18.926,33.722,-228.579
230.0,40.0,140.0,-9.59,33.93,-228.49,-8.927,33.797,-228.702
230.0,40.0,130.0,0.1,33.67,-228.31,1.072,33.873,-228.826
230.0,40.0,120.0,9.62,33.98,-228.72,11.071,33.948,-228.949
230.0,40.0,110.0,19.3,34.23,-228.76,21.07,34.023,-229.072
230.0,40.0,100.0,28.9,34.2,-229.07,31.069,34.099,-229.195
230.0,40.0,90.0,38.58,34.66,-229.12,41.068,34.174,-229.318
230.0,30.0,180.0,-47.91,24.44,-227.88,-48.849,23.497,-228.349
230.0,30.0,170.0,-38.24,23.82,-227.9,-38.85,23.572,-228.472
230.0,30.0,160.0,-28.69,24.17,-228.17,-28.851,23.648,-228.595
230.0,30.0,150.0,-19.07,23.86,-227.96,-18.852,23.723,-228.718
230.0,30.0,140.0,-9.37,24.32,-228.42,-8.853,23.798,-228.842
230.0,30.0,130.0,0.06,24.14,-228.26,1.146,23.874,-228.965
230.0,30.0,120.0,9.7,24.5,-228.68,11.145,23.949,-229.088
230.0,30.0,110.0,19.4,24.61,-228.65,21.144,24.025,-229.211
230.0,30.0,100.0,29.02,24.85,-229.09,31.143,24.1,-229.334
230.0,30.0,90.0,38.69,24.85,-229.07,41.141,24.175,-229.458
230.0,20.0,180.0,-47.57,14.78,-227.88,-48.775,13.498,-228.488
230.0,20.0,170.0,-37.87,14.23,-227.9,-38.776,13.574,-228.611
230.0,20.0,160.0,-28.44,14.28,-228.07,-28.778,13.649,-228.734
230.0,20.0,150.0,-18.84,14.32,-227.98,-18.779,13.724,-228.858
230.0,20.0,140.0,-9.26,14.42,-228.26,-8.78,13.8,-228.981
230.0,20.0,130.0,0.2,14.62,-228.14,1.219,13.875,-229.104
230.0,20.0,120.0,9.86,14.76,-228.66,11.218,13.951,-229.227
230.0,20.0,110.0,19.52,14.94,-228.61,21.217,14.026,-229.35
230.0,20.0,100.0,29.13,14.96,-229.1,31.216,14.101,-229.474
230.0,20.0,90.0,38.82,15.34,-229.08,41.215,14.177,-229.597
230.0,10.0,180.0,-47.28,5.06,-227.9,-48.702,3.499,-228.627
230.0,10.0,170.0,-37.58,4.57,-227.92,-38.703,3.575,-228.75
230.0,10.0,160.0,-28.19,4.74,-228.07,-28.704,3.65,-228.874
230.0,10.0,150.0,-18.63,4.68,-227.94,-18.705,3.726,-228.997
230.0,10.0,140.0,-9.16,4.82,-228.2,-8.706,3.801,-229.12
230.0,10.0,130.0,0.37,4.89,-228.11,1.293,3.876,-229.243
230.0,10.0,120.0,10.04,5.13,-228.69,11.292,3.952,-229.366
230.0,10.0,110.0,19.61,5.26,-228.56,21.291,4.027,-229.49
230.0,10.0,100.0,29.24,5.5,-229.09,31.29,4.103,-229.613
230.0,10.0,90.0,38.88,5.49,-229.11,41.289,4.178,-229.736
230.0,-0.0,180.0,-47.08,-4.65,-228.01,-48.628,-6.499,-228.766
230.0,-0.0,170.0,-37.38,-5.1,-227.99,-38.629,-6.424,-228.89
230.0,-0.0,160.0,-27.96,-5.0,-228.11,-28.63,-6.349,-229.013
230.0,-0.0,150.0,-18.44,-4.93,-227.97,-18.631,-6.273,-229.136
230.0,-0.0,140.0,-9.07,-4.84,-228.2,-8.632,-6.198,-229.259
230.0,-0.0,130.0,0.55,-4.76,-228.18,1.367,-6.122,-229.382
230.0,-0.0,120.0,10.14,-4.57,-228.68,11.366,-6.047,-229.506
230.0,-0.0,110.0,19.7,-4.46,-228.58,21.365,-5.972,-229.629
230.0,-0.0,100.0,29.33,-4.25,-229.1,31.364,-5.896,-229.752
230.0,-0.0,90.0,38.93,-4.23,-229.1,41.363,-5.821,-229.875
230.0,-10.0,180.0,-46.95,-14.33,-228.15,-48.554,-16.498,-228.906
230.0,-10.0,170.0,-37.22,-14.78,-228.15,-38.555,-16.423,-229.029
230.0,-10.0,160.0,-27.81,-14.59,-228.24,-28.557,-16.347,-229.152
230.0,-10.0,150.0,-18.24,-14.62,-228.04,-18.558,-16.272,-229.275
230.0,-10.0,140.0,-8.81,-14.55,-228.24,-8.559,-16.197,-229.398
230.0,-10.0,130.0,0.65,-14.46,-228.16,1.44,-16.121,-229.522
230.0,-10.0,120.0,10.28,-14.31,-228.72,11.439,-16.046,-229.645
230.0,-10.0,110.0,19.81,-14.16,-228.6,21.438,-15.97,-229.768
230.0,-10.0,100.0,29.38,-13.95,-229.12,31.437,-15.895,-229.891
230.0,-10.0,90.0,38.98,-13.98,-229.15,41.436,-15.82,-230.014
230.0,-20.0,180.0,-46.9,-24.17,-228.29,-48.481,-26.497,-229.045
230.0,-20.0,170.0,-37.07,-24.52,-228.29,-38.482,-26.421,-229.168
230.0,-20.0,160.0,-27.63,-24.3,-228.33,-28.483,-26.346,-229.291
230.0,-20.0,150.0,-18.03,-24.32,-228.12,-18.484,-26.271,-229.414
230.0,-20.0,140.0,-8.62,-24.18,-228.33,-8.485,-26.195,-229.538
230.0,-20.0,130.0,0.75,-24.31,-228.21,1.514,-26.12,-229.661
230.0,-20.0,120.0,10.3,-24.02,-228.69,11.513,-26.045,-229.784
230.0,-20.0,110.0,19.92,-24.09,-228.67,21.512,-25.969,-229.907
230.0,-20.0,100.0,29.47,-23.7,-229.11,31.511,-25.894,-230.03
230.0,-20.0,90.0,39.08,-23.74,-229.12,41.51,-25.818,-230.154
230.0,-30.0,180.0,-46.89,-34.23,-228.47,-48.407,-36.496,-229.184
230.0,-30.0,170.0,-37.06,-34.46,-228.46,-38.408,-36.42,-229.307
230.0,-30.0,160.0,-27.46,-34.15,-228.49,-28.409,-36.345,-229.43
230.0,-30.0,150.0,-17.97,-34.18,-228.21,-18.41,-36.269,-229.554
230.0,-30.0,140.0,-8.38,-34.04,-228.49,-8.411,-36.194,-229.677
230.0,-30.0,130.0,0.99,-33.94,-228.26,1.588,-36.119,-229.8
230.0,-30.0,120.0,10.42,-33.93,-228.68,11.587,-36.043,-229.923
230.0,-30.0,110.0,20.02,-33.85,-228.66,21.586,-35.968,-230.046
230.0,-30.0,100.0,29.51,-33.63,-229.11,31.585,-35.893,-230.17
230.0,-30.0,90.0,39.13,-33.7,-229.14,41.584,-35.817,-230.293
230.0,-40.0,180.0,-46.93,-44.28,-228.62,-48.333,-46.494,-229.323
230.0,-40.0,170.0,-37.12,-44.4,-228.58,-38.334,-46.419,-229.446
230.0,-40.0,160.0,-27.25,-44.11,-228.72,-28.335,-46.344,-229.569
230.0,-40.0,150.0,-17.76,-43.95,-228.39,-18.337,-46.268,-229.693
230.0,-40.0,140.0,-8.19,-43.79,-228.58,-8.338,-46.193,-229.816
230.0,-40.0,130.0,1.25,-43.78,-228.39,1.661,-46.117,-229.939
230.0,-40.0,120.0,10.6,-43.73,-228.71,11.66,-46.042,-230.062
230.0,-40.0,110.0,20.14,-43.62,-228.75,21.659,-45.967,-230.186
230.0,-40.0,100.0,29.62,-43.47,-229.03,31.658,-45.891,-230.309
230.0,-40.0,90.0,39.16,-43.41,-229.08,41.657,-45.816,-230.432
220.0,50.0,180.0,-48.7,44.14,-237.91,-49.121,43.633,-238.069
220.0,50.0,170.0,-38.98,43.46,-237.87,-39.122,43.708,-238.192
220.0,50.0,160.0,-29.22,43.48,-238.26,-29.123,43.783,-238.315
220.0,50.0,150.0,-19.61,43.6,-238.13,-19.124,43.859,-238.438
220.0,50.0,140.0,-9.88,43.52,-238.4,-9.125,43.934,-238.562
220.0,50.0,130.0,-0.3,43.69,-238.32,0.874,44.01,-238.685
220.0,50.0,120.0,9.25,44.01,-238.66,10.873,44.085,-238.808
220.0,50.0,110.0,18.91,43.89,-238.51,20.872,44.16,-238.931
220.0,50.0,100.0,28.56,44.14,-239.12,30.871,44.236,-239.054
220.0,50.0,90.0,38.19,44.35,-239.15,40.87,44.311,-239.178
220.0,40.0,180.0,-48.3,34.31,-237.87,-49.047,33.634,-238.208
220.0,40.0,170.0,-38.64,33.69,-237.8,-39.048,33.709,-238.331
220.0,40.0,160.0,-29.04,34.03,-238.21,-29.049,33.785,-238.454
220.0,40.0,150.0,-19.31,33.6,-237.89,-19.05,33.86,-238.577
220.0,40.0,140.0,-9.81,33.83,-238.22,-9.051,33.936,-238.701
220.0,40.0,130.0,-0.17,34.01,-238.19,0.948,34.011,-238.824
220.0,40.0,120.0,9.43,34.15,-238.6,10.947,34.086,-238.947
220.0,40.0,110.0,19.06,34.3,-238.51,20.946,34.162,-239.07
220.0,40.0,100.0,28.76,34.46,-239.08,30.945,34.237,-239.194
220.0,40.0,90.0,38.31,34.5,-238.9,40.944,34.312,-239.317
220.0,30.0,180.0,-47.89,24.57,-237.8,-48.973,23.635,-238.347
220.0,30.0,170.0,-38.35,24.21,-237.7,-38.974,23.711,-238.47
220.0,30.0,160.0,-28.67,24.06,-238.06,-28.975,23.786,-238.593
220.0,30.0,150.0,-19.24,24.25,-237.97,-18.976,23.861,-238.717
220.0,30.0,140.0,-9.63,24.1,-238.16,-8.978,23.937,-238.84
220.0,30.0,130.0,-0.04,24.19,-238.05,1.021,24.012,-238.963
220.0,30.0,120.0,9.5,24.52,-238.53,11.02,24.088,-239.086
220.0,30.0,110.0,19.15,24.5,-238.43,21.019,24.163,-239.21
220.0,30.0,100.0,28.73,24.84,-238.93,31.018,24.238,-239.333
220.0,30.0,90.0,38.32,25.11,-238.9,41.017,24.314,-239.456
220.0,20.0,180.0,-47.5,14.98,-237.78,-48.9,13.636,-238.486
220.0,20.0,170.0,-38.03,14.36,-237.66,-38.901,13.712,-238.609
220.0,20.0,160.0,-28.38,14.53,-238.06,-28.902,13.787,-238.733
220.0,20.0,150.0,-19.02,14.59,-237.76,-18.903,13.863,-238.856
220.0,20.0,140.0,-9.37,14.62,-238.19,-8.904,13.938,-238.979
220.0,20.0,130.0,0.08,14.87,-238.03,1.095,14.013,-239.102
220.0,20.0,120.0,9.63,14.74,-238.38,11.094,14.089,-239.225
220.0,20.0,110.0,19.2,15.13,-238.42,21.093,14.164,-239.349
220.0,20.0,100.0,28.78,15.21,-238.77,31.092,14.24,-239.472
220.0,20.0,90.0,38.39,15.27,-238.75,41.091,14.315,-239.595
220.0,10.0,180.0,-47.2,5.29,-237.83,-48.826,3.638,-238.625
220.0,10.0,170.0,-37.73,4.78,-237.74,-38.827,3.713,-238.749
220.0,10.0,160.0,-28.2,4.91,-237.95,-28.828,3.788,-238.872
220.0,10.0,150.0,-18.73,4.85,-237.81,-18.829,3.864,-238.995
220.0,10.0,140.0,-9.15,5.0,-238.06,-8.83,3.939,-239.118
220.0,10.0,130.0,0.22,5.02,-238.01,1.169,4.015,-239.241
220.0,10.0,120.0,9.66,5.29,-238.31,11.168,4.09,-239.365
220.0,10.0,110.0,19.3,5.24,-238.35,21.167,4.165,-239.488
220.0,10.0,100.0,28.83,5.58,-238.66,31.166,4.241,-239.611
220.0,10.0,90.0,38.43,5.61,-238.74,41.165,4.316,-239.734
220.0,-0.0,180.0,-46.99,-4.4,-237.88,-48.752,-6.361,-238.765
220.0,-0.0,170.0,-37.43,-4.94,-237.81,-38.753,-6.286,-238.888
220.0,-0.0,160.0,-27.95,-4.75,-238.01,-28.754,-6.21,-239.011
220.0,-0.0,150.0,-18.54,-4.78,-237.8,-18.755,-6.135,-239.134
220.0,-0.0,140.0,-9.01,-4.69,-238.1,-8.757,-6.06,-239.257
220.0,-0.0,130.0,0.36,-4.62,-237.91,1.242,-5.984,-239.381
220.0,-0.0,120.0,9.83,-4.37,-238.34,11.241,-5.909,-239.504
220.0,-0.0,110.0,19.46,-4.26,-238.35,21.24,-5.833,-239.627
220.0,-0.0,100.0,28.98,-4.08,-238.76,31.239,-5.758,-239.75
220.0,-0.0,90.0,38.54,-4.09,-238.77,41.238,-5.683,-239.873
220.0,-10.0,180.0,-46.76,-14.1,-238.01,-48.679,-16.36,-238.904
220.0,-10.0,170.0,-37.22,-14.56,-237.89,-38.68,-16.284,-239.027
220.0,-10.0,160.0,-27.7,-14.14,-238.07,-28.681,-16.209,-239.15
220.0,-10.0,150.0,-18.35,-14.44,-237.92,-18.682,-16.134,-239.273
220.0,-10.0,140.0,-8.8,-14.23,-238.13,-8.683,-16.058,-239.397
220.0,-10.0,130.0,0.55,-14.21,-237.91,1.316,-15.983,-239.52
220.0,-10.0,120.0,9.97,-14.07,-238.34,11.315,-15.908,-239.643
220.0,-10.0,110.0,19.58,-13.98,-238.37,21.314,-15.832,-239.766
220.0,-10.0,100.0,29.05,-13.76,-238.72,31.313,-15.757,-239.889
220.0,-10.0,90.0,38.63,-13.75,-238.74,41.312,-15.681,-240.013
220.0,-20.0,180.0,-46.7,-23.97,-238.2,-48.605,-26.359,-239.043
220.0,-20.0,170.0,-37.07,-24.24,-238.1,-38.606,-26.283,-239.166
220.0,-20.0,160.0,-27.45,-24.04,-238.27,-28.607,-26.208,-239.289
220.0,-20.0,150.0,-18.17,-24.09,-237.95,-18.608,-26.132,-239.413
220.0,-20.0,140.0,-8.63,-23.95,-238.2,-8.609,-26.057,-239.536
220.0,-20.0,130.0,0.75,-23.93,-238.0,1.39,-25.982,-239.659
220.0,-20.0,120.0,10.18,-23.78,-238.38,11.389,-25.906,-239.782
220.0,-20.0,110.0,19.71,-23.7,-238.42,21.388,-25.831,-239.905
220.0,-20.0,100.0,29.17,-23.5,-238.7,31.387,-25.755,-240.029
220.0,-20.0,90.0,38.72,-23.52,-238.76,41.386,-25.68,-240.152
220.0,-30.0,180.0,-46.8,-33.87,-238.36,-48.531,-36.357,-239.182
220.0,-30.0,170.0,-37.04,-34.17,-238.24,-38.532,-36.282,-239.305
220.0,-30.0,160.0,-27.34,-33.59,-238.4,-28.533,-36.207,-239.429
220.0,-30.0,150.0,-17.85,-33.96,-238.03,-18.534,-36.131,-239.552
220.0,-30.0,140.0,-8.43,-33.74,-238.25,-8.536,-36.056,-239.675
220.0,-30.0,130.0,0.9,-33.66,-238.03,1.463,-35.98,-239.798
220.0,-30.0,120.0,10.42,-33.57,-238.45,11.462,-35.905,-239.921
220.0,-30.0,110.0,19.89,-33.49,-238.39,21.461,-35.83,-240.045
220.0,-30.0,100.0,29.31,-33.54,-238.89,31.46,-35.754,-240.168
220.0,-30.0,90.0,38.84,-33.23,-238.82,41.459,-35.679,-240.291
220.0,-40.0,180.0,-46.87,-43.94,-238.53,-48.458,-46.356,-239.321
220.0,-40.0,170.0,-36.95,-44.12,-238.46,-38.459,-46.281,-239.445
220.0,-40.0,160.0,-27.24,-43.66,-238.53,-28.46,-46.205,-239.568
220.0,-40.0,150.0,-17.69,-43.71,-238.23,-18.461,-46.13,-239.691
220.0,-40.0,140.0,-8.31,-43.38,-238.25,-8.462,-46.055,-239.814
220.0,-40.0,130.0,1.17,-43.69,-238.17,1.537,-45.979,-239.937
220.0,-40.0,120.0,10.62,-43.26,-238.44,11.536,-45.904,-240.061
220.0,-40.0,110.0,19.99,-43.62,-238.42,21.535,-45.828,-240.184
220.0,-40.0,100.0,29.57,-43.25,-238.88,31.534,-45.753,-240.307
220.0,-40.0,90.0,38.92,-43.35,-238.86,41.533,-45.678,-240.43
210.0,50.0,180.0,-48.73,44.33,-247.77,-49.245,43.771,-248.067
210.0,50.0,170.0,-39.01,43.64,-247.73,-39.246,43.846,-248.19
210.0,50.0,160.0,-29.38,43.7,-248.13,-29.247,43.922,-248.313
210.0,50.0,150.0,-19.69,43.64,-248.14,-19.248,43.997,-248.437
210.0,50.0,140.0,-10.17,43.64,-248.14,-9.249,44.073,-248.56
210.0,50.0,130.0,-0.49,43.81,-248.17,0.75,44.148,-248.683
210.0,50.0,120.0,9.09,43.81,-248.57,10.749,44.223,-248.806
210.0,50.0,110.0,18.63,44.09,-248.4,20.748,44.299,-248.929
210.0,50.0,100.0,28.3,44.08,-248.72,30.747,44.374,-249.053
210.0,50.0,90.0,37.92,44.4,-248.99,40.746,44.449,-249.176
210.0,40.0,180.0,-48.34,34.53,-247.7,-49.171,33.772,-248.206
210.0,40.0,170.0,-38.66,33.91,-247.69,-39.172,33.848,-248.329
210.0,40.0,160.0,-29.05,33.96,-248.01,-29.173,33.923,-248.453
210.0,40.0,150.0,-19.53,34.02,-247.93,-19.174,33.998,-248.576
210.0,40.0,140.0,-9.91,33.86,-248.03,-9.175,34.074,-248.699
210.0,40.0,130.0,-0.35,34.11,-248.02,0.824,34.149,-248.822
210.0,40.0,120.0,9.11,34.24,-248.29,10.822,34.225,-248.945
210.0,40.0,110.0,18.67,34.53,-248.26,20.821,34.3,-249.069
210.0,40.0,100.0,28.33,34.45,-248.71,30.82,34.375,-249.192
210.0,40.0,90.0,37.91,34.86,-248.78,40.819,34.451,-249.315
210.0,30.0,180.0,-47.99,24.77,-247.66,-49.098,23.773,-248.345
210.0,30.0,170.0,-38.35,24.21,-247.6,-39.099,23.849,-248.469
210.0,30.0,160.0,-28.89,24.28,-247.85,-29.1,23.924,-248.592
210.0,30.0,150.0,-19.28,24.19,-247.86,-19.101,24.0,-248.715
210.0,30.0,140.0,-9.78,24.37,-247.85,-9.102,24.075,-248.838
210.0,30.0,130.0,-0.28,24.48,-247.87,0.897,24.15,-248.961
210.0,30.0,120.0,9.26,24.62,-248.26,10.896,24.226,-249.085
210.0,30.0,110.0,18.87,24.64,-248.22,20.895,24.301,-249.208
210.0,30.0,100.0,28.52,24.92,-248.54,30.894,24.377,-249.331
210.0,30.0,90.0,38.0,25.18,-248.68,40.893,24.452,-249.454
210.0,20.0,180.0,-47.5,15.12,-247.66,-49.024,13.775,-248.485
210.0,20.0,170.0,-38.07,14.59,-247.6,-39.025,13.85,-248.608
210.0,20.0,160.0,-28.52,14.63,-247.82,-29.026,13.925,-248.731
210.0,20.0,150.0,-19.05,14.94,-247.83,-19.027,14.001,-248.854
210.0,20.0,140.0,-9.69,14.55,-247.8,-9.028,14.076,-248.977
210.0,20.0,130.0,-0.08,14.93,-247.79,0.971,14.152,-249.101
210.0,20.0,120.0,9.45,14.86,-248.18,10.97,14.227,-249.224
210.0,20.0,110.0,19.0,15.11,-248.15,20.969,14.302,-249.347
210.0,20.0,100.0,28.59,15.42,-248.55,30.968,14.378,-249.47
210.0,20.0,90.0,38.11,15.42,-248.57,40.967,14.453,-249.593
210.0,10.0,180.0,-47.17,5.39,-247.7,-48.95,3.776,-248.624
210.0,10.0,170.0,-37.75,4.9,-247.57,-38.951,3.851,-248.747
210.0,10.0,160.0,-28.21,5.08,-247.72,-28.952,3.927,-248.87
210.0,10.0,150.0,-18.86,4.92,-247.66,-18.953,4.002,-248.993
210.0,10.0,140.0,-9.35,5.1,-247.75,-8.954,4.077,-249.117
210.0,10.0,130.0,0.11,5.19,-247.73,1.045,4.153,-249.24
210.0,10.0,120.0,9.65,5.47,-248.12,11.043,4.228,-249.363
210.0,10.0,110.0,19.15,5.42,-248.12,21.042,4.304,-249.486
210.0,10.0,100.0,28.73,5.74,-248.49,31.041,4.379,-249.609
210.0,10.0,90.0,38.22,5.79,-248.55,41.04,4.454,-249.733
210.0,-0.0,180.0,-46.76,-4.25,-247.79,-48.877,-6.223,-248.763
210.0,-0.0,170.0,-37.37,-4.71,-247.67,-38.878,-6.147,-248.886
210.0,-0.0,160.0,-27.85,-4.56,-247.86,-28.879,-6.072,-249.009
210.0,-0.0,150.0,-18.57,-4.33,-247.69,-18.88,-5.997,-249.133
210.0,-0.0,140.0,-9.1,-4.65,-247.77,-8.881,-5.921,-249.256
210.0,-0.0,130.0,0.34,-4.3,-247.71,1.118,-5.846,-249.379
210.0,-0.0,120.0,9.78,-4.39,-248.0,11.117,-5.77,-249.502
210.0,-0.0,110.0,19.25,-4.07,-248.08,21.116,-5.695,-249.625
210.0,-0.0,100.0,28.8,-4.09,-248.52,31.115,-5.62,-249.749
210.0,-0.0,90.0,38.28,-3.68,-248.52,41.114,-5.544,-249.872
210.0,-10.0,180.0,-46.61,-13.88,-247.9,-48.803,-16.222,-248.902
210.0,-10.0,170.0,-37.17,-14.21,-247.82,-38.804,-16.146,-249.025
210.0,-10.0,160.0,-27.67,-14.09,-247.93,-28.805,-16.071,-249.148
210.0,-10.0,150.0,-18.3,-14.08,-247.71,-18.806,-15.995,-249.272
210.0,-10.0,140.0,-8.92,-14.05,-247.74,-8.807,-15.92,-249.395
210.0,-10.0,130.0,0.51,-13.98,-247.72,1.192,-15.845,-249.518
210.0,-10.0,120.0,9.93,-13.84,-248.08,11.191,-15.769,-249.641
210.0,-10.0,110.0,19.47,-13.64,-248.15,21.19,-15.694,-249.765
210.0,-10.0,100.0,28.91,-13.76,-248.38,31.189,-15.618,-249.888
210.0,-10.0,90.0,38.41,-13.35,-248.5,41.188,-15.543,-250.011
210.0,-20.0,180.0,-46.46,-23.67,-248.07,-48.729,-26.22,-249.041
210.0,-20.0,170.0,-37.05,-24.02,-248.05,-38.73,-26.145,-249.164
210.0,-20.0,160.0,-27.44,-23.75,-247.96,-28.731,-26.07,-249.288
210.0,-20.0,150.0,-18.02,-23.81,-247.87,-18.732,-25.994,-249.411
210.0,-20.0,140.0,-8.78,-23.75,-247.86,-8.733,-25.919,-249.534
210.0,-20.0,130.0,0.76,-23.64,-247.73,1.266,-25.843,-249.657
210.0,-20.0,120.0,10.14,-23.58,-248.11,11.264,-25.768,-249.781
210.0,-20.0,110.0,19.58,-23.45,-248.13,21.263,-25.693,-249.904
210.0,-20.0,100.0,29.07,-23.54,-248.47,31.262,-25.617,-250.027
210.0,-20.0,90.0,38.5,-23.26,-248.47,41.261,-25.542,-250.15
210.0,-30.0,180.0,-46.58,-33.57,-248.22,-48.656,-36.219,-249.18
210.0,-30.0,170.0,-36.89,-33.86,-248.07,-38.657,-36.144,-249.304
210.0,-30.0,160.0,-27.34,-33.5,-248.14,-28.658,-36.068,-249.427
210.0,-30.0,150.0,-17.86,-33.43,-248.03,-18.659,-35.993,-249.55
210.0,-30.0,140.0,-8.48,-33.47,-247.95,-8.66,-35.918,-249.673
210.0,-30.0,130.0,0.88,-33.25,-247.77,1.339,-35.842,-249.796
210.0,-30.0,120.0,10.3,-33.42,-248.12,11.338,-35.767,-249.92
210.0,-30.0,110.0,19.73,-33.18,-248.01,21.337,-35.691,-250.043
210.0,-30.0,100.0,29.14,-33.27,-248.52,31.336,-35.616,-250.166
210.0,-30.0,90.0,38.59,-32.96,-248.51,41.335,-35.541,-250.289
210.0,-40.0,180.0,-46.65,-43.7,-248.35,-48.582,-46.218,-249.32
210.0,-40.0,170.0,-36.86,-43.82,-248.28,-38.583,-46.142,-249.443
210.0,-40.0,160.0,-27.19,-43.48,-248.37,-28.584,-46.067,-249.566
210.0,-40.0,150.0,-17.64,-43.18,-248.07,-18.585,-45.992,-249.689
210.0,-40.0,140.0,-8.24,-43.53,-248.15,-8.586,-45.916,-249.812
210.0,-40.0,130.0,1.11,-43.26,-247.91,1.413,-45.841,-249.936
210.0,-40.0,120.0,10.43,-43.19,-248.12,11.412,-45.766,-250.059
210.0,-40.0,110.0,19.82,-43.15,-248.02,21.411,-45.69,-250.182
210.0,-40.0,100.0,29.33,-43.22,-248.37,31.41,-45.615,-250.305
210.0,-40.0,90.0,38.7,-42.9,-248.5,41.409,-45.539,-250.428
