300.0,50.0,180.0,-47.99,42.04,-158.29,-49.836,44.331,-156.334
300.0,50.0,170.0,-37.99,41.48,-158.7,-39.838,44.455,-156.519
300.0,50.0,160.0,-28.0,41.73,-158.75,-29.841,44.578,-156.703
300.0,50.0,150.0,-18.33,42.14,-159.07,-19.843,44.702,-156.888
300.0,50.0,140.0,-8.37,41.92,-159.02,-9.846,44.825,-157.072
300.0,50.0,130.0,1.26,42.28,-159.28,0.152,44.949,-157.257
300.0,50.0,120.0,11.23,42.7,-159.47,10.15,45.072,-157.441
300.0,50.0,110.0,21.05,42.56,-159.61,20.147,45.196,-157.626
300.0,50.0,100.0,30.83,42.74,-160.06,30.145,45.319,-157.811
300.0,50.0,90.0,40.66,43.18,-160.08,40.142,45.443,-157.995
300.0,40.0,180.0,-47.78,32.24,-158.32,-49.715,34.333,-156.471
300.0,40.0,170.0,-37.93,31.78,-158.69,-39.717,34.456,-156.656
300.0,40.0,160.0,-28.02,32.06,-158.66,-29.72,34.58,-156.84
300.0,40.0,150.0,-18.25,32.44,-159.06,-19.722,34.703,-157.025
300.0,40.0,140.0,-8.38,32.24,-159.05,-9.724,34.827,-157.209
300.0,40.0,130.0,1.3,32.58,-159.31,0.273,34.95,-157.394
300.0,40.0,120.0,11.24,32.93,-159.49,10.271,35.074,-157.578
300.0,40.0,110.0,20.96,32.78,-159.62,20.268,35.198,-157.763
300.0,40.0,100.0,30.81,33.08,-160.09,30.266,35.321,-157.948
300.0,40.0,90.0,40.71,33.29,-160.1,40.263,35.445,-158.132
300.0,30.0,180.0,-47.62,22.54,-158.31,-49.594,24.334,-156.608
300.0,30.0,170.0,-37.76,22.0,-158.64,-39.596,24.458,-156.793
300.0,30.0,160.0,-28.06,22.55,-158.59,-29.598,24.581,-156.977
300.0,30.0,150.0,-18.16,22.44,-159.01,-19.601,24.705,-157.162
300.0,30.0,140.0,-8.5,22.66,-158.92,-9.603,24.829,-157.346
300.0,30.0,130.0,1.36,23.04,-159.42,0.394,24.952,-157.531
300.0,30.0,120.0,11.24,22.86,-159.42,10.392,25.076,-157.715
300.0,30.0,110.0,20.97,23.19,-159.66,20.389,25.199,-157.9
300.0,30.0,100.0,30.87,23.58,-160.14,30.387,25.323,-158.085
300.0,30.0,90.0,40.73,23.63,-160.13,40.384,25.446,-158.269
300.0,20.0,180.0,-47.5,12.64,-158.28,-49.473,14.336,-156.745
300.0,20.0,170.0,-37.64,12.31,-158.64,-39.475,14.46,-156.93
300.0,20.0,160.0,-27.99,12.62,-158.58,-29.477,14.583,-157.114
300.0,20.0,150.0,-18.1,12.64,-159.02,-19.48,14.707,-157.299
300.0,20.0,140.0,-8.51,12.81,-158.95,-9.482,14.83,-157.483
300.0,20.0,130.0,1.44,13.19,-159.46,0.515,14.954,-157.668
300.0,20.0,120.0,11.18,13.03,-159.47,10.513,15.077,-157.852
300.0,20.0,110.0,21.04,13.53,-159.77,20.51,15.201,-158.037
300.0,20.0,100.0,30.95,13.41,-160.17,30.508,15.324,-158.222
300.0,20.0,90.0,40.72,13.9,-160.18,40.505,15.448,-158.406
300.0,10.0,180.0,-47.33,3.06,-158.39,-49.351,4.338,-156.882
300.0,10.0,170.0,-37.53,2.58,-158.67,-39.354,4.461,-157.067
300.0,10.0,160.0,-27.88,3.13,-158.64,-29.356,4.585,-157.251
300.0,10.0,150.0,-18.08,2.85,-159.09,-19.359,4.708,-157.436
300.0,10.0,140.0,-8.41,3.07,-159.03,-9.361,4.832,-157.62
300.0,10.0,130.0,1.46,3.45,-159.49,0.636,4.955,-157.805
300.0,10.0,120.0,11.19,3.25,-159.52,10.634,5.079,-157.99
300.0,10.0,110.0,21.13,3.62,-159.83,20.631,5.203,-158.174
300.0,10.0,100.0,30.96,4.01,-160.24,30.629,5.326,-158.359
300.0,10.0,90.0,40.77,3.84,-160.26,40.626,5.45,-158.543
300.0,-0.0,180.0,-47.25,-6.69,-158.51,-49.23,-5.661,-157.019
300.0,-0.0,170.0,-37.44,-7.17,-158.81,-39.233,-5.537,-157.204
300.0,-0.0,160.0,-27.79,-7.04,-158.71,-29.235,-5.414,-157.388
300.0,-0.0,150.0,-18.01,-6.72,-159.18,-19.238,-5.29,-157.573
300.0,-0.0,140.0,-8.38,-6.83,-159.03,-9.24,-5.166,-157.757
300.0,-0.0,130.0,1.52,-6.68,-159.59,0.757,-5.043,-157.942
300.0,-0.0,120.0,11.22,-6.27,-159.59,10.755,-4.919,-158.127
300.0,-0.0,110.0,21.2,-6.47,-159.9,20.752,-4.796,-158.311
300.0,-0.0,100.0,31.01,-6.09,-160.3,30.75,-4.672,-158.496
300.0,-0.0,90.0,40.78,-5.72,-160.3,40.747,-4.549,-158.68
300.0,-10.0,180.0,-47.2,-16.5,-158.69,-49.109,-15.659,-157.156
300.0,-10.0,170.0,-37.32,-16.69,-158.95,-39.112,-15.535,-157.341
300.0,-10.0,160.0,-27.73,-16.44,-158.8,-29.114,-15.412,-157.525
300.0,-10.0,150.0,-17.94,-16.83,-159.24,-19.117,-15.288,-157.71
300.0,-10.0,140.0,-8.29,-16.63,-159.16,-9.119,-15.165,-157.894
300.0,-10.0,130.0,1.59,-16.65,-159.63,0.878,-15.041,-158.079
300.0,-10.0,120.0,11.29,-16.3,-159.71,10.876,-14.918,-158.264
300.0,-10.0,110.0,21.23,-16.14,-159.96,20.873,-14.794,-158.448
300.0,-10.0,100.0,31.05,-15.82,-160.37,30.871,-14.671,-158.633
300.0,-10.0,90.0,40.81,-15.81,-160.41,40.868,-14.547,-158.817
300.0,-20.0,180.0,-47.26,-26.51,-158.8,-48.988,-25.657,-157.293
300.0,-20.0,170.0,-37.24,-26.82,-159.16,-38.991,-25.534,-157.478
300.0,-20.0,160.0,-27.64,-26.58,-158.95,-28.993,-25.41,-157.662
300.0,-20.0,150.0,-17.83,-26.58,-159.32,-18.996,-25.287,-157.847
300.0,-20.0,140.0,-8.25,-26.28,-159.14,-8.998,-25.163,-158.031
300.0,-20.0,130.0,1.67,-26.36,-159.69,0.999,-25.04,-158.216
300.0,-20.0,120.0,11.4,-26.31,-159.73,10.997,-24.916,-158.401
300.0,-20.0,110.0,21.23,-25.89,-159.97,20.994,-24.792,-158.585
300.0,-20.0,100.0,31.13,-26.05,-160.49,30.992,-24.669,-158.77
300.0,-20.0,90.0,40.85,-25.68,-160.5,40.989,-24.545,-158.954
300.0,-30.0,180.0,-47.2,-36.51,-158.98,-48.867,-35.656,-157.43
300.0,-30.0,170.0,-37.18,-36.74,-159.34,-38.87,-35.532,-157.615
300.0,-30.0,160.0,-27.46,-36.51,-159.07,-28.872,-35.409,-157.799
300.0,-30.0,150.0,-17.68,-36.25,-159.4,-18.875,-35.285,-157.984
300.0,-30.0,140.0,-8.05,-36.42,-159.28,-8.877,-35.161,-158.168
300.0,-30.0,130.0,1.73,-36.35,-159.72,1.12,-35.038,-158.353
300.0,-30.0,120.0,11.57,-36.05,-159.75,11.118,-34.914,-158.538
300.0,-30.0,110.0,21.3,-36.21,-160.05,21.115,-34.791,-158.722
300.0,-30.0,100.0,31.15,-35.86,-160.51,31.113,-34.667,-158.907
300.0,-30.0,90.0,40.94,-35.43,-160.51,41.11,-34.544,-159.091
300.0,-40.0,180.0,-47.19,-46.63,-159.0,-48.746,-45.654,-157.567
300.0,-40.0,170.0,-37.12,-46.7,-159.46,-38.749,-45.53,-157.752
300.0,-40.0,160.0,-27.21,-46.52,-159.28,-28.751,-45.407,-157.936
300.0,-40.0,150.0,-17.51,-46.13,-159.49,-18.754,-45.283,-158.121
300.0,-40.0,140.0,-7.75,-46.52,-159.46,-8.756,-45.16,-158.305
300.0,-40.0,130.0,1.86,-46.31,-159.76,1.241,-45.036,-158.49
300.0,-40.0,120.0,11.73,-46.01,-159.82,11.239,-44.913,-158.675
300.0,-40.0,110.0,21.41,-46.21,-160.1,21.236,-44.789,-158.859
300.0,-40.0,100.0,31.16,-45.87,-160.49,31.234,-44.666,-159.044
300.0,-40.0,90.0,40.97,-45.46,-160.52,41.232,-44.542,-159.228
290.0,50.0,180.0,-48.17,42.19,-168.39,-50.022,44.466,-166.331
290.0,50.0,170.0,-38.17,41.57,-168.67,-40.024,44.589,-166.516
290.0,50.0,160.0,-28.3,42.15,-168.79,-30.027,44.713,-166.701
290.0,50.0,150.0,-18.49,41.83,-168.99,-20.029,44.836,-166.885
290.0,50.0,140.0,-8.77,42.5,-169.01,-10.032,44.96,-167.07
290.0,50.0,130.0,1.15,42.25,-169.39,-0.034,45.084,-167.254
290.0,50.0,120.0,10.85,42.57,-169.34,9.963,45.207,-167.439
290.0,50.0,110.0,20.61,42.77,-169.48,19.961,45.331,-167.623
290.0,50.0,100.0,30.58,42.85,-170.07,29.958,45.454,-167.808
290.0,50.0,90.0,40.42,43.09,-170.04,39.956,45.578,-167.993
290.0,40.0,180.0,-48.09,32.46,-168.3,-49.901,34.467,-166.468
290.0,40.0,170.0,-38.09,31.9,-168.55,-39.903,34.591,-166.653
290.0,40.0,160.0,-28.23,32.19,-168.65,-29.906,34.715,-166.838
290.0,40.0,150.0,-18.47,32.51,-169.0,-19.908,34.838,-167.022
290.0,40.0,140.0,-8.68,32.34,-168.95,-9.911,34.962,-167.207
290.0,40.0,130.0,1.12,32.68,-169.34,0.087,35.085,-167.391
290.0,40.0,120.0,10.77,33.13,-169.33,10.084,35.209,-167.576
290.0,40.0,110.0,20.73,33.01,-169.57,20.082,35.332,-167.76
290.0,40.0,100.0,30.64,33.21,-170.06,30.079,35.456,-167.945
290.0,40.0,90.0,40.32,33.34,-169.99,40.077,35.579,-168.13
290.0,30.0,180.0,-47.81,22.7,-168.27,-49.78,24.469,-166.605
290.0,30.0,170.0,-38.02,22.23,-168.43,-39.782,24.593,-166.79
290.0,30.0,160.0,-28.14,22.77,-168.6,-29.785,24.716,-166.975
290.0,30.0,150.0,-18.48,22.48,-168.88,-19.787,24.84,-167.159
290.0,30.0,140.0,-8.62,22.69,-168.93,-9.79,24.963,-167.344
290.0,30.0,130.0,1.09,22.98,-169.33,0.208,25.087,-167.528
290.0,30.0,120.0,10.88,23.41,-169.37,10.205,25.21,-167.713
290.0,30.0,110.0,20.82,23.21,-169.69,20.203,25.334,-167.897
290.0,30.0,100.0,30.56,23.55,-170.01,30.2,25.458,-168.082
290.0,30.0,90.0,40.3,23.68,-169.98,40.198,25.581,-168.267
290.0,20.0,180.0,-47.53,12.96,-168.28,-49.659,14.471,-166.742
290.0,20.0,170.0,-37.87,12.52,-168.43,-39.661,14.594,-166.927
290.0,20.0,160.0,-28.08,12.77,-168.55,-29.664,14.718,-167.112
290.0,20.0,150.0,-18.39,13.12,-168.94,-19.666,14.841,-167.296
290.0,20.0,140.0,-8.55,12.92,-168.91,-9.669,14.965,-167.481
290.0,20.0,130.0,1.05,13.25,-169.32,0.329,15.089,-167.665
290.0,20.0,120.0,10.98,13.66,-169.39,10.326,15.212,-167.85
290.0,20.0,110.0,20.89,13.45,-169.88,20.324,15.336,-168.034
290.0,20.0,100.0,30.53,13.81,-169.89,30.322,15.459,-168.219
290.0,20.0,90.0,40.3,13.97,-169.98,40.319,15.583,-168.404
290.0,10.0,180.0,-47.34,3.3,-168.33,-49.538,4.472,-166.879
290.0,10.0,170.0,-37.69,2.83,-168.5,-39.54,4.596,-167.064
290.0,10.0,160.0,-27.94,3.05,-168.59,-29.543,4.72,-167.249
290.0,10.0,150.0,-18.33,3.41,-168.96,-19.545,4.843,-167.433
290.0,10.0,140.0,-8.51,3.14,-168.95,-9.548,4.967,-167.618
290.0,10.0,130.0,1.11,3.47,-169.36,0.45,5.09,-167.802
290.0,10.0,120.0,11.07,3.8,-169.47,10.447,5.214,-167.987
290.0,10.0,110.0,20.85,3.7,-169.9,20.445,5.337,-168.171
290.0,10.0,100.0,30.58,4.01,-169.94,30.443,5.461,-168.356
290.0,10.0,90.0,40.31,4.38,-170.05,40.44,5.584,-168.541
290.0,-0.0,180.0,-47.18,-6.44,-168.46,-49.417,-5.526,-167.016
290.0,-0.0,170.0,-37.55,-6.79,-168.6,-39.419,-5.402,-167.201
290.0,-0.0,160.0,-27.85,-6.4,-168.65,-29.422,-5.279,-167.386
290.0,-0.0,150.0,-18.23,-6.77,-169.01,-19.424,-5.155,-167.57
290.0,-0.0,140.0,-8.48,-6.26,-168.98,-9.427,-5.032,-167.755
290.0,-0.0,130.0,1.16,-6.32,-169.42,0.571,-4.908,-167.939
290.0,-0.0,120.0,11.15,-6.25,-169.54,10.569,-4.785,-168.124
290.0,-0.0,110.0,20.87,-5.9,-169.98,20.566,-4.661,-168.308
290.0,-0.0,100.0,30.62,-6.01,-169.95,30.564,-4.537,-168.493
290.0,-0.0,90.0,40.36,-5.63,-170.11,40.561,-4.414,-168.678
290.0,-10.0,180.0,-47.15,-16.21,-168.61,-49.296,-15.524,-167.153
290.0,-10.0,170.0,-37.48,-16.63,-168.75,-39.298,-15.401,-167.338
290.0,-10.0,160.0,-27.72,-16.46,-168.76,-29.301,-15.277,-167.523
290.0,-10.0,150.0,-18.15,-16.15,-169.07,-19.303,-15.154,-167.707
290.0,-10.0,140.0,-8.37,-16.5,-169.07,-9.306,-15.03,-167.892
290.0,-10.0,130.0,1.22,-16.2,-169.45,0.692,-14.906,-168.076
290.0,-10.0,120.0,11.19,-15.81,-169.59,10.69,-14.783,-168.261
290.0,-10.0,110.0,20.93,-15.96,-170.06,20.687,-14.659,-168.445
290.0,-10.0,100.0,30.68,-15.67,-170.0,30.685,-14.536,-168.63
290.0,-10.0,90.0,40.39,-15.46,-170.18,40.682,-14.412,-168.815
290.0,-20.0,180.0,-47.24,-26.2,-168.77,-49.175,-25.523,-167.29
290.0,-20.0,170.0,-37.43,-26.56,-169.04,-39.177,-25.399,-167.475
290.0,-20.0,160.0,-27.65,-26.34,-168.86,-29.18,-25.275,-167.66
290.0,-20.0,150.0,-18.07,-26.12,-169.14,-19.182,-25.152,-167.844
290.0,-20.0,140.0,-8.26,-26.35,-169.15,-9.184,-25.028,-168.029
290.0,-20.0,130.0,1.28,-26.06,-169.48,0.813,-24.905,-168.213
290.0,-20.0,120.0,11.18,-25.76,-169.58,10.811,-24.781,-168.398
290.0,-20.0,110.0,21.07,-25.92,-170.16,20.808,-24.658,-168.582
290.0,-20.0,100.0,30.72,-25.58,-170.2,30.806,-24.534,-168.767
290.0,-20.0,90.0,40.44,-25.54,-170.27,40.803,-24.411,-168.952
290.0,-30.0,180.0,-47.34,-36.21,-168.81,-49.054,-35.521,-167.427
290.0,-30.0,170.0,-37.39,-36.44,-169.12,-39.056,-35.397,-167.612
290.0,-30.0,160.0,-27.41,-36.13,-169.15,-29.059,-35.274,-167.797
290.0,-30.0,150.0,-17.86,-35.87,-169.32,-19.061,-35.15,-167.981
290.0,-30.0,140.0,-8.05,-36.02,-169.3,-9.063,-35.027,-168.166
290.0,-30.0,130.0,1.56,-35.91,-169.62,0.934,-34.903,-168.35
290.0,-30.0,120.0,11.31,-35.61,-169.64,10.932,-34.78,-168.535
290.0,-30.0,110.0,21.21,-35.8,-170.22,20.929,-34.656,-168.719
290.0,-30.0,100.0,30.93,-35.42,-170.31,30.927,-34.532,-168.904
290.0,-30.0,90.0,40.57,-35.22,-170.34,40.924,-34.409,-169.089
290.0,-40.0,180.0,-47.38,-46.17,-169.0,-48.933,-45.519,-167.564
290.0,-40.0,170.0,-37.17,-46.36,-169.34,-38.935,-45.396,-167.749
290.0,-40.0,160.0,-27.31,-46.05,-169.24,-28.937,-45.272,-167.934
290.0,-40.0,150.0,-17.6,-45.76,-169.44,-18.94,-45.149,-168.118
290.0,-40.0,140.0,-7.88,-46.03,-169.37,-8.942,-45.025,-168.303
290.0,-40.0,130.0,1.84,-45.79,-169.67,1.055,-44.901,-168.487
290.0,-40.0,120.0,11.39,-45.77,-169.6,11.053,-44.778,-168.672
290.0,-40.0,110.0,21.29,-45.66,-170.1,21.05,-44.654,-168.857
290.0,-40.0,100.0,31.14,-45.26,-170.45,31.048,-44.531,-169.041
290.0,-40.0,90.0,40.72,-45.38,-170.41,41.045,-44.407,-169.226
280.0,50.0,180.0,-48.15,42.57,-178.36,-50.208,44.6,-176.329
280.0,50.0,170.0,-38.38,42.15,-178.49,-40.211,44.724,-176.513
280.0,50.0,160.0,-28.29,42.2,-178.73,-30.213,44.848,-176.698
280.0,50.0,150.0,-18.7,42.52,-178.92,-20.216,44.971,-176.882
280.0,50.0,140.0,-8.75,42.49,-178.89,-10.218,45.095,-177.067
280.0,50.0,130.0,0.93,42.59,-179.3,-0.22,45.218,-177.252
280.0,50.0,120.0,10.69,43.09,-179.21,9.777,45.342,-177.436
280.0,50.0,110.0,20.58,42.8,-179.64,19.775,45.465,-177.621
280.0,50.0,100.0,30.4,43.19,-179.73,29.772,45.589,-177.805
280.0,50.0,90.0,40.14,43.39,-179.87,39.77,45.712,-177.99
280.0,40.0,180.0,-47.98,32.84,-178.28,-50.087,34.602,-176.466
280.0,40.0,170.0,-38.15,32.34,-178.46,-40.09,34.726,-176.65
280.0,40.0,160.0,-28.29,32.38,-178.56,-30.092,34.849,-176.835
280.0,40.0,150.0,-18.58,32.92,-178.9,-20.094,34.973,-177.019
280.0,40.0,140.0,-8.72,32.7,-178.84,-10.097,35.096,-177.204
280.0,40.0,130.0,0.91,33.02,-179.21,-0.099,35.22,-177.389
280.0,40.0,120.0,10.81,33.22,-179.2,9.898,35.343,-177.573
280.0,40.0,110.0,20.57,33.38,-179.66,19.896,35.467,-177.758
280.0,40.0,100.0,30.34,33.55,-179.64,29.893,35.591,-177.942
280.0,40.0,90.0,40.09,33.8,-179.82,39.891,35.714,-178.127
280.0,30.0,180.0,-47.8,23.18,-178.25,-49.966,24.604,-176.603
280.0,30.0,170.0,-37.96,22.63,-178.35,-39.968,24.727,-176.787
280.0,30.0,160.0,-28.26,22.96,-178.48,-29.971,24.851,-176.972
280.0,30.0,150.0,-18.46,23.27,-178.87,-19.973,24.974,-177.156
280.0,30.0,140.0,-8.73,23.01,-178.79,-9.976,25.098,-177.341
280.0,30.0,130.0,1.01,23.43,-179.18,0.022,25.222,-177.526
280.0,30.0,120.0,10.84,23.56,-179.26,10.019,25.345,-177.71
280.0,30.0,110.0,20.56,23.72,-179.69,20.017,25.469,-177.895
280.0,30.0,100.0,30.33,23.93,-179.63,30.014,25.592,-178.079
280.0,30.0,90.0,40.13,23.94,-179.81,40.012,25.716,-178.264
280.0,20.0,180.0,-47.62,13.49,-178.25,-49.845,14.605,-176.74
280.0,20.0,170.0,-37.76,12.96,-178.43,-39.847,14.729,-176.924
280.0,20.0,160.0,-28.14,13.18,-178.46,-29.85,14.853,-177.109
280.0,20.0,150.0,-18.4,13.52,-178.86,-19.852,14.976,-177.293
280.0,20.0,140.0,-8.71,13.31,-178.83,-9.855,15.1,-177.478
280.0,20.0,130.0,1.09,13.83,-179.2,0.143,15.223,-177.663
280.0,20.0,120.0,10.86,13.69,-179.25,10.14,15.347,-177.847
280.0,20.0,110.0,20.58,14.07,-179.72,20.138,15.47,-178.032
280.0,20.0,100.0,30.42,14.23,-179.7,30.135,15.594,-178.216
280.0,20.0,90.0,40.21,14.4,-179.93,40.133,15.718,-178.401
280.0,10.0,180.0,-47.41,3.86,-178.35,-49.724,4.607,-176.877
280.0,10.0,170.0,-37.59,3.33,-178.43,-39.726,4.731,-177.061
280.0,10.0,160.0,-28.01,3.51,-178.5,-29.729,4.854,-177.246
280.0,10.0,150.0,-18.28,3.83,-178.89,-19.731,4.978,-177.43
280.0,10.0,140.0,-8.65,3.58,-178.86,-9.734,5.101,-177.615
280.0,10.0,130.0,1.17,3.91,-179.11,0.264,5.225,-177.8
280.0,10.0,120.0,10.82,4.1,-179.25,10.261,5.348,-177.984
280.0,10.0,110.0,20.66,4.3,-179.82,20.259,5.472,-178.169
280.0,10.0,100.0,30.5,4.51,-179.76,30.256,5.596,-178.353
280.0,10.0,90.0,40.27,4.71,-180.07,40.254,5.719,-178.538
280.0,-0.0,180.0,-47.26,-6.05,-178.48,-49.603,-5.391,-177.014
280.0,-0.0,170.0,-37.44,-6.27,-178.55,-39.605,-5.268,-177.198
280.0,-0.0,160.0,-27.87,-6.04,-178.62,-29.608,-5.144,-177.383
280.0,-0.0,150.0,-18.18,-6.34,-178.96,-19.61,-5.021,-177.568
280.0,-0.0,140.0,-8.56,-6.08,-178.92,-9.613,-4.897,-177.752
280.0,-0.0,130.0,1.27,-5.71,-179.2,0.385,-4.773,-177.937
280.0,-0.0,120.0,10.87,-5.93,-179.31,10.382,-4.65,-178.121
280.0,-0.0,110.0,20.73,-5.6,-179.88,20.38,-4.526,-178.306
280.0,-0.0,100.0,30.57,-5.41,-179.88,30.377,-4.403,-178.49
280.0,-0.0,90.0,40.3,-5.17,-180.29,40.375,-4.279,-178.675
280.0,-10.0,180.0,-47.24,-15.73,-178.69,-49.482,-15.39,-177.151
280.0,-10.0,170.0,-37.35,-16.16,-178.82,-39.484,-15.266,-177.335
280.0,-10.0,160.0,-27.73,-16.0,-178.77,-29.487,-15.142,-177.52
280.0,-10.0,150.0,-18.08,-15.74,-179.05,-19.489,-15.019,-177.705
280.0,-10.0,140.0,-8.47,-15.86,-178.99,-9.492,-14.895,-177.889
280.0,-10.0,130.0,1.35,-15.79,-179.35,0.506,-14.772,-178.074
280.0,-10.0,120.0,10.96,-15.45,-179.39,10.503,-14.648,-178.258
280.0,-10.0,110.0,20.79,-15.61,-179.98,20.501,-14.525,-178.443
280.0,-10.0,100.0,30.62,-15.25,-179.95,30.498,-14.401,-178.627
280.0,-10.0,90.0,40.37,-14.85,-180.34,40.496,-14.277,-178.812
280.0,-20.0,180.0,-47.27,-25.68,-178.84,-49.361,-25.388,-177.288
280.0,-20.0,170.0,-37.25,-26.02,-178.97,-39.363,-25.264,-177.472
280.0,-20.0,160.0,-27.65,-25.59,-178.88,-29.366,-25.141,-177.657
280.0,-20.0,150.0,-17.94,-25.95,-179.23,-19.368,-25.017,-177.842
280.0,-20.0,140.0,-8.37,-25.75,-179.1,-9.371,-24.894,-178.026
280.0,-20.0,130.0,1.42,-25.42,-179.44,0.627,-24.77,-178.211
280.0,-20.0,120.0,11.12,-25.58,-179.52,10.624,-24.646,-178.395
280.0,-20.0,110.0,20.84,-25.16,-180.0,20.622,-24.523,-178.58
280.0,-20.0,100.0,30.67,-25.3,-180.02,30.619,-24.399,-178.764
280.0,-20.0,90.0,40.4,-24.89,-180.48,40.617,-24.276,-178.949
280.0,-30.0,180.0,-47.29,-35.76,-178.97,-49.24,-35.386,-177.425
280.0,-30.0,170.0,-37.23,-35.95,-179.13,-39.242,-35.263,-177.609
280.0,-30.0,160.0,-27.5,-35.67,-179.09,-29.245,-35.139,-177.794
280.0,-30.0,150.0,-17.8,-35.41,-179.28,-19.247,-35.015,-177.979
280.0,-30.0,140.0,-8.14,-35.74,-179.2,-9.25,-34.892,-178.163
280.0,-30.0,130.0,1.51,-35.51,-179.53,0.748,-34.768,-178.348
280.0,-30.0,120.0,11.29,-35.5,-179.56,10.745,-34.645,-178.532
280.0,-30.0,110.0,20.94,-35.28,-180.04,20.743,-34.521,-178.717
280.0,-30.0,100.0,30.68,-35.02,-180.03,30.74,-34.398,-178.901
280.0,-30.0,90.0,40.44,-34.99,-180.54,40.738,-34.274,-179.086
280.0,-40.0,180.0,-47.23,-45.77,-179.08,-49.119,-45.384,-177.562
280.0,-40.0,170.0,-37.21,-45.94,-179.32,-39.121,-45.261,-177.746
280.0,-40.0,160.0,-27.28,-45.63,-179.29,-29.124,-45.137,-177.931
280.0,-40.0,150.0,-17.63,-45.29,-179.38,-19.126,-45.014,-178.116
280.0,-40.0,140.0,-7.87,-45.66,-179.33,-9.129,-44.89,-178.3
280.0,-40.0,130.0,1.6,-45.16,-179.54,0.869,-44.767,-178.485
280.0,-40.0,120.0,11.43,-45.56,-179.6,10.866,-44.643,-178.669
280.0,-40.0,110.0,21.12,-45.24,-180.04,20.864,-44.52,-178.854
280.0,-40.0,100.0,30.78,-45.14,-180.06,30.861,-44.396,-179.038
280.0,-40.0,90.0,40.45,-44.8,-180.49,40.859,-44.272,-179.223
270.0,50.0,180.0,-48.35,42.97,-188.33,-50.394,44.735,-186.326
270.0,50.0,170.0,-38.41,42.43,-188.38,-40.397,44.859,-186.511
270.0,50.0,160.0,-28.56,42.57,-188.85,-30.399,44.982,-186.695
270.0,50.0,150.0,-18.71,42.87,-188.92,-20.402,45.106,-186.88
270.0,50.0,140.0,-9.03,42.64,-188.75,-10.404,45.229,-187.064
270.0,50.0,130.0,0.78,42.98,-189.01,-0.407,45.353,-187.249
270.0,50.0,120.0,10.59,43.11,-189.13,9.591,45.477,-187.434
270.0,50.0,110.0,20.24,43.27,-189.51,19.588,45.6,-187.618
270.0,50.0,100.0,30.01,43.68,-189.47,29.586,45.724,-187.803
270.0,50.0,90.0,39.86,43.5,-189.81,39.583,45.847,-187.987
270.0,40.0,180.0,-48.05,33.15,-188.27,-50.273,34.737,-186.463
270.0,40.0,170.0,-38.3,32.65,-188.31,-40.276,34.86,-186.648
270.0,40.0,160.0,-28.39,32.79,-188.78,-30.278,34.984,-186.832
270.0,40.0,150.0,-18.69,33.18,-188.79,-20.281,35.108,-187.017
270.0,40.0,140.0,-8.97,33.04,-188.71,-10.283,35.231,-187.201
270.0,40.0,130.0,0.9,33.36,-188.98,-0.286,35.355,-187.386
270.0,40.0,120.0,10.47,33.31,-189.0,9.712,35.478,-187.571
270.0,40.0,110.0,20.26,33.64,-189.49,19.709,35.602,-187.755
270.0,40.0,100.0,30.15,33.86,-189.58,29.707,35.725,-187.94
270.0,40.0,90.0,39.95,33.82,-189.78,39.704,35.849,-188.124
270.0,30.0,180.0,-47.73,23.49,-188.26,-50.152,24.739,-186.6
270.0,30.0,170.0,-38.14,22.86,-188.22,-40.155,24.862,-186.785
270.0,30.0,160.0,-28.22,23.35,-188.72,-30.157,24.986,-186.969
270.0,30.0,150.0,-18.68,23.31,-188.61,-20.16,25.109,-187.154
270.0,30.0,140.0,-8.78,23.38,-188.75,-10.162,25.233,-187.338
270.0,30.0,130.0,0.85,23.52,-188.92,-0.165,25.356,-187.523
270.0,30.0,120.0,10.53,23.72,-189.03,9.833,25.48,-187.708
270.0,30.0,110.0,20.39,23.99,-189.57,19.83,25.603,-187.892
270.0,30.0,100.0,30.24,23.96,-189.6,29.828,25.727,-188.077
270.0,30.0,90.0,39.96,24.33,-189.85,39.826,25.851,-188.261
270.0,20.0,180.0,-47.52,13.78,-188.25,-50.031,14.74,-186.737
270.0,20.0,170.0,-37.89,13.33,-188.26,-40.034,14.864,-186.922
270.0,20.0,160.0,-28.08,13.49,-188.68,-30.036,14.987,-187.106
270.0,20.0,150.0,-18.56,13.81,-188.56,-20.039,15.111,-187.291
270.0,20.0,140.0,-8.69,13.76,-188.78,-10.041,15.234,-187.475
270.0,20.0,130.0,0.8,13.87,-188.87,-0.044,15.358,-187.66
270.0,20.0,120.0,10.61,14.28,-189.11,9.954,15.482,-187.845
270.0,20.0,110.0,20.51,14.08,-189.61,19.952,15.605,-188.029
270.0,20.0,100.0,30.26,14.45,-189.59,29.949,15.729,-188.214
270.0,20.0,90.0,39.91,14.66,-190.0,39.947,15.852,-188.398
270.0,10.0,180.0,-47.27,4.09,-188.33,-49.91,4.742,-186.874
270.0,10.0,170.0,-37.65,3.88,-188.31,-39.913,4.865,-187.059
270.0,10.0,160.0,-27.99,3.89,-188.66,-29.915,4.989,-187.243
270.0,10.0,150.0,-18.4,3.86,-188.69,-19.918,5.113,-187.428
270.0,10.0,140.0,-8.63,4.03,-188.8,-9.92,5.236,-187.612
270.0,10.0,130.0,0.88,4.16,-189.05,0.077,5.36,-187.797
270.0,10.0,120.0,10.68,4.55,-189.13,10.075,5.483,-187.982
270.0,10.0,110.0,20.58,4.46,-189.68,20.073,5.607,-188.166
270.0,10.0,100.0,30.23,4.73,-189.63,30.07,5.73,-188.351
270.0,10.0,90.0,39.95,4.94,-190.09,40.068,5.854,-188.535
270.0,-0.0,180.0,-47.17,-5.63,-188.45,-49.789,-5.256,-187.011
270.0,-0.0,170.0,-37.5,-6.12,-188.45,-39.792,-5.133,-187.196
270.0,-0.0,160.0,-27.9,-5.71,-188.74,-29.794,-5.009,-187.38
270.0,-0.0,150.0,-18.32,-5.87,-188.76,-19.797,-4.886,-187.565
270.0,-0.0,140.0,-8.58,-5.56,-188.86,-9.799,-4.762,-187.749
270.0,-0.0,130.0,0.95,-5.74,-189.03,0.199,-4.639,-187.934
270.0,-0.0,120.0,10.79,-5.5,-189.2,10.196,-4.515,-188.119
270.0,-0.0,110.0,20.61,-5.36,-189.75,20.194,-4.392,-188.303
270.0,-0.0,100.0,30.29,-5.13,-189.68,30.191,-4.268,-188.488
270.0,-0.0,90.0,39.99,-4.95,-190.13,40.189,-4.144,-188.672
270.0,-10.0,180.0,-47.13,-15.4,-188.61,-49.668,-15.255,-187.148
270.0,-10.0,170.0,-37.36,-15.82,-188.59,-39.671,-15.131,-187.333
270.0,-10.0,160.0,-27.72,-15.68,-188.86,-29.673,-15.008,-187.517
270.0,-10.0,150.0,-18.19,-15.43,-188.86,-19.676,-14.884,-187.702
270.0,-10.0,140.0,-8.41,-15.7,-188.92,-9.678,-14.761,-187.886
270.0,-10.0,130.0,1.01,-15.44,-189.07,0.32,-14.637,-188.071
270.0,-10.0,120.0,10.83,-15.38,-189.22,10.317,-14.513,-188.256
270.0,-10.0,110.0,20.69,-15.1,-189.79,20.315,-14.39,-188.44
270.0,-10.0,100.0,30.36,-14.98,-189.76,30.312,-14.266,-188.625
270.0,-10.0,90.0,40.05,-14.71,-190.23,40.31,-14.143,-188.809
270.0,-20.0,180.0,-47.18,-25.39,-188.74,-49.547,-25.253,-187.285
270.0,-20.0,170.0,-37.36,-25.64,-188.78,-39.55,-25.13,-187.47
270.0,-20.0,160.0,-27.54,-25.35,-189.06,-29.552,-25.006,-187.654
270.0,-20.0,150.0,-18.11,-25.46,-188.96,-19.554,-24.882,-187.839
270.0,-20.0,140.0,-8.3,-25.36,-189.02,-9.557,-24.759,-188.023
270.0,-20.0,130.0,1.12,-25.27,-189.14,0.441,-24.635,-188.208
270.0,-20.0,120.0,10.9,-25.23,-189.29,10.438,-24.512,-188.393
270.0,-20.0,110.0,20.74,-24.85,-189.83,20.436,-24.388,-188.577
270.0,-20.0,100.0,30.44,-25.01,-189.86,30.433,-24.265,-188.762
270.0,-20.0,90.0,40.1,-24.61,-190.29,40.431,-24.141,-188.946
270.0,-30.0,180.0,-47.14,-35.39,-188.94,-49.426,-35.251,-187.422
270.0,-30.0,170.0,-37.38,-35.55,-188.94,-39.429,-35.128,-187.607
270.0,-30.0,160.0,-27.42,-35.3,-189.23,-29.431,-35.004,-187.791
270.0,-30.0,150.0,-17.95,-35.21,-189.07,-19.433,-34.881,-187.976
270.0,-30.0,140.0,-8.19,-34.98,-189.04,-9.436,-34.757,-188.16
270.0,-30.0,130.0,1.37,-35.33,-189.3,0.562,-34.634,-188.345
270.0,-30.0,120.0,10.99,-35.11,-189.31,10.559,-34.51,-188.53
270.0,-30.0,110.0,20.8,-34.86,-189.83,20.557,-34.387,-188.714
270.0,-30.0,100.0,30.55,-34.92,-189.93,30.554,-34.263,-188.899
270.0,-30.0,90.0,40.23,-34.52,-190.4,40.552,-34.139,-189.083
270.0,-40.0,180.0,-47.28,-45.49,-189.04,-49.305,-45.25,-187.559
270.0,-40.0,170.0,-37.27,-45.65,-189.11,-39.307,-45.126,-187.744
270.0,-40.0,160.0,-27.29,-45.22,-189.42,-29.31,-45.003,-187.928
270.0,-40.0,150.0,-17.65,-44.97,-189.23,-19.312,-44.879,-188.113
270.0,-40.0,140.0,-8.06,-45.32,-189.12,-9.315,-44.756,-188.297
270.0,-40.0,130.0,1.66,-45.09,-189.42,0.683,-44.632,-188.482
270.0,-40.0,120.0,11.11,-44.94,-189.3,10.68,-44.508,-188.667
270.0,-40.0,110.0,20.81,-45.03,-189.81,20.678,-44.385,-188.851
270.0,-40.0,100.0,30.59,-44.83,-189.9,30.675,-44.261,-189.036
270.0,-40.0,90.0,40.31,-44.51,-190.42,40.673,-44.138,-189.22
260.0,50.0,180.0,-48.36,43.27,-198.24,-50.581,44.87,-196.323
260.0,50.0,170.0,-38.59,42.6,-198.28,-40.583,44.994,-196.508
260.0,50.0,160.0,-28.61,43.02,-198.81,-30.586,45.117,-196.693
260.0,50.0,150.0,-18.95,42.66,-198.7,-20.588,45.241,-196.877
260.0,50.0,140.0,-9.15,43.14,-198.78,-10.59,45.364,-197.062
260.0,50.0,130.0,0.55,43.01,-198.81,-0.593,45.488,-197.246
260.0,50.0,120.0,10.23,43.55,-199.01,9.405,45.611,-197.431
260.0,50.0,110.0,20.02,43.33,-199.35,19.402,45.735,-197.615
260.0,50.0,100.0,29.82,43.7,-199.38,29.4,45.858,-197.8
260.0,50.0,90.0,39.56,43.85,-199.91,39.397,45.982,-197.985
260.0,40.0,180.0,-48.1,33.47,-198.23,-50.46,34.872,-196.46
260.0,40.0,170.0,-38.38,32.88,-198.2,-40.462,34.995,-196.645
260.0,40.0,160.0,-28.53,33.04,-198.64,-30.464,35.119,-196.83
260.0,40.0,150.0,-18.82,33.39,-198.57,-20.467,35.242,-197.014
260.0,40.0,140.0,-9.06,33.16,-198.67,-10.469,35.366,-197.199
260.0,40.0,130.0,0.54,33.5,-198.76,-0.472,35.489,-197.383
260.0,40.0,120.0,10.36,33.67,-198.92,9.526,35.613,-197.568
260.0,40.0,110.0,20.09,33.88,-199.4,19.523,35.737,-197.752
260.0,40.0,100.0,29.84,34.06,-199.37,29.521,35.86,-197.937
260.0,40.0,90.0,39.57,34.17,-199.9,39.518,35.984,-198.122
260.0,30.0,180.0,-47.88,23.68,-198.17,-50.339,24.873,-196.597
260.0,30.0,170.0,-38.11,23.11,-198.15,-40.341,24.997,-196.782
260.0,30.0,160.0,-28.4,23.37,-198.56,-30.343,25.12,-196.967
260.0,30.0,150.0,-18.7,23.37,-198.44,-20.346,25.244,-197.151
260.0,30.0,140.0,-9.1,23.79,-198.6,-10.348,25.368,-197.336
260.0,30.0,130.0,0.68,23.58,-198.74,-0.351,25.491,-197.52
260.0,30.0,120.0,10.46,23.88,-198.92,9.647,25.615,-197.705
260.0,30.0,110.0,20.08,24.06,-199.31,19.644,25.738,-197.889
260.0,30.0,100.0,29.85,24.29,-199.39,29.642,25.862,-198.074
260.0,30.0,90.0,39.51,24.43,-199.83,39.639,25.985,-198.259
260.0,20.0,180.0,-47.55,14.06,-198.2,-50.217,14.875,-196.734
260.0,20.0,170.0,-37.89,13.48,-198.15,-40.22,14.999,-196.919
260.0,20.0,160.0,-28.24,13.91,-198.58,-30.222,15.122,-197.104
260.0,20.0,150.0,-18.61,13.57,-198.42,-20.225,15.246,-197.288
260.0,20.0,140.0,-9.04,13.87,-198.56,-10.227,15.369,-197.473
260.0,20.0,130.0,0.77,14.04,-198.79,-0.23,15.493,-197.657
260.0,20.0,120.0,10.4,14.25,-198.85,9.768,15.616,-197.842
260.0,20.0,110.0,20.07,14.49,-199.36,19.765,15.74,-198.026
260.0,20.0,100.0,29.84,14.45,-199.4,29.763,15.863,-198.211
260.0,20.0,90.0,39.54,14.77,-199.84,39.76,15.987,-198.396
260.0,10.0,180.0,-47.3,4.46,-198.27,-50.096,4.877,-196.871
260.0,10.0,170.0,-37.7,3.89,-198.2,-40.099,5.0,-197.056
260.0,10.0,160.0,-28.05,4.05,-198.59,-30.101,5.124,-197.241
260.0,10.0,150.0,-18.46,4.39,-198.55,-20.104,5.247,-197.425
260.0,10.0,140.0,-8.84,4.09,-198.7,-10.106,5.371,-197.61
260.0,10.0,130.0,0.87,4.44,-198.8,-0.109,5.494,-197.794
260.0,10.0,120.0,10.49,4.57,-198.91,9.889,5.618,-197.979
260.0,10.0,110.0,20.15,4.82,-199.38,19.886,5.742,-198.164
260.0,10.0,100.0,29.94,4.82,-199.42,29.884,5.865,-198.348
260.0,10.0,90.0,39.69,5.14,-199.93,39.881,5.989,-198.533
260.0,-0.0,180.0,-47.12,-5.43,-198.39,-49.975,-5.122,-197.009
260.0,-0.0,170.0,-37.57,-5.83,-198.33,-39.978,-4.998,-197.193
260.0,-0.0,160.0,-27.87,-5.66,-198.67,-29.98,-4.875,-197.378
260.0,-0.0,150.0,-18.36,-5.42,-198.51,-19.983,-4.751,-197.562
260.0,-0.0,140.0,-8.73,-5.7,-198.83,-9.985,-4.627,-197.747
260.0,-0.0,130.0,0.94,-5.19,-198.83,0.012,-4.504,-197.931
260.0,-0.0,120.0,10.55,-5.24,-198.95,10.01,-4.38,-198.116
260.0,-0.0,110.0,20.22,-5.07,-199.44,20.007,-4.257,-198.301
260.0,-0.0,100.0,30.0,-4.88,-199.52,30.005,-4.133,-198.485
260.0,-0.0,90.0,39.74,-4.68,-199.95,40.002,-4.01,-198.67
260.0,-10.0,180.0,-47.1,-15.12,-198.57,-49.854,-15.12,-197.146
260.0,-10.0,170.0,-37.41,-15.58,-198.5,-39.857,-14.996,-197.33
260.0,-10.0,160.0,-27.69,-15.36,-198.78,-29.859,-14.873,-197.515
260.0,-10.0,150.0,-18.22,-15.1,-198.69,-19.862,-14.749,-197.699
260.0,-10.0,140.0,-8.63,-15.44,-198.94,-9.864,-14.626,-197.884
260.0,-10.0,130.0,1.06,-15.16,-198.9,0.133,-14.502,-198.068
260.0,-10.0,120.0,10.66,-15.02,-199.03,10.131,-14.379,-198.253
260.0,-10.0,110.0,20.3,-15.03,-199.51,20.128,-14.255,-198.438
260.0,-10.0,100.0,30.07,-14.71,-199.57,30.126,-14.132,-198.622
260.0,-10.0,90.0,39.78,-14.43,-200.04,40.123,-14.008,-198.807
260.0,-20.0,180.0,-47.11,-25.02,-198.75,-49.733,-25.118,-197.283
260.0,-20.0,170.0,-37.32,-25.33,-198.69,-39.736,-24.995,-197.467
260.0,-20.0,160.0,-27.58,-25.09,-198.96,-29.738,-24.871,-197.652
260.0,-20.0,150.0,-18.04,-24.86,-198.7,-19.741,-24.748,-197.836
260.0,-20.0,140.0,-8.5,-24.97,-198.87,-9.743,-24.624,-198.021
260.0,-20.0,130.0,1.18,-25.0,-199.01,0.254,-24.501,-198.205
260.0,-20.0,120.0,10.77,-24.7,-199.06,10.252,-24.377,-198.39
260.0,-20.0,110.0,20.42,-24.63,-199.55,20.249,-24.253,-198.575
260.0,-20.0,100.0,30.13,-24.52,-199.65,30.247,-24.13,-198.759
260.0,-20.0,90.0,39.8,-24.28,-200.08,40.244,-24.006,-198.944
260.0,-30.0,180.0,-47.21,-35.22,-198.93,-49.612,-35.117,-197.42
260.0,-30.0,170.0,-37.24,-35.13,-198.87,-39.615,-34.993,-197.604
260.0,-30.0,160.0,-27.53,-34.74,-199.08,-29.617,-34.87,-197.789
260.0,-30.0,150.0,-17.88,-35.08,-198.98,-19.62,-34.746,-197.973
260.0,-30.0,140.0,-8.36,-34.68,-199.0,-9.622,-34.622,-198.158
260.0,-30.0,130.0,1.3,-35.0,-199.05,0.375,-34.499,-198.342
260.0,-30.0,120.0,10.94,-34.75,-199.14,10.373,-34.375,-198.527
260.0,-30.0,110.0,20.55,-34.6,-199.6,20.37,-34.252,-198.712
260.0,-30.0,100.0,30.24,-34.47,-199.68,30.368,-34.128,-198.896
260.0,-30.0,90.0,39.83,-34.24,-200.14,40.366,-34.005,-199.081
260.0,-40.0,180.0,-47.21,-45.17,-199.01,-49.491,-45.115,-197.557
260.0,-40.0,170.0,-37.27,-45.29,-199.03,-39.494,-44.991,-197.741
260.0,-40.0,160.0,-27.35,-44.93,-199.23,-29.496,-44.868,-197.926
260.0,-40.0,150.0,-17.67,-44.92,-199.14,-19.499,-44.744,-198.11
260.0,-40.0,140.0,-8.08,-44.81,-199.14,-9.501,-44.621,-198.295
260.0,-40.0,130.0,1.41,-44.58,-199.06,0.496,-44.497,-198.479
260.0,-40.0,120.0,11.1,-44.87,-199.23,10.494,-44.374,-198.664
260.0,-40.0,110.0,20.74,-44.51,-199.64,20.491,-44.25,-198.849
260.0,-40.0,100.0,30.37,-44.65,-199.7,30.489,-44.127,-199.033
260.0,-40.0,90.0,40.0,-44.23,-200.2,40.487,-44.003,-199.218
250.0,50.0,180.0,-48.52,43.53,-208.13,-50.767,45.005,-206.321
250.0,50.0,170.0,-38.56,43.0,-208.29,-40.769,45.128,-206.505
250.0,50.0,160.0,-28.85,42.95,-208.58,-30.772,45.252,-206.69
250.0,50.0,150.0,-19.0,43.03,-208.51,-20.774,45.375,-206.875
250.0,50.0,140.0,-9.41,43.38,-208.77,-10.777,45.499,-207.059
250.0,50.0,130.0,0.33,43.18,-208.62,-0.779,45.622,-207.244
250.0,50.0,120.0,10.15,43.52,-208.91,9.218,45.746,-207.428
250.0,50.0,110.0,19.75,43.82,-209.33,19.216,45.87,-207.613
250.0,50.0,100.0,29.46,43.81,-209.24,29.213,45.993,-207.797
250.0,50.0,90.0,39.16,44.06,-209.69,39.211,46.117,-207.982
250.0,40.0,180.0,-48.21,33.79,-208.16,-50.646,35.006,-206.458
250.0,40.0,170.0,-38.43,33.3,-208.18,-40.648,35.13,-206.642
250.0,40.0,160.0,-28.6,33.5,-208.55,-30.651,35.253,-206.827
250.0,40.0,150.0,-18.93,33.3,-208.44,-20.653,35.377,-207.012
250.0,40.0,140.0,-9.28,33.55,-208.67,-10.656,35.501,-207.196
250.0,40.0,130.0,0.48,33.75,-208.66,-0.658,35.624,-207.381
250.0,40.0,120.0,10.12,33.89,-208.8,9.339,35.748,-207.565
250.0,40.0,110.0,19.74,34.09,-209.21,19.337,35.871,-207.75
250.0,40.0,100.0,29.49,34.28,-209.17,29.334,35.995,-207.934
250.0,40.0,90.0,39.24,34.28,-209.65,39.332,36.118,-208.119
250.0,30.0,180.0,-47.81,23.95,-208.33,-50.525,25.008,-206.595
250.0,30.0,170.0,-38.2,23.47,-208.03,-40.527,25.132,-206.779
250.0,30.0,160.0,-28.38,23.54,-208.48,-30.53,25.255,-206.964
250.0,30.0,150.0,-18.87,23.93,-208.3,-20.532,25.379,-207.149
250.0,30.0,140.0,-9.16,23.64,-208.6,-10.535,25.502,-207.333
250.0,30.0,130.0,0.54,23.96,-208.63,-0.537,25.626,-207.518
250.0,30.0,120.0,10.08,24.11,-208.7,9.46,25.749,-207.702
250.0,30.0,110.0,19.85,24.33,-209.19,19.458,25.873,-207.887
250.0,30.0,100.0,29.53,24.5,-209.24,29.456,25.997,-208.071
250.0,30.0,90.0,39.36,24.62,-209.83,39.453,26.12,-208.256
250.0,20.0,180.0,-47.5,14.33,-208.27,-50.404,15.01,-206.732
250.0,20.0,170.0,-37.95,13.77,-208.05,-40.406,15.133,-206.916
250.0,20.0,160.0,-28.25,14.17,-208.49,-30.409,15.257,-207.101
250.0,20.0,150.0,-18.73,13.94,-208.22,-20.411,15.38,-207.286
250.0,20.0,140.0,-9.03,14.14,-208.61,-10.414,15.504,-207.47
250.0,20.0,130.0,0.52,14.27,-208.61,-0.416,15.628,-207.655
250.0,20.0,120.0,10.18,14.48,-208.7,9.581,15.751,-207.839
250.0,20.0,110.0,19.95,14.62,-209.23,19.579,15.875,-208.024
250.0,20.0,100.0,29.66,14.83,-209.28,29.577,15.998,-208.208
250.0,20.0,90.0,39.39,15.05,-209.71,39.574,16.122,-208.393
250.0,10.0,180.0,-47.23,4.73,-208.33,-50.283,5.011,-206.869
250.0,10.0,170.0,-37.66,4.37,-208.09,-40.285,5.135,-207.053
250.0,10.0,160.0,-28.1,4.39,-208.45,-30.288,5.259,-207.238
250.0,10.0,150.0,-18.53,4.66,-208.26,-20.29,5.382,-207.423
250.0,10.0,140.0,-8.93,4.34,-208.61,-10.293,5.506,-207.607
250.0,10.0,130.0,0.58,4.68,-208.59,-0.295,5.629,-207.792
250.0,10.0,120.0,10.27,4.8,-208.75,9.703,5.753,-207.976
250.0,10.0,110.0,20.01,4.96,-209.19,19.7,5.876,-208.161
250.0,10.0,100.0,29.75,5.14,-209.37,29.698,6.0,-208.345
250.0,10.0,90.0,39.41,5.37,-209.77,39.695,6.123,-208.53
250.0,-0.0,180.0,-47.07,-5.07,-208.46,-50.162,-4.987,-207.006
250.0,-0.0,170.0,-37.48,-5.57,-208.22,-40.164,-4.863,-207.19
250.0,-0.0,160.0,-27.96,-5.43,-208.48,-30.167,-4.74,-207.375
250.0,-0.0,150.0,-18.41,-5.15,-208.27,-20.169,-4.616,-207.56
250.0,-0.0,140.0,-8.81,-5.42,-208.63,-10.171,-4.493,-207.744
250.0,-0.0,130.0,0.72,-5.11,-208.64,-0.174,-4.369,-207.929
250.0,-0.0,120.0,10.4,-5.01,-208.81,9.824,-4.246,-208.113
250.0,-0.0,110.0,20.1,-4.82,-209.13,19.821,-4.122,-208.298
250.0,-0.0,100.0,29.84,-4.64,-209.37,29.819,-3.998,-208.482
250.0,-0.0,90.0,39.49,-4.4,-209.83,39.816,-3.875,-208.667
250.0,-10.0,180.0,-46.98,-14.86,-208.68,-50.041,-14.985,-207.143
250.0,-10.0,170.0,-37.34,-15.23,-208.37,-40.043,-14.862,-207.327
250.0,-10.0,160.0,-27.77,-15.07,-208.58,-30.046,-14.738,-207.512
250.0,-10.0,150.0,-18.24,-14.96,-208.36,-20.048,-14.615,-207.697
250.0,-10.0,140.0,-8.63,-14.99,-208.72,-10.05,-14.491,-207.881
250.0,-10.0,130.0,0.82,-14.73,-208.66,-0.053,-14.367,-208.066
250.0,-10.0,120.0,10.51,-14.9,-208.85,9.945,-14.244,-208.25
250.0,-10.0,110.0,20.18,-14.58,-209.29,19.942,-14.12,-208.435
250.0,-10.0,100.0,29.9,-14.41,-209.45,29.94,-13.997,-208.619
250.0,-10.0,90.0,39.57,-14.37,-209.94,39.937,-13.873,-208.804
250.0,-20.0,180.0,-46.98,-24.65,-208.82,-49.92,-24.984,-207.28
250.0,-20.0,170.0,-37.3,-25.01,-208.52,-39.922,-24.86,-207.464
250.0,-20.0,160.0,-27.55,-24.74,-208.78,-29.924,-24.736,-207.649
250.0,-20.0,150.0,-18.14,-24.93,-208.53,-19.927,-24.613,-207.834
250.0,-20.0,140.0,-8.52,-24.7,-208.77,-9.929,-24.489,-208.018
250.0,-20.0,130.0,0.95,-24.64,-208.74,0.068,-24.366,-208.203
250.0,-20.0,120.0,10.55,-24.54,-208.85,10.066,-24.242,-208.387
250.0,-20.0,110.0,20.27,-24.37,-209.34,20.063,-24.119,-208.572
250.0,-20.0,100.0,29.97,-24.18,-209.42,30.061,-23.995,-208.756
250.0,-20.0,90.0,39.64,-24.13,-210.02,40.058,-23.872,-208.941
250.0,-30.0,180.0,-47.06,-34.73,-208.97,-49.799,-34.982,-207.417
250.0,-30.0,170.0,-37.29,-35.02,-208.69,-39.801,-34.858,-207.601
250.0,-30.0,160.0,-27.42,-34.71,-208.95,-29.803,-34.735,-207.786
250.0,-30.0,150.0,-18.0,-34.42,-208.59,-19.806,-34.611,-207.971
250.0,-30.0,140.0,-8.35,-34.76,-208.89,-9.808,-34.488,-208.155
250.0,-30.0,130.0,1.19,-34.52,-208.81,0.189,-34.364,-208.34
250.0,-30.0,120.0,10.69,-34.62,-208.91,10.187,-34.241,-208.524
250.0,-30.0,110.0,20.33,-34.3,-209.37,20.184,-34.117,-208.709
250.0,-30.0,100.0,30.01,-34.35,-209.45,30.182,-33.993,-208.893
250.0,-30.0,90.0,39.73,-33.95,-210.08,40.179,-33.87,-209.078
250.0,-40.0,180.0,-47.21,-44.86,-209.06,-49.677,-44.98,-207.554
250.0,-40.0,170.0,-37.22,-44.94,-208.92,-39.68,-44.857,-207.738
250.0,-40.0,160.0,-27.3,-44.53,-209.09,-29.682,-44.733,-207.923
250.0,-40.0,150.0,-17.69,-44.54,-208.86,-19.685,-44.61,-208.108
250.0,-40.0,140.0,-8.19,-44.49,-208.96,-9.687,-44.486,-208.292
250.0,-40.0,130.0,1.44,-44.27,-208.86,0.31,-44.362,-208.477
250.0,-40.0,120.0,10.89,-44.54,-208.97,10.308,-44.239,-208.661
250.0,-40.0,110.0,20.42,-44.13,-209.36,20.305,-44.115,-208.846
250.0,-40.0,100.0,30.01,-44.34,-209.42,30.303,-43.992,-209.031
250.0,-40.0,90.0,39.69,-43.89,-209.99,40.3,-43.868,-209.215
240.0,50.0,180.0,-48.51,43.77,-218.19,-50.953,45.139,-216.318
240.0,50.0,170.0,-38.77,43.17,-218.11,-40.956,45.263,-216.503
240.0,50.0,160.0,-28.89,43.43,-218.5,-30.958,45.387,-216.687
240.0,50.0,150.0,-19.27,43.27,-218.31,-20.96,45.51,-216.872
240.0,50.0,140.0,-9.44,43.37,-218.76,-10.963,45.634,-217.056
240.0,50.0,130.0,0.13,43.53,-218.52,-0.965,45.757,-217.241
240.0,50.0,120.0,9.76,43.64,-218.75,9.032,45.881,-217.426
240.0,50.0,110.0,19.51,43.84,-219.09,19.03,46.004,-217.61
240.0,50.0,100.0,29.19,43.9,-219.1,29.027,46.128,-217.795
240.0,50.0,90.0,38.9,44.23,-219.37,39.025,46.251,-217.979
240.0,40.0,180.0,-48.22,33.97,-218.2,-50.832,35.141,-216.455
240.0,40.0,170.0,-38.37,33.38,-218.1,-40.834,35.265,-216.64
240.0,40.0,160.0,-28.81,33.75,-218.4,-30.837,35.388,-216.824
240.0,40.0,150.0,-19.03,33.65,-218.26,-20.839,35.512,-217.009
240.0,40.0,140.0,-9.41,33.73,-218.54,-10.842,35.635,-217.193
240.0,40.0,130.0,0.16,33.82,-218.45,-0.844,35.759,-217.378
240.0,40.0,120.0,9.92,34.04,-218.89,9.153,35.882,-217.563
240.0,40.0,110.0,19.65,34.23,-218.97,19.151,36.006,-217.747
240.0,40.0,100.0,29.3,34.43,-219.05,29.148,36.13,-217.932
240.0,40.0,90.0,38.96,34.58,-219.33,39.146,36.253,-218.116
240.0,30.0,180.0,-47.9,24.3,-218.18,-50.711,25.143,-216.592
240.0,30.0,170.0,-38.14,23.67,-218.03,-40.713,25.266,-216.777
240.0,30.0,160.0,-28.61,23.83,-218.28,-30.716,25.39,-216.961
240.0,30.0,150.0,-18.87,23.99,-218.23,-20.718,25.513,-217.146
240.0,30.0,140.0,-9.4,23.82,-218.38,-10.721,25.637,-217.33
240.0,30.0,130.0,0.36,24.39,-218.44,-0.723,25.761,-217.515
240.0,30.0,120.0,10.03,24.21,-218.91,9.274,25.884,-217.7
240.0,30.0,110.0,19.6,24.57,-218.82,19.272,26.008,-217.884
240.0,30.0,100.0,29.3,24.71,-219.08,29.269,26.131,-218.069
240.0,30.0,90.0,38.95,24.93,-219.24,39.267,26.255,-218.253
240.0,20.0,180.0,-47.53,14.54,-218.14,-50.59,15.144,-216.729
240.0,20.0,170.0,-37.94,14.06,-217.96,-40.592,15.268,-216.914
240.0,20.0,160.0,-28.33,14.16,-218.25,-30.595,15.392,-217.098
240.0,20.0,150.0,-18.74,14.42,-218.16,-20.597,15.515,-217.283
240.0,20.0,140.0,-9.19,14.14,-218.4,-10.6,15.639,-217.467
240.0,20.0,130.0,0.48,14.56,-218.42,-0.602,15.762,-217.652
240.0,20.0,120.0,10.09,14.54,-218.89,9.395,15.886,-217.837
240.0,20.0,110.0,19.66,14.81,-218.82,19.393,16.009,-218.021
240.0,20.0,100.0,29.33,15.05,-219.0,29.39,16.133,-218.206
240.0,20.0,90.0,39.0,15.08,-219.25,39.388,16.256,-218.39
240.0,10.0,180.0,-47.21,4.87,-218.22,-50.469,5.146,-216.866
240.0,10.0,170.0,-37.74,4.41,-217.99,-40.471,5.27,-217.051
240.0,10.0,160.0,-28.09,4.57,-218.31,-30.474,5.393,-217.235
240.0,10.0,150.0,-18.62,4.84,-218.15,-20.476,5.517,-217.42
240.0,10.0,140.0,-9.06,4.59,-218.42,-10.479,5.64,-217.605
240.0,10.0,130.0,0.61,5.01,-218.49,-0.481,5.764,-217.789
240.0,10.0,120.0,10.1,4.86,-218.83,9.516,5.887,-217.974
240.0,10.0,110.0,19.74,5.19,-218.8,19.514,6.011,-218.158
240.0,10.0,100.0,29.38,5.37,-219.03,29.511,6.135,-218.343
240.0,10.0,90.0,39.08,5.63,-219.35,39.509,6.258,-218.527
240.0,-0.0,180.0,-47.02,-4.81,-218.33,-50.348,-4.852,-217.003
240.0,-0.0,170.0,-37.51,-5.27,-218.1,-40.35,-4.729,-217.188
240.0,-0.0,160.0,-27.89,-5.1,-218.35,-30.353,-4.605,-217.372
240.0,-0.0,150.0,-18.42,-5.12,-218.17,-20.355,-4.482,-217.557
240.0,-0.0,140.0,-8.93,-5.07,-218.46,-10.358,-4.358,-217.742
240.0,-0.0,130.0,0.75,-4.79,-218.5,-0.36,-4.234,-217.926
240.0,-0.0,120.0,10.19,-4.93,-218.85,9.637,-4.111,-218.111
240.0,-0.0,110.0,19.83,-4.63,-218.87,19.635,-3.987,-218.295
240.0,-0.0,100.0,29.47,-4.6,-219.05,29.632,-3.864,-218.48
240.0,-0.0,90.0,39.2,-4.25,-219.43,39.63,-3.74,-218.664
240.0,-10.0,180.0,-46.93,-14.71,-218.37,-50.227,-14.851,-217.14
240.0,-10.0,170.0,-37.33,-15.02,-218.23,-40.229,-14.727,-217.325
240.0,-10.0,160.0,-27.68,-14.86,-218.46,-30.232,-14.603,-217.509
240.0,-10.0,150.0,-18.25,-14.66,-218.2,-20.234,-14.48,-217.694
240.0,-10.0,140.0,-8.75,-14.88,-218.53,-10.237,-14.356,-217.879
240.0,-10.0,130.0,0.88,-14.57,-218.55,-0.239,-14.233,-218.063
240.0,-10.0,120.0,10.35,-14.66,-218.9,9.758,-14.109,-218.248
240.0,-10.0,110.0,19.97,-14.49,-218.86,19.756,-13.986,-218.432
240.0,-10.0,100.0,29.55,-14.14,-219.1,29.753,-13.862,-218.617
240.0,-10.0,90.0,39.27,-14.19,-219.42,39.751,-13.739,-218.801
240.0,-20.0,180.0,-47.01,-24.39,-218.63,-50.106,-24.849,-217.277
240.0,-20.0,170.0,-37.21,-24.78,-218.47,-40.108,-24.725,-217.462
240.0,-20.0,160.0,-27.59,-24.36,-218.58,-30.111,-24.602,-217.646
240.0,-20.0,150.0,-18.04,-24.63,-218.38,-20.113,-24.478,-217.831
240.0,-20.0,140.0,-8.64,-24.46,-218.52,-10.116,-24.355,-218.016
240.0,-20.0,130.0,0.96,-24.35,-218.52,-0.118,-24.231,-218.2
240.0,-20.0,120.0,10.53,-24.26,-219.01,9.879,-24.108,-218.385
240.0,-20.0,110.0,20.03,-24.16,-218.88,19.877,-23.984,-218.569
240.0,-20.0,100.0,29.68,-23.99,-219.11,29.874,-23.86,-218.754
240.0,-20.0,90.0,39.32,-23.76,-219.45,39.872,-23.737,-218.938
240.0,-30.0,180.0,-47.1,-34.45,-218.75,-49.985,-34.847,-217.414
240.0,-30.0,170.0,-37.13,-34.77,-218.71,-39.987,-34.724,-217.599
240.0,-30.0,160.0,-27.48,-34.47,-218.72,-29.99,-34.6,-217.783
240.0,-30.0,150.0,-17.84,-34.22,-218.54,-19.992,-34.477,-217.968
240.0,-30.0,140.0,-8.48,-34.48,-218.65,-9.995,-34.353,-218.153
240.0,-30.0,130.0,1.09,-34.11,-218.58,0.003,-34.229,-218.337
240.0,-30.0,120.0,10.75,-34.31,-219.06,10.0,-34.106,-218.522
240.0,-30.0,110.0,20.22,-34.09,-218.93,19.998,-33.982,-218.706
240.0,-30.0,100.0,29.81,-34.13,-219.21,29.996,-33.859,-218.891
240.0,-30.0,90.0,39.38,-33.77,-219.43,39.993,-33.735,-219.075
240.0,-40.0,180.0,-47.12,-44.55,-218.78,-49.864,-44.846,-217.551
240.0,-40.0,170.0,-37.07,-44.66,-218.86,-39.866,-44.722,-217.736
240.0,-40.0,160.0,-27.38,-44.24,-218.88,-29.869,-44.598,-217.92
240.0,-40.0,150.0,-17.7,-44.3,-218.63,-19.871,-44.475,-218.105
240.0,-40.0,140.0,-8.16,-43.96,-218.75,-9.874,-44.351,-218.29
240.0,-40.0,130.0,1.22,-44.19,-218.62,0.124,-44.228,-218.474
240.0,-40.0,120.0,10.82,-44.05,-219.0,10.121,-44.104,-218.659
240.0,-40.0,110.0,20.44,-43.99,-219.07,20.119,-43.981,-218.843
240.0,-40.0,100.0,29.93,-43.85,-219.18,30.117,-43.857,-219.028
240.0,-40.0,90.0,39.55,-43.82,-219.48,40.114,-43.733,-219.212
230.0,50.0,180.0,-48.64,43.99,-228.09,-51.139,45.274,-226.316
230.0,50.0,170.0,-38.82,43.28,-228.04,-41.142,45.398,-226.5
230.0,50.0,160.0,-29.08,43.35,-228.45,-31.144,45.521,-226.685
230.0,50.0,150.0,-19.36,43.41,-228.25,-21.147,45.645,-226.869
230.0,50.0,140.0,-9.73,43.37,-228.55,-11.149,45.768,-227.054
230.0,50.0,130.0,-0.09,43.75,-228.51,-1.152,45.892,-227.238
230.0,50.0,120.0,9.65,43.56,-228.84,8.846,46.016,-227.423
230.0,50.0,110.0,19.27,43.97,-228.79,18.843,46.139,-227.608
230.0,50.0,100.0,28.97,43.91,-229.28,28.841,46.263,-227.792
230.0,50.0,90.0,38.57,44.26,-229.24,38.839,46.386,-227.977
230.0,40.0,180.0,-48.24,34.1,-227.99,-51.018,35.276,-226.453
230.0,40.0,170.0,-38.62,33.52,-227.91,-41.021,35.399,-226.637
230.0,40.0,160.0,-28.85,33.55,-228.27,-31.023,35.523,-226.822
230.0,40.0,150.0,-19.29,33.69,-228.12,-21.026,35.647,-227.006
230.0,40.0,140.0,-9.59,33.93,-228.49,-11.028,35.77,-227.191
230.0,40.0,130.0,0.1,33.67,-228.31,-1.031,35.894,-227.375
230.0,40.0,120.0,9.62,33.98,-228.72,8.967,36.017,-227.56
230.0,40.0,110.0,19.3,34.23,-228.76,18.964,36.141,-227.745
230.0,40.0,100.0,28.9,34.2,-229.07,28.962,36.264,-227.929
230.0,40.0,90.0,38.58,34.66,-229.12,38.96,36.388,-228.114
230.0,30.0,180.0,-47.91,24.44,-227.88,-50.897,25.278,-226.59
230.0,30.0,170.0,-38.24,23.82,-227.9,-40.9,25.401,-226.774
230.0,30.0,160.0,-28.69,24.17,-228.17,-30.902,25.525,-226.959
230.0,30.0,150.0,-19.07,23.86,-227.96,-20.905,25.648,-227.143
230.0,30.0,140.0,-9.37,24.32,-228.42,-10.907,25.772,-227.328
230.0,30.0,130.0,0.06,24.14,-228.26,-0.91,25.895,-227.512
230.0,30.0,120.0,9.7,24.5,-228.68,9.088,26.019,-227.697
230.0,30.0,110.0,19.4,24.61,-228.65,19.086,26.142,-227.882
230.0,30.0,100.0,29.02,24.85,-229.09,29.083,26.266,-228.066
230.0,30.0,90.0,38.69,24.85,-229.07,39.081,26.39,-228.251
230.0,20.0,180.0,-47.57,14.78,-227.88,-50.776,15.279,-226.727
230.0,20.0,170.0,-37.87,14.23,-227.9,-40.779,15.403,-226.911
230.0,20.0,160.0,-28.44,14.28,-228.07,-30.781,15.526,-227.096
230.0,20.0,150.0,-18.84,14.32,-227.98,-20.784,15.65,-227.28
230.0,20.0,140.0,-9.26,14.42,-228.26,-10.786,15.773,-227.465
230.0,20.0,130.0,0.2,14.62,-228.14,-0.789,15.897,-227.649
230.0,20.0,120.0,9.86,14.76,-228.66,9.209,16.021,-227.834
230.0,20.0,110.0,19.52,14.94,-228.61,19.207,16.144,-228.019
230.0,20.0,100.0,29.13,14.96,-229.1,29.204,16.268,-228.203
230.0,20.0,90.0,38.82,15.34,-229.08,39.202,16.391,-228.388
230.0,10.0,180.0,-47.28,5.06,-227.9,-50.655,5.281,-226.864
230.0,10.0,170.0,-37.58,4.57,-227.92,-40.658,5.404,-227.048
230.0,10.0,160.0,-28.19,4.74,-228.07,-30.66,5.528,-227.233
230.0,10.0,150.0,-18.63,4.68,-227.94,-20.663,5.652,-227.417
230.0,10.0,140.0,-9.16,4.82,-228.2,-10.665,5.775,-227.602
230.0,10.0,130.0,0.37,4.89,-228.11,-0.667,5.899,-227.786
230.0,10.0,120.0,10.04,5.13,-228.69,9.33,6.022,-227.971
230.0,10.0,110.0,19.61,5.26,-228.56,19.328,6.146,-228.156
230.0,10.0,100.0,29.24,5.5,-229.09,29.325,6.269,-228.34
230.0,10.0,90.0,38.88,5.49,-229.11,39.323,6.393,-228.525
230.0,-0.0,180.0,-47.08,-4.65,-228.01,-50.534,-4.717,-227.001
230.0,-0.0,170.0,-37.38,-5.1,-227.99,-40.537,-4.594,-227.185
230.0,-0.0,160.0,-27.96,-5.0,-228.11,-30.539,-4.47,-227.37
230.0,-0.0,150.0,-18.44,-4.93,-227.97,-20.541,-4.347,-227.554
230.0,-0.0,140.0,-9.07,-4.84,-228.2,-10.544,-4.223,-227.739
230.0,-0.0,130.0,0.55,-4.76,-228.18,-0.546,-4.1,-227.923
230.0,-0.0,120.0,10.14,-4.57,-228.68,9.451,-3.976,-228.108
230.0,-0.0,110.0,19.7,-4.46,-228.58,19.449,-3.853,-228.293
230.0,-0.0,100.0,29.33,-4.25,-229.1,29.446,-3.729,-228.477
230.0,-0.0,90.0,38.93,-4.23,-229.1,39.444,-3.605,-228.662
230.0,-10.0,180.0,-46.95,-14.33,-228.15,-50.413,-14.716,-227.138
230.0,-10.0,170.0,-37.22,-14.78,-228.15,-40.416,-14.592,-227.322
230.0,-10.0,160.0,-27.81,-14.59,-228.24,-30.418,-14.469,-227.507
230.0,-10.0,150.0,-18.24,-14.62,-228.04,-20.42,-14.345,-227.691
230.0,-10.0,140.0,-8.81,-14.55,-228.24,-10.423,-14.222,-227.876
230.0,-10.0,130.0,0.65,-14.46,-228.16,-0.425,-14.098,-228.06
230.0,-10.0,120.0,10.28,-14.31,-228.72,9.572,-13.974,-228.245
230.0,-10.0,110.0,19.81,-14.16,-228.6,19.57,-13.851,-228.43
230.0,-10.0,100.0,29.38,-13.95,-229.12,29.567,-13.727,-228.614
230.0,-10.0,90.0,38.98,-13.98,-229.15,39.565,-13.604,-228.799
230.0,-20.0,180.0,-46.9,-24.17,-228.29,-50.292,-24.714,-227.275
230.0,-20.0,170.0,-37.07,-24.52,-228.29,-40.294,-24.591,-227.459
230.0,-20.0,160.0,-27.63,-24.3,-228.33,-30.297,-24.467,-227.644
230.0,-20.0,150.0,-18.03,-24.32,-228.12,-20.299,-24.343,-227.828
230.0,-20.0,140.0,-8.62,-24.18,-228.33,-10.302,-24.22,-228.013
230.0,-20.0,130.0,0.75,-24.31,-228.21,-0.304,-24.096,-228.197
230.0,-20.0,120.0,10.3,-24.02,-228.69,9.693,-23.973,-228.382
230.0,-20.0,110.0,19.92,-24.09,-228.67,19.691,-23.849,-228.567
230.0,-20.0,100.0,29.47,-23.7,-229.11,29.688,-23.726,-228.751
230.0,-20.0,90.0,39.08,-23.74,-229.12,39.686,-23.602,-228.936
230.0,-30.0,180.0,-46.89,-34.23,-228.47,-50.171,-34.712,-227.412
230.0,-30.0,170.0,-37.06,-34.46,-228.46,-40.173,-34.589,-227.596
230.0,-30.0,160.0,-27.46,-34.15,-228.49,-30.176,-34.465,-227.781
230.0,-30.0,150.0,-17.97,-34.18,-228.21,-20.178,-34.342,-227.965
230.0,-30.0,140.0,-8.38,-34.04,-228.49,-10.181,-34.218,-228.15
230.0,-30.0,130.0,0.99,-33.94,-228.26,-0.183,-34.095,-228.334
230.0,-30.0,120.0,10.42,-33.93,-228.68,9.814,-33.971,-228.519
230.0,-30.0,110.0,20.02,-33.85,-228.66,19.812,-33.848,-228.704
230.0,-30.0,100.0,29.51,-33.63,-229.11,29.809,-33.724,-228.888
230.0,-30.0,90.0,39.13,-33.7,-229.14,39.807,-33.6,-229.073
230.0,-40.0,180.0,-46.93,-44.28,-228.62,-50.05,-44.711,-227.549
230.0,-40.0,170.0,-37.12,-44.4,-228.58,-40.052,-44.587,-227.733
230.0,-40.0,160.0,-27.25,-44.11,-228.72,-30.055,-44.464,-227.918
230.0,-40.0,150.0,-17.76,-43.95,-228.39,-20.057,-44.34,-228.102
230.0,-40.0,140.0,-8.19,-43.79,-228.58,-10.06,-44.217,-228.287
230.0,-40.0,130.0,1.25,-43.78,-228.39,-0.062,-44.093,-228.471
230.0,-40.0,120.0,10.6,-43.73,-228.71,9.935,-43.969,-228.656
230.0,-40.0,110.0,20.14,-43.62,-228.75,19.933,-43.846,-228.841
230.0,-40.0,100.0,29.62,-43.47,-229.03,29.93,-43.722,-229.025
230.0,-40.0,90.0,39.16,-43.41,-229.08,39.928,-43.599,-229.21
220.0,50.0,180.0,-48.7,44.14,-237.91,-51.326,45.409,-236.313
220.0,50.0,170.0,-38.98,43.46,-237.87,-41.328,45.532,-236.497
220.0,50.0,160.0,-29.22,43.48,-238.26,-31.33,45.656,-236.682
220.0,50.0,150.0,-19.61,43.6,-238.13,-21.333,45.78,-236.867
220.0,50.0,140.0,-9.88,43.52,-238.4,-11.335,45.903,-237.051
220.0,50.0,130.0,-0.3,43.69,-238.32,-1.338,46.027,-237.236
220.0,50.0,120.0,9.25,44.01,-238.66,8.66,46.15,-237.42
220.0,50.0,110.0,18.91,43.89,-238.51,18.657,46.274,-237.605
220.0,50.0,100.0,28.56,44.14,-239.12,28.655,46.397,-237.789
220.0,50.0,90.0,38.19,44.35,-239.15,38.652,46.521,-237.974
220.0,40.0,180.0,-48.3,34.31,-237.87,-51.204,35.411,-236.45
220.0,40.0,170.0,-38.64,33.69,-237.8,-41.207,35.534,-236.634
220.0,40.0,160.0,-29.04,34.03,-238.21,-31.209,35.658,-236.819
220.0,40.0,150.0,-19.31,33.6,-237.89,-21.212,35.781,-237.004
220.0,40.0,140.0,-9.81,33.83,-238.22,-11.214,35.905,-237.188
220.0,40.0,130.0,-0.17,34.01,-238.19,-1.217,36.028,-237.373
220.0,40.0,120.0,9.43,34.15,-238.6,8.781,36.152,-237.557
220.0,40.0,110.0,19.06,34.3,-238.51,18.778,36.276,-237.742
220.0,40.0,100.0,28.76,34.46,-239.08,28.776,36.399,-237.926
220.0,40.0,90.0,38.31,34.5,-238.9,38.773,36.523,-238.111
220.0,30.0,180.0,-47.89,24.57,-237.8,-51.083,25.412,-236.587
220.0,30.0,170.0,-38.35,24.21,-237.7,-41.086,25.536,-236.771
220.0,30.0,160.0,-28.67,24.06,-238.06,-31.088,25.659,-236.956
220.0,30.0,150.0,-19.24,24.25,-237.97,-21.091,25.783,-237.141
220.0,30.0,140.0,-9.63,24.1,-238.16,-11.093,25.907,-237.325
220.0,30.0,130.0,-0.04,24.19,-238.05,-1.096,26.03,-237.51
220.0,30.0,120.0,9.5,24.52,-238.53,8.902,26.154,-237.694
220.0,30.0,110.0,19.15,24.5,-238.43,18.899,26.277,-237.879
220.0,30.0,100.0,28.73,24.84,-238.93,28.897,26.401,-238.063
220.0,30.0,90.0,38.32,25.11,-238.9,38.894,26.524,-238.248
220.0,20.0,180.0,-47.5,14.98,-237.78,-50.962,15.414,-236.724
220.0,20.0,170.0,-38.03,14.36,-237.66,-40.965,15.538,-236.908
220.0,20.0,160.0,-28.38,14.53,-238.06,-30.967,15.661,-237.093
220.0,20.0,150.0,-19.02,14.59,-237.76,-20.97,15.785,-237.278
220.0,20.0,140.0,-9.37,14.62,-238.19,-10.972,15.908,-237.462
220.0,20.0,130.0,0.08,14.87,-238.03,-0.975,16.032,-237.647
220.0,20.0,120.0,9.63,14.74,-238.38,9.023,16.155,-237.831
220.0,20.0,110.0,19.2,15.13,-238.42,19.02,16.279,-238.016
220.0,20.0,100.0,28.78,15.21,-238.77,29.018,16.402,-238.201
220.0,20.0,90.0,38.39,15.27,-238.75,39.015,16.526,-238.385
220.0,10.0,180.0,-47.2,5.29,-237.83,-50.841,5.416,-236.861
220.0,10.0,170.0,-37.73,4.78,-237.74,-40.844,5.539,-237.045
220.0,10.0,160.0,-28.2,4.91,-237.95,-30.846,5.663,-237.23
220.0,10.0,150.0,-18.73,4.85,-237.81,-20.849,5.786,-237.415
220.0,10.0,140.0,-9.15,5.0,-238.06,-10.851,5.91,-237.599
220.0,10.0,130.0,0.22,5.02,-238.01,-0.854,6.033,-237.784
220.0,10.0,120.0,9.66,5.29,-238.31,9.144,6.157,-237.968
220.0,10.0,110.0,19.3,5.24,-238.35,19.141,6.281,-238.153
220.0,10.0,100.0,28.83,5.58,-238.66,29.139,6.404,-238.338
220.0,10.0,90.0,38.43,5.61,-238.74,39.136,6.528,-238.522
220.0,-0.0,180.0,-46.99,-4.4,-237.88,-50.72,-4.583,-236.998
220.0,-0.0,170.0,-37.43,-4.94,-237.81,-40.723,-4.459,-237.183
220.0,-0.0,160.0,-27.95,-4.75,-238.01,-30.725,-4.336,-237.367
220.0,-0.0,150.0,-18.54,-4.78,-237.8,-20.728,-4.212,-237.552
220.0,-0.0,140.0,-9.01,-4.69,-238.1,-10.73,-4.088,-237.736
220.0,-0.0,130.0,0.36,-4.62,-237.91,-0.733,-3.965,-237.921
220.0,-0.0,120.0,9.83,-4.37,-238.34,9.265,-3.841,-238.105
220.0,-0.0,110.0,19.46,-4.26,-238.35,19.262,-3.718,-238.29
220.0,-0.0,100.0,28.98,-4.08,-238.76,29.26,-3.594,-238.475
220.0,-0.0,90.0,38.54,-4.09,-238.77,39.257,-3.471,-238.659
220.0,-10.0,180.0,-46.76,-14.1,-238.01,-50.599,-14.581,-237.135
220.0,-10.0,170.0,-37.22,-14.56,-237.89,-40.602,-14.457,-237.32
220.0,-10.0,160.0,-27.7,-14.14,-238.07,-30.604,-14.334,-237.504
220.0,-10.0,150.0,-18.35,-14.44,-237.92,-20.607,-14.21,-237.689
220.0,-10.0,140.0,-8.8,-14.23,-238.13,-10.609,-14.087,-237.873
220.0,-10.0,130.0,0.55,-14.21,-237.91,-0.612,-13.963,-238.058
220.0,-10.0,120.0,9.97,-14.07,-238.34,9.386,-13.84,-238.242
220.0,-10.0,110.0,19.58,-13.98,-238.37,19.383,-13.716,-238.427
220.0,-10.0,100.0,29.05,-13.76,-238.72,29.381,-13.593,-238.612
220.0,-10.0,90.0,38.63,-13.75,-238.74,39.378,-13.469,-238.796
220.0,-20.0,180.0,-46.7,-23.97,-238.2,-50.478,-24.579,-237.272
220.0,-20.0,170.0,-37.07,-24.24,-238.1,-40.481,-24.456,-237.457
220.0,-20.0,160.0,-27.45,-24.04,-238.27,-30.483,-24.332,-237.641
220.0,-20.0,150.0,-18.17,-24.09,-237.95,-20.486,-24.209,-237.826
220.0,-20.0,140.0,-8.63,-23.95,-238.2,-10.488,-24.085,-238.01
220.0,-20.0,130.0,0.75,-23.93,-238.0,-0.491,-23.962,-238.195
220.0,-20.0,120.0,10.18,-23.78,-238.38,9.507,-23.838,-238.379
220.0,-20.0,110.0,19.71,-23.7,-238.42,19.504,-23.714,-238.564
220.0,-20.0,100.0,29.17,-23.5,-238.7,29.502,-23.591,-238.749
220.0,-20.0,90.0,38.72,-23.52,-238.76,39.5,-23.467,-238.933
220.0,-30.0,180.0,-46.8,-33.87,-238.36,-50.357,-34.578,-237.409
220.0,-30.0,170.0,-37.04,-34.17,-238.24,-40.36,-34.454,-237.594
220.0,-30.0,160.0,-27.34,-33.59,-238.4,-30.362,-34.331,-237.778
220.0,-30.0,150.0,-17.85,-33.96,-238.03,-20.365,-34.207,-237.963
220.0,-30.0,140.0,-8.43,-33.74,-238.25,-10.367,-34.083,-238.147
220.0,-30.0,130.0,0.9,-33.66,-238.03,-0.37,-33.96,-238.332
220.0,-30.0,120.0,10.42,-33.57,-238.45,9.628,-33.836,-238.516
220.0,-30.0,110.0,19.89,-33.49,-238.39,19.626,-33.713,-238.701
220.0,-30.0,100.0,29.31,-33.54,-238.89,29.623,-33.589,-238.886
220.0,-30.0,90.0,38.84,-33.23,-238.82,39.621,-33.466,-239.07
220.0,-40.0,180.0,-46.87,-43.94,-238.53,-50.236,-44.576,-237.546
220.0,-40.0,170.0,-36.95,-44.12,-238.46,-40.239,-44.452,-237.731
220.0,-40.0,160.0,-27.24,-43.66,-238.53,-30.241,-44.329,-237.915
220.0,-40.0,150.0,-17.69,-43.71,-238.23,-20.244,-44.205,-238.1
220.0,-40.0,140.0,-8.31,-43.38,-238.25,-10.246,-44.082,-238.284
220.0,-40.0,130.0,1.17,-43.69,-238.17,-0.249,-43.958,-238.469
220.0,-40.0,120.0,10.62,-43.26,-238.44,9.749,-43.835,-238.653
220.0,-40.0,110.0,19.99,-43.62,-238.42,19.747,-43.711,-238.838
220.0,-40.0,100.0,29.57,-43.25,-238.88,29.744,-43.588,-239.023
220.0,-40.0,90.0,38.92,-43.35,-238.86,39.742,-43.464,-239.207
210.0,50.0,180.0,-48.73,44.33,-247.77,-51.512,45.544,-246.31
210.0,50.0,170.0,-39.01,43.64,-247.73,-41.514,45.667,-246.495
210.0,50.0,160.0,-29.38,43.7,-248.13,-31.517,45.791,-246.679
210.0,50.0,150.0,-19.69,43.64,-248.14,-21.519,45.914,-246.864
210.0,50.0,140.0,-10.17,43.64,-248.14,-11.522,46.038,-247.049
210.0,50.0,130.0,-0.49,43.81,-248.17,-1.524,46.161,-247.233
210.0,50.0,120.0,9.09,43.81,-248.57,8.473,46.285,-247.418
210.0,50.0,110.0,18.63,44.09,-248.4,18.471,46.409,-247.602
210.0,50.0,100.0,28.3,44.08,-248.72,28.469,46.532,-247.787
210.0,50.0,90.0,37.92,44.4,-248.99,38.466,46.656,-247.971
210.0,40.0,180.0,-48.34,34.53,-247.7,-51.391,35.545,-246.447
210.0,40.0,170.0,-38.66,33.91,-247.69,-41.393,35.669,-246.632
210.0,40.0,160.0,-29.05,33.96,-248.01,-31.396,35.792,-246.816
210.0,40.0,150.0,-19.53,34.02,-247.93,-21.398,35.916,-247.001
210.0,40.0,140.0,-9.91,33.86,-248.03,-11.401,36.04,-247.186
210.0,40.0,130.0,-0.35,34.11,-248.02,-1.403,36.163,-247.37
210.0,40.0,120.0,9.11,34.24,-248.29,8.594,36.287,-247.555
210.0,40.0,110.0,18.67,34.53,-248.26,18.592,36.41,-247.739
210.0,40.0,100.0,28.33,34.45,-248.71,28.59,36.534,-247.924
210.0,40.0,90.0,37.91,34.86,-248.78,38.587,36.657,-248.108
210.0,30.0,180.0,-47.99,24.77,-247.66,-51.27,25.547,-246.584
210.0,30.0,170.0,-38.35,24.21,-247.6,-41.272,25.671,-246.769
210.0,30.0,160.0,-28.89,24.28,-247.85,-31.275,25.794,-246.953
210.0,30.0,150.0,-19.28,24.19,-247.86,-21.277,25.918,-247.138
210.0,30.0,140.0,-9.78,24.37,-247.85,-11.28,26.041,-247.323
210.0,30.0,130.0,-0.28,24.48,-247.87,-1.282,26.165,-247.507
210.0,30.0,120.0,9.26,24.62,-248.26,8.716,26.288,-247.692
210.0,30.0,110.0,18.87,24.64,-248.22,18.713,26.412,-247.876
210.0,30.0,100.0,28.52,24.92,-248.54,28.711,26.535,-248.061
210.0,30.0,90.0,38.0,25.18,-248.68,38.708,26.659,-248.245
210.0,20.0,180.0,-47.5,15.12,-247.66,-51.149,15.549,-246.721
210.0,20.0,170.0,-38.07,14.59,-247.6,-41.151,15.672,-246.906
210.0,20.0,160.0,-28.52,14.63,-247.82,-31.154,15.796,-247.09
210.0,20.0,150.0,-19.05,14.94,-247.83,-21.156,15.919,-247.275
210.0,20.0,140.0,-9.69,14.55,-247.8,-11.159,16.043,-247.46
210.0,20.0,130.0,-0.08,14.93,-247.79,-1.161,16.166,-247.644
210.0,20.0,120.0,9.45,14.86,-248.18,8.837,16.29,-247.829
210.0,20.0,110.0,19.0,15.11,-248.15,18.834,16.414,-248.013
210.0,20.0,100.0,28.59,15.42,-248.55,28.832,16.537,-248.198
210.0,20.0,90.0,38.11,15.42,-248.57,38.829,16.661,-248.382
210.0,10.0,180.0,-47.17,5.39,-247.7,-51.028,5.55,-246.858
210.0,10.0,170.0,-37.75,4.9,-247.57,-41.03,5.674,-247.043
210.0,10.0,160.0,-28.21,5.08,-247.72,-31.033,5.797,-247.227
210.0,10.0,150.0,-18.86,4.92,-247.66,-21.035,5.921,-247.412
210.0,10.0,140.0,-9.35,5.1,-247.75,-11.037,6.045,-247.597
210.0,10.0,130.0,0.11,5.19,-247.73,-1.04,6.168,-247.781
210.0,10.0,120.0,9.65,5.47,-248.12,8.958,6.292,-247.966
210.0,10.0,110.0,19.15,5.42,-248.12,18.955,6.415,-248.15
210.0,10.0,100.0,28.73,5.74,-248.49,28.953,6.539,-248.335
210.0,10.0,90.0,38.22,5.79,-248.55,38.95,6.662,-248.519
210.0,-0.0,180.0,-46.76,-4.25,-247.79,-50.907,-4.448,-246.995
210.0,-0.0,170.0,-37.37,-4.71,-247.67,-40.909,-4.324,-247.18
210.0,-0.0,160.0,-27.85,-4.56,-247.86,-30.912,-4.201,-247.364
210.0,-0.0,150.0,-18.57,-4.33,-247.69,-20.914,-4.077,-247.549
210.0,-0.0,140.0,-9.1,-4.65,-247.77,-10.916,-3.954,-247.734
210.0,-0.0,130.0,0.34,-4.3,-247.71,-0.919,-3.83,-247.918
210.0,-0.0,120.0,9.78,-4.39,-248.0,9.079,-3.707,-248.103
210.0,-0.0,110.0,19.25,-4.07,-248.08,19.076,-3.583,-248.287
210.0,-0.0,100.0,28.8,-4.09,-248.52,29.074,-3.46,-248.472
210.0,-0.0,90.0,38.28,-3.68,-248.52,39.071,-3.336,-248.656
210.0,-10.0,180.0,-46.61,-13.88,-247.9,-50.786,-14.446,-247.132
210.0,-10.0,170.0,-37.17,-14.21,-247.82,-40.788,-14.323,-247.317
210.0,-10.0,160.0,-27.67,-14.09,-247.93,-30.79,-14.199,-247.501
210.0,-10.0,150.0,-18.3,-14.08,-247.71,-20.793,-14.076,-247.686
210.0,-10.0,140.0,-8.92,-14.05,-247.74,-10.795,-13.952,-247.871
210.0,-10.0,130.0,0.51,-13.98,-247.72,-0.798,-13.829,-248.055
210.0,-10.0,120.0,9.93,-13.84,-248.08,9.2,-13.705,-248.24
210.0,-10.0,110.0,19.47,-13.64,-248.15,19.197,-13.581,-248.424
210.0,-10.0,100.0,28.91,-13.76,-248.38,29.195,-13.458,-248.609
210.0,-10.0,90.0,38.41,-13.35,-248.5,39.192,-13.334,-248.793
210.0,-20.0,180.0,-46.46,-23.67,-248.07,-50.664,-24.445,-247.269
210.0,-20.0,170.0,-37.05,-24.02,-248.05,-40.667,-24.321,-247.454
210.0,-20.0,160.0,-27.44,-23.75,-247.96,-30.669,-24.198,-247.638
210.0,-20.0,150.0,-18.02,-23.81,-247.87,-20.672,-24.074,-247.823
210.0,-20.0,140.0,-8.78,-23.75,-247.86,-10.674,-23.95,-248.008
210.0,-20.0,130.0,0.76,-23.64,-247.73,-0.677,-23.827,-248.192
210.0,-20.0,120.0,10.14,-23.58,-248.11,9.321,-23.703,-248.377
210.0,-20.0,110.0,19.58,-23.45,-248.13,19.318,-23.58,-248.561
210.0,-20.0,100.0,29.07,-23.54,-248.47,29.316,-23.456,-248.746
210.0,-20.0,90.0,38.5,-23.26,-248.47,39.313,-23.333,-248.93
210.0,-30.0,180.0,-46.58,-33.57,-248.22,-50.543,-34.443,-247.406
210.0,-30.0,170.0,-36.89,-33.86,-248.07,-40.546,-34.319,-247.591
210.0,-30.0,160.0,-27.34,-33.5,-248.14,-30.548,-34.196,-247.775
210.0,-30.0,150.0,-17.86,-33.43,-248.03,-20.551,-34.072,-247.96
210.0,-30.0,140.0,-8.48,-33.47,-247.95,-10.553,-33.949,-248.145
210.0,-30.0,130.0,0.88,-33.25,-247.77,-0.556,-33.825,-248.329
210.0,-30.0,120.0,10.3,-33.42,-248.12,9.442,-33.702,-248.514
210.0,-30.0,110.0,19.73,-33.18,-248.01,19.439,-33.578,-248.698
210.0,-30.0,100.0,29.14,-33.27,-248.52,29.437,-33.454,-248.883
210.0,-30.0,90.0,38.59,-32.96,-248.51,39.434,-33.331,-249.067
210.0,-40.0,180.0,-46.65,-43.7,-248.35,-50.422,-44.441,-247.543
210.0,-40.0,170.0,-36.86,-43.82,-248.28,-40.425,-44.318,-247.728
210.0,-40.0,160.0,-27.19,-43.48,-248.37,-30.427,-44.194,-247.912
210.0,-40.0,150.0,-17.64,-43.18,-248.07,-20.43,-44.071,-248.097
210.0,-40.0,140.0,-8.24,-43.53,-248.15,-10.432,-43.947,-248.282
210.0,-40.0,130.0,1.11,-43.26,-247.91,-0.435,-43.823,-248.466
210.0,-40.0,120.0,10.43,-43.19,-248.12,9.563,-43.7,-248.651
210.0,-40.0,110.0,19.82,-43.15,-248.02,19.56,-43.576,-248.835
210.0,-40.0,100.0,29.33,-43.22,-248.37,29.558,-43.453,-249.02
210.0,-40.0,90.0,38.7,-42.9,-248.5,39.555,-43.329,-249.205
