160.0,-50.0,80.0,63.61,-41.4,-242.4,67.189,-42.992,-243.712
160.0,-50.0,90.0,54.32,-41.48,-242.54,57.2,-43.078,-244.168
160.0,-50.0,100.0,45.02,-41.75,-242.55,47.211,-43.163,-244.623
160.0,-50.0,110.0,35.92,-41.92,-243.13,37.221,-43.249,-245.079
160.0,-50.0,120.0,26.67,-41.98,-243.71,27.232,-43.334,-245.535
160.0,-50.0,130.0,17.53,-41.91,-243.99,17.243,-43.42,-245.991
160.0,-50.0,140.0,8.34,-41.95,-244.85,7.254,-43.505,-246.446
160.0,-50.0,150.0,-0.77,-42.14,-245.42,-2.736,-43.591,-246.902
160.0,-50.0,160.0,-10.01,-41.99,-246.37,-12.725,-43.676,-247.358
160.0,-50.0,170.0,-19.43,-42.05,-246.96,-22.714,-43.762,-247.814
160.0,-40.0,80.0,63.53,-31.4,-242.33,67.1,-32.993,-243.631
160.0,-40.0,90.0,54.36,-31.48,-242.51,57.111,-33.079,-244.087
160.0,-40.0,100.0,45.03,-31.76,-242.69,47.121,-33.164,-244.543
160.0,-40.0,110.0,35.81,-32.13,-243.11,37.132,-33.25,-244.999
160.0,-40.0,120.0,26.53,-31.95,-243.72,27.143,-33.335,-245.454
160.0,-40.0,130.0,17.32,-32.2,-244.09,17.154,-33.421,-245.91
160.0,-40.0,140.0,8.2,-32.31,-244.94,7.164,-33.506,-246.366
160.0,-40.0,150.0,-0.95,-32.11,-245.27,-2.825,-33.592,-246.822
160.0,-40.0,160.0,-10.16,-32.23,-246.3,-12.814,-33.677,-247.277
160.0,-40.0,170.0,-19.58,-32.14,-246.84,-22.803,-33.763,-247.733
160.0,-30.0,80.0,63.54,-21.56,-242.24,67.011,-22.994,-243.551
160.0,-30.0,90.0,54.3,-21.62,-242.55,57.021,-23.079,-244.007
160.0,-30.0,100.0,44.88,-21.86,-242.64,47.032,-23.165,-244.462
160.0,-30.0,110.0,35.71,-22.22,-243.06,37.043,-23.25,-244.918
160.0,-30.0,120.0,26.47,-22.38,-243.87,27.054,-23.336,-245.374
160.0,-30.0,130.0,17.19,-22.33,-244.02,17.064,-23.421,-245.83
160.0,-30.0,140.0,7.97,-22.62,-244.84,7.075,-23.507,-246.285
160.0,-30.0,150.0,-1.17,-22.45,-245.33,-2.914,-23.592,-246.741
160.0,-30.0,160.0,-10.41,-22.29,-246.1,-12.903,-23.678,-247.197
160.0,-30.0,170.0,-19.65,-22.29,-246.72,-22.893,-23.763,-247.653
160.0,-20.0,80.0,63.46,-11.86,-242.28,66.921,-12.994,-243.47
160.0,-20.0,90.0,54.24,-11.81,-242.54,56.932,-13.08,-243.926
160.0,-20.0,100.0,44.99,-12.12,-242.89,46.943,-13.166,-244.382
160.0,-20.0,110.0,35.67,-12.47,-243.21,36.954,-13.251,-244.838
160.0,-20.0,120.0,26.42,-12.66,-243.89,26.964,-13.337,-245.293
160.0,-20.0,130.0,17.12,-12.5,-244.12,16.975,-13.422,-245.749
160.0,-20.0,140.0,7.8,-12.69,-244.83,6.986,-13.508,-246.205
160.0,-20.0,150.0,-1.42,-12.9,-245.28,-3.003,-13.593,-246.661
160.0,-20.0,160.0,-10.55,-12.53,-246.07,-12.993,-13.679,-247.116
160.0,-20.0,170.0,-19.82,-12.87,-246.73,-22.982,-13.764,-247.572
160.0,-10.0,80.0,63.55,-2.05,-242.31,66.832,-2.995,-243.39
160.0,-10.0,90.0,54.22,-2.06,-242.6,56.843,-3.081,-243.846
160.0,-10.0,100.0,44.98,-2.46,-242.82,46.854,-3.166,-244.301
160.0,-10.0,110.0,35.6,-2.66,-243.16,36.864,-3.252,-244.757
160.0,-10.0,120.0,26.25,-3.03,-243.87,26.875,-3.337,-245.213
160.0,-10.0,130.0,17.03,-2.93,-244.16,16.886,-3.423,-245.668
160.0,-10.0,140.0,7.69,-3.26,-244.93,6.897,-3.508,-246.124
160.0,-10.0,150.0,-1.52,-3.0,-245.31,-3.093,-3.594,-246.58
160.0,-10.0,160.0,-10.82,-2.97,-246.09,-13.082,-3.679,-247.036
160.0,-10.0,170.0,-20.04,-3.21,-246.78,-23.071,-3.765,-247.491
160.0,-0.0,80.0,63.53,7.63,-242.33,66.743,7.004,-243.309
160.0,-0.0,90.0,54.21,7.54,-242.66,56.754,6.919,-243.765
160.0,-0.0,100.0,44.91,7.22,-242.88,46.764,6.833,-244.221
160.0,-0.0,110.0,35.52,7.17,-243.27,36.775,6.748,-244.676
160.0,-0.0,120.0,26.18,6.92,-243.87,26.786,6.662,-245.132
160.0,-0.0,130.0,16.93,6.73,-244.26,16.797,6.576,-245.588
160.0,-0.0,140.0,7.54,6.34,-244.97,6.807,6.491,-246.044
160.0,-0.0,150.0,-1.68,6.64,-245.38,-3.182,6.405,-246.499
160.0,-0.0,160.0,-10.98,6.57,-246.03,-13.171,6.32,-246.955
160.0,-0.0,170.0,-20.25,6.42,-246.8,-23.16,6.234,-247.411
160.0,10.0,80.0,63.56,17.33,-242.41,66.653,17.003,-243.229
160.0,10.0,90.0,54.22,17.25,-242.74,56.664,16.918,-243.684
160.0,10.0,100.0,44.9,16.93,-242.99,46.675,16.832,-244.14
160.0,10.0,110.0,35.54,16.69,-243.31,36.686,16.747,-244.596
160.0,10.0,120.0,26.13,16.38,-244.01,26.697,16.661,-245.052
160.0,10.0,130.0,16.83,16.3,-244.34,16.707,16.576,-245.507
160.0,10.0,140.0,7.46,16.06,-245.08,6.718,16.49,-245.963
160.0,10.0,150.0,-1.88,16.01,-245.45,-3.271,16.405,-246.419
160.0,10.0,160.0,-11.13,16.16,-246.17,-13.26,16.319,-246.875
160.0,10.0,170.0,-20.56,16.17,-246.74,-23.25,16.234,-247.33
160.0,20.0,80.0,63.59,26.89,-242.5,66.564,27.003,-243.148
160.0,20.0,90.0,54.22,26.94,-242.86,56.575,26.917,-243.604
160.0,20.0,100.0,44.85,26.65,-243.09,46.586,26.832,-244.06
160.0,20.0,110.0,35.49,26.49,-243.5,36.596,26.746,-244.515
160.0,20.0,120.0,26.12,26.28,-244.21,26.607,26.661,-244.971
160.0,20.0,130.0,16.74,25.88,-244.42,16.618,26.575,-245.427
160.0,20.0,140.0,7.31,25.98,-245.17,6.629,26.49,-245.883
160.0,20.0,150.0,-2.05,25.8,-245.55,-3.36,26.404,-246.338
160.0,20.0,160.0,-11.33,25.86,-246.34,-13.35,26.319,-246.794
160.0,20.0,170.0,-20.74,25.76,-246.76,-23.339,26.233,-247.25
160.0,30.0,80.0,63.61,36.55,-242.63,66.475,37.002,-243.068
160.0,30.0,90.0,54.24,36.51,-243.02,56.486,36.916,-243.523
160.0,30.0,100.0,44.81,36.38,-243.25,46.496,36.831,-243.979
160.0,30.0,110.0,35.41,36.04,-243.56,36.507,36.745,-244.435
160.0,30.0,120.0,26.14,35.54,-244.25,26.518,36.66,-244.891
160.0,30.0,130.0,16.61,35.81,-244.67,16.529,36.574,-245.346
160.0,30.0,140.0,7.24,35.33,-245.3,6.539,36.489,-245.802
160.0,30.0,150.0,-2.15,35.54,-245.76,-3.45,36.403,-246.258
160.0,30.0,160.0,-11.55,35.25,-246.4,-13.439,36.318,-246.714
160.0,30.0,170.0,-20.99,35.53,-246.94,-23.428,36.232,-247.169
160.0,40.0,80.0,63.63,46.18,-242.82,66.386,47.001,-242.987
160.0,40.0,90.0,54.26,46.18,-243.24,56.396,46.916,-243.443
160.0,40.0,100.0,44.82,45.97,-243.43,46.407,46.83,-243.899
160.0,40.0,110.0,35.39,45.79,-243.74,36.418,46.745,-244.354
160.0,40.0,120.0,26.01,45.41,-244.35,26.429,46.659,-244.81
160.0,40.0,130.0,16.57,45.18,-244.69,16.439,46.574,-245.266
160.0,40.0,140.0,7.22,45.24,-245.54,6.45,46.488,-245.722
160.0,40.0,150.0,-2.35,45.27,-245.91,-3.539,46.403,-246.177
160.0,40.0,160.0,-11.66,45.09,-246.72,-13.528,46.317,-246.633
160.0,40.0,170.0,-21.25,45.03,-247.04,-23.518,46.232,-247.089
170.0,-50.0,80.0,63.34,-41.4,-232.76,66.734,-43.077,-233.723
170.0,-50.0,90.0,53.9,-41.69,-232.91,56.745,-43.162,-234.178
170.0,-50.0,100.0,44.62,-41.87,-233.03,46.756,-43.248,-234.634
170.0,-50.0,110.0,35.43,-42.0,-233.6,36.766,-43.333,-235.09
170.0,-50.0,120.0,26.21,-42.24,-233.94,26.777,-43.419,-235.546
170.0,-50.0,130.0,16.88,-42.08,-234.38,16.788,-43.504,-236.001
170.0,-50.0,140.0,7.69,-42.13,-235.0,6.799,-43.59,-236.457
170.0,-50.0,150.0,-1.56,-42.22,-235.61,-3.191,-43.675,-236.913
170.0,-50.0,160.0,-10.87,-42.07,-236.52,-13.18,-43.761,-237.369
170.0,-50.0,170.0,-20.24,-42.07,-237.11,-23.169,-43.846,-237.824
170.0,-40.0,80.0,63.29,-31.52,-232.7,66.645,-33.078,-233.642
170.0,-40.0,90.0,54.01,-31.56,-233.01,56.656,-33.163,-234.098
170.0,-40.0,100.0,44.66,-31.96,-233.12,46.666,-33.249,-234.554
170.0,-40.0,110.0,35.3,-32.08,-233.58,36.677,-33.334,-235.009
170.0,-40.0,120.0,26.09,-32.11,-233.9,26.688,-33.42,-235.465
170.0,-40.0,130.0,16.76,-32.34,-234.39,16.699,-33.505,-235.921
170.0,-40.0,140.0,7.57,-32.48,-235.14,6.709,-33.591,-236.377
170.0,-40.0,150.0,-1.65,-32.24,-235.56,-3.28,-33.676,-236.832
170.0,-40.0,160.0,-11.01,-32.25,-236.43,-13.269,-33.762,-237.288
170.0,-40.0,170.0,-20.24,-32.53,-237.13,-23.258,-33.847,-237.744
170.0,-30.0,80.0,63.37,-21.64,-232.79,66.556,-23.078,-233.562
170.0,-30.0,90.0,53.93,-21.73,-232.88,56.566,-23.164,-234.017
170.0,-30.0,100.0,44.68,-22.0,-233.12,46.577,-23.249,-234.473
170.0,-30.0,110.0,35.35,-22.14,-233.66,36.588,-23.335,-234.929
170.0,-30.0,120.0,26.01,-22.58,-233.96,26.599,-23.42,-235.385
170.0,-30.0,130.0,16.73,-22.42,-234.57,16.609,-23.506,-235.84
170.0,-30.0,140.0,7.38,-22.7,-235.09,6.62,-23.591,-236.296
170.0,-30.0,150.0,-1.8,-22.43,-235.55,-3.369,-23.677,-236.752
170.0,-30.0,160.0,-11.07,-22.47,-236.4,-13.358,-23.762,-237.207
170.0,-30.0,170.0,-20.31,-22.51,-237.02,-23.348,-23.848,-237.663
170.0,-20.0,80.0,63.36,-11.87,-232.75,66.466,-13.079,-233.481
170.0,-20.0,90.0,53.94,-11.96,-232.89,56.477,-13.165,-233.937
170.0,-20.0,100.0,44.7,-12.33,-233.16,46.488,-13.25,-234.393
170.0,-20.0,110.0,35.35,-12.52,-233.73,36.499,-13.336,-234.848
170.0,-20.0,120.0,25.94,-12.62,-234.13,26.509,-13.421,-235.304
170.0,-20.0,130.0,16.7,-12.99,-234.72,16.52,-13.507,-235.76
170.0,-20.0,140.0,7.27,-12.75,-235.05,6.531,-13.592,-236.215
170.0,-20.0,150.0,-2.0,-13.05,-235.53,-3.458,-13.678,-236.671
170.0,-20.0,160.0,-11.13,-12.84,-236.37,-13.448,-13.763,-237.127
170.0,-20.0,170.0,-20.53,-12.63,-236.84,-23.437,-13.849,-237.583
170.0,-10.0,80.0,63.31,-2.12,-232.69,66.377,-3.08,-233.401
170.0,-10.0,90.0,54.02,-2.23,-233.01,56.388,-3.165,-233.856
170.0,-10.0,100.0,44.64,-2.48,-233.11,46.399,-3.251,-234.312
170.0,-10.0,110.0,35.31,-2.74,-233.79,36.409,-3.336,-234.768
170.0,-10.0,120.0,25.86,-2.8,-234.18,26.42,-3.422,-235.223
170.0,-10.0,130.0,16.62,-2.99,-234.66,16.431,-3.507,-235.679
170.0,-10.0,140.0,7.21,-3.24,-235.14,6.442,-3.593,-236.135
170.0,-10.0,150.0,-2.11,-3.35,-235.43,-3.548,-3.678,-236.591
170.0,-10.0,160.0,-11.36,-3.34,-236.39,-13.537,-3.764,-237.046
170.0,-10.0,170.0,-20.66,-3.04,-236.76,-23.526,-3.849,-237.502
170.0,-0.0,80.0,63.39,7.5,-232.72,66.288,6.92,-233.32
170.0,-0.0,90.0,54.05,7.41,-233.1,56.299,6.834,-233.776
170.0,-0.0,100.0,44.6,7.2,-233.13,46.309,6.749,-234.231
170.0,-0.0,110.0,35.23,7.05,-233.73,36.32,6.663,-234.687
170.0,-0.0,120.0,25.84,6.79,-234.25,26.331,6.577,-235.143
170.0,-0.0,130.0,16.53,6.64,-234.59,16.342,6.492,-235.599
170.0,-0.0,140.0,7.12,6.52,-235.14,6.352,6.406,-236.054
170.0,-0.0,150.0,-2.27,6.41,-235.55,-3.637,6.321,-236.51
170.0,-0.0,160.0,-11.54,6.35,-236.35,-13.626,6.235,-236.966
170.0,-0.0,170.0,-20.86,6.17,-236.78,-23.615,6.15,-237.422
170.0,10.0,80.0,63.38,17.14,-232.81,66.198,16.919,-233.239
170.0,10.0,90.0,54.0,17.09,-233.15,56.209,16.833,-233.695
170.0,10.0,100.0,44.61,16.85,-233.22,46.22,16.748,-234.151
170.0,10.0,110.0,35.24,16.67,-233.91,36.231,16.662,-234.607
170.0,10.0,120.0,25.8,16.43,-234.22,26.242,16.577,-235.062
170.0,10.0,130.0,16.48,16.2,-234.84,16.252,16.491,-235.518
170.0,10.0,140.0,7.08,16.04,-235.27,6.263,16.406,-235.974
170.0,10.0,150.0,-2.4,16.09,-235.62,-3.726,16.32,-236.43
170.0,10.0,160.0,-11.64,15.85,-236.47,-13.715,16.235,-236.885
170.0,10.0,170.0,-21.08,15.94,-236.82,-23.705,16.149,-237.341
170.0,20.0,80.0,63.43,26.71,-232.91,66.109,26.918,-233.159
170.0,20.0,90.0,54.0,26.71,-233.12,56.12,26.833,-233.615
170.0,20.0,100.0,44.64,26.57,-233.43,46.131,26.747,-234.07
170.0,20.0,110.0,35.29,26.27,-233.97,36.141,26.662,-234.526
170.0,20.0,120.0,25.8,26.1,-234.4,26.152,26.576,-234.982
170.0,20.0,130.0,16.47,25.77,-234.93,16.163,26.491,-235.438
170.0,20.0,140.0,6.95,25.77,-235.41,6.174,26.405,-235.893
170.0,20.0,150.0,-2.48,25.61,-235.73,-3.816,26.32,-236.349
170.0,20.0,160.0,-11.83,25.49,-236.6,-13.805,26.234,-236.805
170.0,20.0,170.0,-21.27,25.62,-236.95,-23.794,26.148,-237.261
170.0,30.0,80.0,63.5,36.3,-233.03,66.02,36.917,-233.078
170.0,30.0,90.0,54.0,36.34,-233.22,56.031,36.832,-233.534
170.0,30.0,100.0,44.64,36.18,-233.48,46.041,36.746,-233.99
170.0,30.0,110.0,35.24,35.91,-234.07,36.052,36.661,-234.446
170.0,30.0,120.0,25.74,35.74,-234.33,26.063,36.575,-234.901
170.0,30.0,130.0,16.32,35.28,-235.0,16.074,36.49,-235.357
170.0,30.0,140.0,6.82,35.44,-235.52,6.084,36.404,-235.813
170.0,30.0,150.0,-2.52,35.39,-235.99,-3.905,36.319,-236.269
170.0,30.0,160.0,-12.07,35.27,-236.67,-13.894,36.233,-236.724
170.0,30.0,170.0,-21.43,35.25,-237.16,-23.883,36.148,-237.18
170.0,40.0,80.0,63.44,45.94,-233.07,65.931,46.917,-232.998
170.0,40.0,90.0,54.15,45.84,-233.44,55.941,46.831,-233.454
170.0,40.0,100.0,44.64,45.77,-233.63,45.952,46.746,-233.909
170.0,40.0,110.0,35.13,45.6,-234.16,35.963,46.66,-234.365
170.0,40.0,120.0,25.74,45.43,-234.52,25.974,46.575,-234.821
170.0,40.0,130.0,16.23,45.17,-234.97,15.984,46.489,-235.277
170.0,40.0,140.0,6.87,45.08,-235.7,5.995,46.404,-235.732
170.0,40.0,150.0,-2.64,45.01,-236.15,-3.994,46.318,-236.188
170.0,40.0,160.0,-12.18,44.91,-236.83,-13.983,46.233,-236.644
170.0,40.0,170.0,-21.7,45.0,-237.32,-23.973,46.147,-237.1
180.0,-50.0,80.0,63.02,-41.71,-223.06,66.279,-43.161,-223.733
180.0,-50.0,90.0,53.68,-41.72,-223.3,56.29,-43.247,-224.189
180.0,-50.0,100.0,44.39,-42.1,-223.54,46.301,-43.332,-224.645
180.0,-50.0,110.0,35.08,-42.13,-223.91,36.311,-43.418,-225.101
180.0,-50.0,120.0,25.73,-42.41,-224.19,26.322,-43.503,-225.556
180.0,-50.0,130.0,16.46,-42.52,-225.01,16.333,-43.589,-226.012
180.0,-50.0,140.0,7.16,-42.34,-225.2,6.344,-43.674,-226.468
180.0,-50.0,150.0,-2.16,-42.26,-226.06,-3.646,-43.76,-226.924
180.0,-50.0,160.0,-11.46,-42.54,-226.67,-13.635,-43.845,-227.379
180.0,-50.0,170.0,-20.98,-42.28,-227.58,-23.624,-43.931,-227.835
180.0,-40.0,80.0,63.17,-31.68,-223.13,66.19,-33.162,-223.653
180.0,-40.0,90.0,53.7,-31.82,-223.24,56.201,-33.248,-224.109
180.0,-40.0,100.0,44.35,-32.12,-223.47,46.211,-33.333,-224.564
180.0,-40.0,110.0,35.01,-32.22,-223.95,36.222,-33.419,-225.02
180.0,-40.0,120.0,25.62,-32.46,-224.17,26.233,-33.504,-225.476
180.0,-40.0,130.0,16.36,-32.69,-225.02,16.244,-33.59,-225.932
180.0,-40.0,140.0,7.01,-32.52,-225.21,6.254,-33.675,-226.387
180.0,-40.0,150.0,-2.23,-32.48,-225.8,-3.735,-33.761,-226.843
180.0,-40.0,160.0,-11.63,-32.65,-226.53,-13.724,-33.846,-227.299
180.0,-40.0,170.0,-20.96,-32.5,-227.48,-23.713,-33.932,-227.754
180.0,-30.0,80.0,63.14,-21.75,-223.08,66.101,-23.163,-223.572
180.0,-30.0,90.0,53.74,-21.91,-223.25,56.111,-23.248,-224.028
180.0,-30.0,100.0,44.41,-22.13,-223.44,46.122,-23.334,-224.484
180.0,-30.0,110.0,35.09,-22.29,-224.02,36.133,-23.419,-224.94
180.0,-30.0,120.0,25.64,-22.52,-224.28,26.144,-23.505,-225.395
180.0,-30.0,130.0,16.26,-22.68,-224.94,16.154,-23.59,-225.851
180.0,-30.0,140.0,6.88,-22.89,-225.25,6.165,-23.676,-226.307
180.0,-30.0,150.0,-2.44,-22.73,-225.71,-3.824,-23.761,-226.762
180.0,-30.0,160.0,-11.66,-22.55,-226.62,-13.813,-23.847,-227.218
180.0,-30.0,170.0,-21.13,-22.83,-227.16,-23.803,-23.932,-227.674
180.0,-20.0,80.0,63.17,-11.97,-223.08,66.011,-13.164,-223.492
180.0,-20.0,90.0,53.83,-12.03,-223.28,56.022,-13.249,-223.948
180.0,-20.0,100.0,44.35,-12.45,-223.43,46.033,-13.335,-224.403
180.0,-20.0,110.0,35.05,-12.49,-224.07,36.044,-13.42,-224.859
180.0,-20.0,120.0,25.55,-12.88,-224.26,26.054,-13.506,-225.315
180.0,-20.0,130.0,16.21,-12.8,-224.98,16.065,-13.591,-225.77
180.0,-20.0,140.0,6.86,-13.07,-225.29,6.076,-13.677,-226.226
180.0,-20.0,150.0,-2.56,-13.19,-225.74,-3.913,-13.762,-226.682
180.0,-20.0,160.0,-11.76,-12.84,-226.62,-13.903,-13.848,-227.138
180.0,-20.0,170.0,-21.19,-13.27,-227.08,-23.892,-13.933,-227.593
180.0,-10.0,80.0,63.25,-2.26,-223.13,65.922,-3.164,-223.411
180.0,-10.0,90.0,53.84,-2.33,-223.34,55.933,-3.25,-223.867
180.0,-10.0,100.0,44.38,-2.59,-223.5,45.944,-3.335,-224.323
180.0,-10.0,110.0,34.97,-2.92,-224.07,35.954,-3.421,-224.778
180.0,-10.0,120.0,25.52,-3.24,-224.32,25.965,-3.506,-225.234
180.0,-10.0,130.0,16.15,-3.18,-224.96,15.976,-3.592,-225.69
180.0,-10.0,140.0,6.84,-3.29,-225.49,5.987,-3.677,-226.146
180.0,-10.0,150.0,-2.63,-3.31,-225.76,-4.003,-3.763,-226.601
180.0,-10.0,160.0,-11.89,-3.52,-226.63,-13.992,-3.848,-227.057
180.0,-10.0,170.0,-21.28,-3.33,-226.99,-23.981,-3.934,-227.513
180.0,-0.0,80.0,63.3,7.37,-223.18,65.833,6.835,-223.331
180.0,-0.0,90.0,53.84,7.23,-223.36,55.843,6.75,-223.786
180.0,-0.0,100.0,44.37,6.96,-223.46,45.854,6.664,-224.242
180.0,-0.0,110.0,34.98,6.9,-224.06,35.865,6.578,-224.698
180.0,-0.0,120.0,25.51,6.65,-224.35,25.876,6.493,-225.154
180.0,-0.0,130.0,16.08,6.39,-225.0,15.887,6.407,-225.609
180.0,-0.0,140.0,6.76,6.18,-225.42,5.897,6.322,-226.065
180.0,-0.0,150.0,-2.69,6.29,-225.79,-4.092,6.236,-226.521
180.0,-0.0,160.0,-12.01,6.36,-226.62,-14.081,6.151,-226.977
180.0,-0.0,170.0,-21.47,6.07,-227.01,-24.07,6.065,-227.432
180.0,10.0,80.0,63.28,17.07,-223.16,65.743,16.834,-223.25
180.0,10.0,90.0,53.86,16.97,-223.46,55.754,16.749,-223.706
180.0,10.0,100.0,44.38,16.77,-223.54,45.765,16.663,-224.162
180.0,10.0,110.0,34.96,16.51,-224.13,35.776,16.578,-224.617
180.0,10.0,120.0,25.49,16.16,-224.41,25.786,16.492,-225.073
180.0,10.0,130.0,16.06,16.18,-225.05,15.797,16.407,-225.529
180.0,10.0,140.0,6.67,15.92,-225.43,5.808,16.321,-225.985
180.0,10.0,150.0,-2.79,15.93,-225.85,-4.181,16.236,-226.44
180.0,10.0,160.0,-12.14,15.82,-226.68,-14.17,16.15,-226.896
180.0,10.0,170.0,-21.63,15.6,-227.02,-24.16,16.065,-227.352
180.0,20.0,80.0,63.3,26.56,-223.16,65.654,26.834,-223.17
180.0,20.0,90.0,53.9,26.53,-223.47,55.665,26.748,-223.625
180.0,20.0,100.0,44.35,26.36,-223.61,45.676,26.663,-224.081
180.0,20.0,110.0,35.02,26.18,-224.29,35.686,26.577,-224.537
180.0,20.0,120.0,25.46,25.69,-224.44,25.697,26.492,-224.993
180.0,20.0,130.0,16.07,25.7,-225.18,15.708,26.406,-225.448
180.0,20.0,140.0,6.6,25.69,-225.59,5.719,26.321,-225.904
180.0,20.0,150.0,-2.94,25.35,-225.91,-4.271,26.235,-226.36
180.0,20.0,160.0,-12.26,25.45,-226.78,-14.26,26.149,-226.816
180.0,20.0,170.0,-21.88,25.43,-227.11,-24.249,26.064,-227.271
180.0,30.0,80.0,63.31,36.17,-223.26,65.565,36.833,-223.089
180.0,30.0,90.0,53.83,36.22,-223.55,55.576,36.747,-223.545
180.0,30.0,100.0,44.41,36.02,-223.73,45.586,36.662,-224.001
180.0,30.0,110.0,35.0,35.73,-224.37,35.597,36.576,-224.456
180.0,30.0,120.0,25.5,35.4,-224.6,25.608,36.491,-224.912
180.0,30.0,130.0,15.98,35.44,-225.3,15.619,36.405,-225.368
180.0,30.0,140.0,6.5,35.01,-225.64,5.629,36.32,-225.824
180.0,30.0,150.0,-3.06,35.2,-226.08,-4.36,36.234,-226.279
180.0,30.0,160.0,-12.45,35.18,-226.91,-14.349,36.149,-226.735
180.0,30.0,170.0,-22.07,35.06,-227.23,-24.338,36.063,-227.191
180.0,40.0,80.0,63.42,45.85,-223.41,65.476,46.832,-223.009
180.0,40.0,90.0,53.89,45.83,-223.66,55.486,46.747,-223.464
180.0,40.0,100.0,44.4,45.63,-223.9,45.497,46.661,-223.92
180.0,40.0,110.0,34.94,45.41,-224.46,35.508,46.576,-224.376
180.0,40.0,120.0,25.39,45.14,-224.64,25.519,46.49,-224.832
180.0,40.0,130.0,15.96,45.03,-225.47,15.529,46.405,-225.287
180.0,40.0,140.0,6.45,45.0,-225.87,5.54,46.319,-225.743
180.0,40.0,150.0,-3.08,44.66,-226.35,-4.449,46.234,-226.199
180.0,40.0,160.0,-12.69,44.94,-226.93,-14.438,46.148,-226.654
180.0,40.0,170.0,-22.17,44.7,-227.61,-24.428,46.063,-227.11
190.0,-50.0,80.0,62.89,-41.73,-213.48,65.824,-43.246,-213.744
190.0,-50.0,90.0,53.4,-41.98,-213.61,55.835,-43.331,-214.2
190.0,-50.0,100.0,43.99,-42.25,-213.74,45.846,-43.417,-214.656
190.0,-50.0,110.0,34.66,-42.36,-214.31,35.856,-43.502,-215.111
190.0,-50.0,120.0,25.27,-42.75,-214.49,25.867,-43.588,-215.567
190.0,-50.0,130.0,15.96,-42.42,-215.13,15.878,-43.673,-216.023
190.0,-50.0,140.0,6.65,-42.56,-215.5,5.889,-43.759,-216.478
190.0,-50.0,150.0,-2.77,-42.44,-216.23,-4.101,-43.844,-216.934
190.0,-50.0,160.0,-12.1,-42.67,-216.96,-14.09,-43.93,-217.39
190.0,-50.0,170.0,-21.66,-42.56,-217.78,-24.079,-44.015,-217.846
190.0,-40.0,80.0,62.9,-31.78,-213.47,65.735,-33.247,-213.664
190.0,-40.0,90.0,53.41,-31.94,-213.57,55.746,-33.332,-214.119
190.0,-40.0,100.0,44.01,-32.33,-213.73,45.756,-33.418,-214.575
190.0,-40.0,110.0,34.76,-32.48,-214.47,35.767,-33.503,-215.031
190.0,-40.0,120.0,25.28,-32.8,-214.51,25.778,-33.589,-215.486
190.0,-40.0,130.0,15.87,-32.59,-215.13,15.789,-33.674,-215.942
190.0,-40.0,140.0,6.47,-32.67,-215.5,5.799,-33.76,-216.398
190.0,-40.0,150.0,-2.82,-32.83,-216.31,-4.19,-33.845,-216.854
190.0,-40.0,160.0,-12.23,-32.66,-216.78,-14.179,-33.931,-217.309
190.0,-40.0,170.0,-21.65,-32.83,-217.74,-24.168,-34.016,-217.765
190.0,-30.0,80.0,62.92,-21.95,-213.5,65.646,-23.247,-213.583
190.0,-30.0,90.0,53.55,-22.19,-213.65,55.656,-23.333,-214.039
190.0,-30.0,100.0,44.1,-22.37,-213.81,45.667,-23.418,-214.494
190.0,-30.0,110.0,34.68,-22.67,-214.36,35.678,-23.504,-214.95
190.0,-30.0,120.0,25.27,-22.7,-214.59,25.689,-23.589,-215.406
190.0,-30.0,130.0,15.85,-23.05,-215.25,15.699,-23.675,-215.862
190.0,-30.0,140.0,6.46,-22.87,-215.5,5.71,-23.76,-216.317
190.0,-30.0,150.0,-2.96,-23.04,-216.25,-4.279,-23.846,-216.773
190.0,-30.0,160.0,-12.32,-22.93,-216.71,-14.268,-23.931,-217.229
190.0,-30.0,170.0,-21.74,-23.08,-217.64,-24.258,-24.017,-217.685
190.0,-20.0,80.0,62.99,-12.12,-213.46,65.556,-13.248,-213.502
190.0,-20.0,90.0,53.59,-12.18,-213.72,55.567,-13.334,-213.958
190.0,-20.0,100.0,44.05,-12.48,-213.73,45.578,-13.419,-214.414
190.0,-20.0,110.0,34.6,-12.68,-214.28,35.589,-13.505,-214.87
190.0,-20.0,120.0,25.16,-12.96,-214.58,25.599,-13.59,-215.325
190.0,-20.0,130.0,15.78,-13.14,-215.22,15.61,-13.676,-215.781
190.0,-20.0,140.0,6.29,-13.32,-215.46,5.621,-13.761,-216.237
190.0,-20.0,150.0,-3.01,-13.07,-216.23,-4.368,-13.847,-216.693
190.0,-20.0,160.0,-12.44,-13.23,-216.57,-14.358,-13.932,-217.148
190.0,-20.0,170.0,-21.79,-13.21,-217.55,-24.347,-14.018,-217.604
190.0,-10.0,80.0,63.04,-2.38,-213.44,65.467,-3.249,-213.422
190.0,-10.0,90.0,53.59,-2.46,-213.69,55.478,-3.334,-213.878
190.0,-10.0,100.0,44.05,-2.72,-213.75,45.489,-3.42,-214.333
190.0,-10.0,110.0,34.61,-3.06,-214.28,35.499,-3.505,-214.789
190.0,-10.0,120.0,25.19,-3.18,-214.6,25.51,-3.591,-215.245
190.0,-10.0,130.0,15.67,-3.55,-215.24,15.521,-3.676,-215.701
190.0,-10.0,140.0,6.24,-3.4,-215.46,5.532,-3.762,-216.156
190.0,-10.0,150.0,-3.08,-3.61,-216.25,-4.458,-3.847,-216.612
190.0,-10.0,160.0,-12.64,-3.42,-216.5,-14.447,-3.933,-217.068
190.0,-10.0,170.0,-21.83,-3.58,-217.5,-24.436,-4.018,-217.524
190.0,-0.0,80.0,63.08,7.23,-213.44,65.378,6.751,-213.341
190.0,-0.0,90.0,53.57,7.17,-213.7,55.388,6.665,-213.797
190.0,-0.0,100.0,44.06,6.86,-213.78,45.399,6.579,-214.253
190.0,-0.0,110.0,34.63,6.63,-214.38,35.41,6.494,-214.709
190.0,-0.0,120.0,25.16,6.26,-214.59,25.421,6.408,-215.164
190.0,-0.0,130.0,15.64,6.39,-215.27,15.431,6.323,-215.62
190.0,-0.0,140.0,6.19,6.23,-215.46,5.442,6.237,-216.076
190.0,-0.0,150.0,-3.12,5.85,-216.31,-4.547,6.152,-216.532
190.0,-0.0,160.0,-12.75,6.12,-216.55,-14.536,6.066,-216.987
190.0,-0.0,170.0,-21.95,6.16,-217.44,-24.525,5.981,-217.443
190.0,10.0,80.0,63.12,16.89,-213.48,65.288,16.75,-213.261
190.0,10.0,90.0,53.62,16.83,-213.75,55.299,16.664,-213.717
190.0,10.0,100.0,44.09,16.63,-213.82,45.31,16.579,-214.172
190.0,10.0,110.0,34.59,16.41,-214.37,35.321,16.493,-214.628
190.0,10.0,120.0,25.15,15.94,-214.66,25.331,16.408,-215.084
190.0,10.0,130.0,15.6,15.93,-215.31,15.342,16.322,-215.54
190.0,10.0,140.0,6.15,15.65,-215.52,5.353,16.237,-215.995
190.0,10.0,150.0,-3.24,15.78,-216.36,-4.636,16.151,-216.451
190.0,10.0,160.0,-12.84,15.83,-216.56,-14.626,16.066,-216.907
190.0,10.0,170.0,-22.14,15.76,-217.53,-24.615,15.98,-217.363
190.0,20.0,80.0,63.15,26.48,-213.5,65.199,26.749,-213.18
190.0,20.0,90.0,53.7,26.48,-213.79,55.21,26.664,-213.636
190.0,20.0,100.0,44.12,26.32,-213.88,45.221,26.578,-214.092
190.0,20.0,110.0,34.59,25.99,-214.46,35.231,26.493,-214.548
190.0,20.0,120.0,25.12,25.7,-214.71,25.242,26.407,-215.003
190.0,20.0,130.0,15.63,25.72,-215.4,15.253,26.322,-215.459
190.0,20.0,140.0,6.09,25.32,-215.6,5.264,26.236,-215.915
190.0,20.0,150.0,-3.37,25.44,-216.42,-4.726,26.15,-216.371
190.0,20.0,160.0,-12.89,25.19,-216.69,-14.715,26.065,-216.826
190.0,20.0,170.0,-22.36,25.48,-217.57,-24.704,25.979,-217.282
190.0,30.0,80.0,63.14,36.07,-213.6,65.11,36.748,-213.1
190.0,30.0,90.0,53.68,36.13,-213.9,55.121,36.663,-213.556
190.0,30.0,100.0,44.15,35.87,-213.98,45.131,36.577,-214.011
190.0,30.0,110.0,34.69,35.76,-214.6,35.142,36.492,-214.467
190.0,30.0,120.0,25.14,35.6,-214.88,25.153,36.406,-214.923
190.0,30.0,130.0,15.62,35.28,-215.53,15.164,36.321,-215.379
190.0,30.0,140.0,6.07,35.02,-215.77,5.174,36.235,-215.834
190.0,30.0,150.0,-3.45,35.14,-216.53,-4.815,36.15,-216.29
190.0,30.0,160.0,-13.01,35.03,-216.88,-14.804,36.064,-216.746
190.0,30.0,170.0,-22.57,35.0,-217.7,-24.793,35.979,-217.201
190.0,40.0,80.0,63.24,45.64,-213.65,65.021,46.748,-213.019
190.0,40.0,90.0,53.65,45.69,-213.9,55.031,46.662,-213.475
190.0,40.0,100.0,44.12,45.43,-214.03,45.042,46.577,-213.931
190.0,40.0,110.0,34.72,45.09,-214.74,35.053,46.491,-214.387
190.0,40.0,120.0,25.13,45.2,-214.91,25.064,46.406,-214.842
190.0,40.0,130.0,15.55,44.7,-215.54,15.074,46.32,-215.298
190.0,40.0,140.0,6.0,44.72,-215.93,5.085,46.235,-215.754
190.0,40.0,150.0,-3.49,44.49,-216.65,-4.904,46.149,-216.209
190.0,40.0,160.0,-13.06,44.66,-217.11,-14.893,46.064,-216.665
190.0,40.0,170.0,-22.7,44.66,-217.81,-24.883,45.978,-217.121
200.0,-50.0,80.0,62.59,-42.04,-203.8,65.369,-43.33,-203.755
200.0,-50.0,90.0,53.12,-42.13,-203.88,55.38,-43.416,-204.211
200.0,-50.0,100.0,43.7,-42.47,-204.04,45.391,-43.501,-204.666
200.0,-50.0,110.0,34.32,-42.6,-204.61,35.401,-43.587,-205.122
200.0,-50.0,120.0,24.88,-42.82,-204.8,25.412,-43.672,-205.578
200.0,-50.0,130.0,15.4,-42.86,-205.39,15.423,-43.758,-206.033
200.0,-50.0,140.0,6.09,-43.04,-205.82,5.434,-43.843,-206.489
200.0,-50.0,150.0,-3.28,-42.79,-206.53,-4.556,-43.929,-206.945
200.0,-50.0,160.0,-12.77,-43.12,-207.16,-14.545,-44.014,-207.401
200.0,-50.0,170.0,-22.31,-42.86,-208.03,-24.534,-44.1,-207.856
200.0,-40.0,80.0,62.63,-32.02,-203.83,65.28,-33.331,-203.674
200.0,-40.0,90.0,53.23,-32.14,-203.99,55.291,-33.417,-204.13
200.0,-40.0,100.0,43.76,-32.43,-204.08,45.301,-33.502,-204.586
200.0,-40.0,110.0,34.34,-32.64,-204.64,35.312,-33.588,-205.041
200.0,-40.0,120.0,24.98,-32.7,-204.89,25.323,-33.673,-205.497
200.0,-40.0,130.0,15.49,-32.85,-205.47,15.334,-33.759,-205.953
200.0,-40.0,140.0,6.0,-32.95,-205.72,5.344,-33.844,-206.409
200.0,-40.0,150.0,-3.36,-33.07,-206.56,-4.645,-33.93,-206.864
200.0,-40.0,160.0,-12.81,-32.84,-206.95,-14.634,-34.015,-207.32
200.0,-40.0,170.0,-22.25,-32.77,-208.0,-24.623,-34.101,-207.776
200.0,-30.0,80.0,62.72,-21.97,-203.73,65.191,-23.332,-203.594
200.0,-30.0,90.0,53.27,-22.35,-204.05,55.201,-23.417,-204.049
200.0,-30.0,100.0,43.69,-22.59,-204.02,45.212,-23.503,-204.505
200.0,-30.0,110.0,34.24,-22.91,-204.63,35.223,-23.588,-204.961
200.0,-30.0,120.0,24.79,-22.9,-204.83,25.234,-23.674,-205.417
200.0,-30.0,130.0,15.35,-23.09,-205.47,15.244,-23.759,-205.872
200.0,-30.0,140.0,5.89,-23.27,-205.76,5.255,-23.845,-206.328
200.0,-30.0,150.0,-3.47,-23.03,-206.53,-4.734,-23.93,-206.784
200.0,-30.0,160.0,-12.94,-23.26,-206.9,-14.723,-24.016,-207.24
200.0,-30.0,170.0,-22.38,-22.92,-207.84,-24.713,-24.101,-207.695
200.0,-20.0,80.0,62.71,-12.25,-203.67,65.101,-13.333,-203.513
200.0,-20.0,90.0,53.22,-12.41,-203.89,55.112,-13.418,-203.969
200.0,-20.0,100.0,43.77,-12.74,-204.09,45.123,-13.504,-204.425
200.0,-20.0,110.0,34.27,-13.17,-204.64,35.134,-13.589,-204.88
200.0,-20.0,120.0,24.76,-13.2,-204.81,25.144,-13.675,-205.336
200.0,-20.0,130.0,15.28,-13.42,-205.5,15.155,-13.76,-205.792
200.0,-20.0,140.0,5.78,-13.33,-205.72,5.166,-13.846,-206.248
200.0,-20.0,150.0,-3.55,-13.42,-206.47,-4.823,-13.931,-206.703
200.0,-20.0,160.0,-13.11,-13.34,-206.82,-14.813,-14.017,-207.159
200.0,-20.0,170.0,-22.42,-13.47,-207.79,-24.802,-14.102,-207.615
200.0,-10.0,80.0,62.7,-2.6,-203.63,65.012,-3.333,-203.433
200.0,-10.0,90.0,53.26,-2.59,-203.93,55.023,-3.419,-203.888
200.0,-10.0,100.0,43.83,-2.88,-204.11,45.033,-3.504,-204.344
200.0,-10.0,110.0,34.32,-3.19,-204.68,35.044,-3.59,-204.8
200.0,-10.0,120.0,24.77,-3.48,-204.81,25.055,-3.675,-205.256
200.0,-10.0,130.0,15.28,-3.4,-205.54,15.066,-3.761,-205.711
200.0,-10.0,140.0,5.69,-3.79,-205.69,5.077,-3.846,-206.167
200.0,-10.0,150.0,-3.62,-3.53,-206.47,-4.913,-3.932,-206.623
200.0,-10.0,160.0,-13.14,-3.75,-206.8,-14.902,-4.017,-207.079
200.0,-10.0,170.0,-22.53,-3.55,-207.65,-24.891,-4.103,-207.534
200.0,-0.0,80.0,62.74,7.08,-203.6,64.923,6.666,-203.352
200.0,-0.0,90.0,53.3,7.03,-203.91,54.933,6.581,-203.808
200.0,-0.0,100.0,43.85,6.83,-204.13,44.944,6.495,-204.264
200.0,-0.0,110.0,34.35,6.57,-204.69,34.955,6.409,-204.719
200.0,-0.0,120.0,24.75,6.11,-204.82,24.966,6.324,-205.175
200.0,-0.0,130.0,15.26,6.27,-205.52,14.976,6.238,-205.631
200.0,-0.0,140.0,5.64,5.99,-205.73,4.987,6.153,-206.087
200.0,-0.0,150.0,-3.7,5.68,-206.48,-5.002,6.067,-206.542
200.0,-0.0,160.0,-13.25,5.98,-206.81,-14.991,5.982,-206.998
200.0,-0.0,170.0,-22.68,5.82,-207.64,-24.98,5.896,-207.454
200.0,10.0,80.0,62.81,16.71,-203.62,64.833,16.665,-203.272
200.0,10.0,90.0,53.33,16.7,-203.96,54.844,16.58,-203.727
200.0,10.0,100.0,43.88,16.48,-204.14,44.855,16.494,-204.183
200.0,10.0,110.0,34.37,16.09,-204.69,34.866,16.409,-204.639
200.0,10.0,120.0,24.77,16.09,-204.86,24.876,16.323,-205.095
200.0,10.0,130.0,15.28,15.68,-205.59,14.887,16.238,-205.55
200.0,10.0,140.0,5.64,15.77,-205.76,4.898,16.152,-206.006
200.0,10.0,150.0,-3.68,15.4,-206.55,-5.091,16.067,-206.462
200.0,10.0,160.0,-13.31,15.68,-206.84,-15.081,15.981,-206.918
200.0,10.0,170.0,-22.73,15.65,-207.73,-25.07,15.896,-207.373
200.0,20.0,80.0,62.89,26.41,-203.67,64.744,26.665,-203.191
200.0,20.0,90.0,53.38,26.35,-203.98,54.755,26.579,-203.647
200.0,20.0,100.0,43.85,26.19,-204.16,44.766,26.494,-204.103
200.0,20.0,110.0,34.31,26.04,-204.7,34.776,26.408,-204.558
200.0,20.0,120.0,24.75,25.62,-204.89,24.787,26.323,-205.014
200.0,20.0,130.0,15.22,25.73,-205.64,14.798,26.237,-205.47
200.0,20.0,140.0,5.67,25.55,-205.87,4.809,26.151,-205.926
200.0,20.0,150.0,-3.76,25.16,-206.6,-5.181,26.066,-206.381
200.0,20.0,160.0,-13.44,25.31,-206.92,-15.17,25.98,-206.837
200.0,20.0,170.0,-22.9,25.29,-207.81,-25.159,25.895,-207.293
200.0,30.0,80.0,63.02,35.93,-203.8,64.655,36.664,-203.111
200.0,30.0,90.0,53.47,35.97,-204.11,54.666,36.578,-203.566
200.0,30.0,100.0,43.82,35.84,-204.15,44.676,36.493,-204.022
200.0,30.0,110.0,34.31,35.51,-204.74,34.687,36.407,-204.478
200.0,30.0,120.0,24.75,35.38,-205.01,24.698,36.322,-204.933
200.0,30.0,130.0,15.23,35.01,-205.67,14.709,36.236,-205.389
200.0,30.0,140.0,5.62,35.14,-205.98,4.719,36.151,-205.845
200.0,30.0,150.0,-3.85,35.0,-206.76,-5.27,36.065,-206.301
200.0,30.0,160.0,-13.53,34.93,-207.06,-15.259,35.98,-206.756
200.0,30.0,170.0,-23.04,34.73,-207.92,-25.248,35.894,-207.212
200.0,40.0,80.0,63.05,45.52,-203.87,64.566,46.663,-203.03
200.0,40.0,90.0,53.55,45.6,-204.16,54.576,46.578,-203.486
200.0,40.0,100.0,43.91,45.31,-204.27,44.587,46.492,-203.941
200.0,40.0,110.0,34.37,45.24,-204.9,34.598,46.407,-204.397
200.0,40.0,120.0,24.85,44.95,-205.19,24.609,46.321,-204.853
200.0,40.0,130.0,15.25,44.63,-205.78,14.619,46.236,-205.309
200.0,40.0,140.0,5.57,44.81,-206.09,4.63,46.15,-205.764
200.0,40.0,150.0,-3.96,44.62,-206.86,-5.359,46.065,-206.22
200.0,40.0,160.0,-13.59,44.36,-207.16,-15.348,45.979,-206.676
200.0,40.0,170.0,-23.19,44.58,-208.08,-25.338,45.894,-207.132
210.0,-50.0,80.0,62.4,-42.17,-194.12,64.914,-43.415,-193.765
210.0,-50.0,90.0,52.89,-42.28,-194.23,54.925,-43.5,-194.221
210.0,-50.0,100.0,43.39,-42.76,-194.38,44.936,-43.586,-194.677
210.0,-50.0,110.0,33.94,-42.8,-194.8,34.946,-43.671,-195.133
210.0,-50.0,120.0,24.54,-43.02,-195.15,24.957,-43.757,-195.588
210.0,-50.0,130.0,15.08,-43.15,-195.73,14.968,-43.842,-196.044
210.0,-50.0,140.0,5.56,-43.01,-195.97,4.979,-43.928,-196.5
210.0,-50.0,150.0,-3.79,-43.07,-196.85,-5.011,-44.013,-196.956
210.0,-50.0,160.0,-13.28,-43.18,-197.38,-15.0,-44.099,-197.411
210.0,-50.0,170.0,-22.97,-43.06,-198.3,-24.989,-44.185,-197.867
210.0,-40.0,80.0,62.39,-32.28,-194.03,64.825,-33.416,-193.685
210.0,-40.0,90.0,52.91,-32.37,-194.26,54.836,-33.501,-194.141
210.0,-40.0,100.0,43.39,-32.9,-194.4,44.846,-33.587,-194.596
210.0,-40.0,110.0,33.89,-32.9,-194.84,34.857,-33.672,-195.052
210.0,-40.0,120.0,24.38,-33.08,-195.06,24.868,-33.758,-195.508
210.0,-40.0,130.0,14.97,-33.3,-195.82,14.879,-33.843,-195.964
210.0,-40.0,140.0,5.46,-33.18,-195.99,4.889,-33.929,-196.419
210.0,-40.0,150.0,-3.97,-33.28,-196.77,-5.1,-34.014,-196.875
210.0,-40.0,160.0,-13.44,-33.38,-197.26,-15.089,-34.1,-197.331
210.0,-40.0,170.0,-23.06,-33.21,-198.14,-25.078,-34.185,-197.787
210.0,-30.0,80.0,62.39,-22.26,-193.93,64.736,-23.416,-193.604
210.0,-30.0,90.0,52.95,-22.53,-194.23,54.746,-23.502,-194.06
210.0,-30.0,100.0,43.49,-22.68,-194.39,44.757,-23.587,-194.516
210.0,-30.0,110.0,34.0,-22.97,-194.96,34.768,-23.673,-194.972
210.0,-30.0,120.0,24.39,-23.18,-195.09,24.779,-23.758,-195.427
210.0,-30.0,130.0,14.94,-23.37,-195.81,14.789,-23.844,-195.883
210.0,-30.0,140.0,5.34,-23.21,-195.99,4.8,-23.929,-196.339
210.0,-30.0,150.0,-4.06,-23.4,-196.73,-5.189,-24.015,-196.795
210.0,-30.0,160.0,-13.58,-23.15,-197.11,-15.178,-24.1,-197.25
210.0,-30.0,170.0,-23.03,-23.23,-198.0,-25.168,-24.186,-197.706
210.0,-20.0,80.0,62.48,-12.47,-193.94,64.646,-13.417,-193.524
210.0,-20.0,90.0,53.03,-12.59,-194.17,54.657,-13.503,-193.98
210.0,-20.0,100.0,43.55,-12.84,-194.42,44.668,-13.588,-194.435
210.0,-20.0,110.0,34.05,-13.06,-194.94,34.678,-13.674,-194.891
210.0,-20.0,120.0,24.45,-13.25,-195.13,24.689,-13.759,-195.347
210.0,-20.0,130.0,14.92,-13.59,-195.8,14.7,-13.845,-195.803
210.0,-20.0,140.0,5.29,-13.4,-195.96,4.711,-13.93,-196.258
210.0,-20.0,150.0,-4.15,-13.6,-196.66,-5.278,-14.016,-196.714
210.0,-20.0,160.0,-13.6,-13.61,-197.12,-15.268,-14.101,-197.17
210.0,-20.0,170.0,-23.11,-13.6,-197.93,-25.257,-14.187,-197.626
210.0,-10.0,80.0,62.57,-2.71,-193.88,64.557,-3.418,-193.443
210.0,-10.0,90.0,53.09,-2.75,-194.18,54.568,-3.503,-193.899
210.0,-10.0,100.0,43.59,-3.25,-194.42,44.578,-3.589,-194.355
210.0,-10.0,110.0,34.06,-3.36,-194.97,34.589,-3.674,-194.811
210.0,-10.0,120.0,24.45,-3.7,-195.11,24.6,-3.76,-195.266
210.0,-10.0,130.0,14.94,-3.52,-195.77,14.611,-3.845,-195.722
210.0,-10.0,140.0,5.32,-3.9,-196.0,4.621,-3.931,-196.178
210.0,-10.0,150.0,-4.24,-3.71,-196.6,-5.368,-4.016,-196.634
210.0,-10.0,160.0,-13.66,-3.8,-197.09,-15.357,-4.102,-197.089
210.0,-10.0,170.0,-23.17,-3.93,-197.84,-25.346,-4.187,-197.545
210.0,-0.0,80.0,62.61,6.95,-193.88,64.468,6.582,-193.363
210.0,-0.0,90.0,53.1,6.92,-194.16,54.478,6.496,-193.819
210.0,-0.0,100.0,43.57,6.45,-194.37,44.489,6.41,-194.274
210.0,-0.0,110.0,34.06,6.42,-194.96,34.5,6.325,-194.73
210.0,-0.0,120.0,24.41,6.26,-195.1,24.511,6.239,-195.186
210.0,-0.0,130.0,14.89,5.87,-195.81,14.521,6.154,-195.642
210.0,-0.0,140.0,5.3,5.97,-196.03,4.532,6.068,-196.097
210.0,-0.0,150.0,-4.3,5.86,-196.65,-5.457,5.983,-196.553
210.0,-0.0,160.0,-13.71,5.83,-197.06,-15.446,5.897,-197.009
210.0,-0.0,170.0,-23.29,5.7,-197.84,-25.436,5.812,-197.464
210.0,10.0,80.0,62.65,16.61,-193.87,64.378,16.581,-193.282
210.0,10.0,90.0,53.14,16.53,-194.16,54.389,16.495,-193.738
210.0,10.0,100.0,43.61,16.28,-194.4,44.4,16.41,-194.194
210.0,10.0,110.0,34.09,15.93,-194.99,34.411,16.324,-194.65
210.0,10.0,120.0,24.44,15.97,-195.13,24.421,16.239,-195.105
210.0,10.0,130.0,14.91,15.59,-195.81,14.432,16.153,-195.561
210.0,10.0,140.0,5.23,15.42,-196.03,4.443,16.068,-196.017
210.0,10.0,150.0,-4.36,15.56,-196.65,-5.546,15.982,-196.472
210.0,10.0,160.0,-13.8,15.23,-197.1,-15.536,15.897,-196.928
210.0,10.0,170.0,-23.41,15.37,-197.8,-25.525,15.811,-197.384
210.0,20.0,80.0,62.67,26.23,-193.88,64.289,26.58,-193.202
210.0,20.0,90.0,53.15,26.28,-194.17,54.3,26.495,-193.658
210.0,20.0,100.0,43.63,26.07,-194.47,44.311,26.409,-194.113
210.0,20.0,110.0,34.06,25.65,-194.96,34.321,26.324,-194.569
210.0,20.0,120.0,24.42,25.7,-195.2,24.332,26.238,-195.025
210.0,20.0,130.0,14.85,25.37,-195.84,14.343,26.152,-195.48
210.0,20.0,140.0,5.14,25.25,-196.08,4.354,26.067,-195.936
210.0,20.0,150.0,-4.36,25.02,-196.72,-5.636,25.981,-196.392
210.0,20.0,160.0,-13.95,25.21,-197.19,-15.625,25.896,-196.848
210.0,20.0,170.0,-23.54,25.1,-197.89,-25.614,25.81,-197.303
210.0,30.0,80.0,62.67,35.8,-193.88,64.2,36.579,-193.121
210.0,30.0,90.0,53.18,35.8,-194.27,54.211,36.494,-193.577
210.0,30.0,100.0,43.63,35.62,-194.49,44.221,36.408,-194.033
210.0,30.0,110.0,34.07,35.34,-195.05,34.232,36.323,-194.488
210.0,30.0,120.0,24.37,35.04,-195.15,24.243,36.237,-194.944
210.0,30.0,130.0,14.83,35.11,-196.0,14.254,36.152,-195.4
210.0,30.0,140.0,5.15,34.86,-196.14,4.264,36.066,-195.856
210.0,30.0,150.0,-4.39,34.77,-196.91,-5.725,35.981,-196.311
210.0,30.0,160.0,-14.07,34.57,-197.21,-15.714,35.895,-196.767
210.0,30.0,170.0,-23.63,34.68,-198.0,-25.703,35.81,-197.223
210.0,40.0,80.0,62.8,45.42,-194.01,64.111,46.579,-193.041
210.0,40.0,90.0,53.22,45.39,-194.35,54.121,46.493,-193.496
210.0,40.0,100.0,43.58,45.13,-194.46,44.132,46.408,-193.952
210.0,40.0,110.0,33.99,45.14,-195.06,34.143,46.322,-194.408
210.0,40.0,120.0,24.35,44.73,-195.26,24.154,46.237,-194.864
210.0,40.0,130.0,14.84,44.76,-196.04,14.164,46.151,-195.319
210.0,40.0,140.0,5.19,44.74,-196.33,4.175,46.066,-195.775
210.0,40.0,150.0,-4.4,44.42,-197.05,-5.814,45.98,-196.231
210.0,40.0,160.0,-14.09,44.35,-197.39,-15.803,45.895,-196.687
210.0,40.0,170.0,-23.81,44.25,-198.17,-25.793,45.809,-197.142
220.0,-50.0,80.0,61.99,-42.49,-184.24,64.459,-43.499,-183.776
220.0,-50.0,90.0,52.53,-42.55,-184.48,54.47,-43.585,-184.232
220.0,-50.0,100.0,43.05,-43.08,-184.64,44.481,-43.67,-184.688
220.0,-50.0,110.0,33.55,-43.12,-185.11,34.491,-43.756,-185.143
220.0,-50.0,120.0,23.98,-43.25,-185.22,24.502,-43.841,-185.599
220.0,-50.0,130.0,14.59,-43.41,-186.08,14.513,-43.927,-186.055
220.0,-50.0,140.0,5.07,-43.48,-186.33,4.524,-44.012,-186.511
220.0,-50.0,150.0,-4.4,-43.2,-186.95,-5.466,-44.098,-186.966
220.0,-50.0,160.0,-13.94,-43.43,-187.59,-15.455,-44.184,-187.422
220.0,-50.0,170.0,-23.62,-43.38,-188.43,-25.444,-44.269,-187.878
220.0,-40.0,80.0,62.13,-32.36,-184.26,64.37,-33.5,-183.696
220.0,-40.0,90.0,52.65,-32.59,-184.5,54.381,-33.586,-184.151
220.0,-40.0,100.0,43.17,-32.99,-184.71,44.391,-33.671,-184.607
220.0,-40.0,110.0,33.65,-33.34,-185.26,34.402,-33.757,-185.063
220.0,-40.0,120.0,24.06,-33.25,-185.35,24.413,-33.842,-185.519
220.0,-40.0,130.0,14.47,-33.33,-186.01,14.424,-33.928,-185.974
220.0,-40.0,140.0,4.89,-33.52,-186.27,4.434,-34.013,-186.43
220.0,-40.0,150.0,-4.55,-33.59,-186.94,-5.555,-34.099,-186.886
220.0,-40.0,160.0,-14.03,-33.35,-187.47,-15.544,-34.184,-187.342
220.0,-40.0,170.0,-23.6,-33.54,-188.36,-25.533,-34.27,-187.797
220.0,-30.0,80.0,62.21,-22.48,-184.25,64.28,-23.501,-183.615
220.0,-30.0,90.0,52.66,-22.59,-184.44,54.291,-23.586,-184.071
220.0,-30.0,100.0,43.14,-22.93,-184.63,44.302,-23.672,-184.527
220.0,-30.0,110.0,33.63,-23.12,-185.22,34.313,-23.757,-184.982
220.0,-30.0,120.0,24.01,-23.36,-185.37,24.324,-23.843,-185.438
220.0,-30.0,130.0,14.46,-23.38,-185.99,14.334,-23.928,-185.894
220.0,-30.0,140.0,4.86,-23.72,-186.31,4.345,-24.014,-186.35
220.0,-30.0,150.0,-4.68,-23.66,-186.91,-5.644,-24.099,-186.805
220.0,-30.0,160.0,-14.12,-23.62,-187.39,-15.633,-24.185,-187.261
220.0,-30.0,170.0,-23.72,-23.5,-188.2,-25.623,-24.27,-187.717
220.0,-20.0,80.0,62.25,-12.64,-184.19,64.191,-13.502,-183.535
220.0,-20.0,90.0,52.65,-12.82,-184.39,54.202,-13.587,-183.99
220.0,-20.0,100.0,43.07,-13.16,-184.51,44.213,-13.673,-184.446
220.0,-20.0,110.0,33.63,-13.53,-185.23,34.223,-13.758,-184.902
220.0,-20.0,120.0,23.95,-13.49,-185.34,24.234,-13.844,-185.358
220.0,-20.0,130.0,14.41,-13.85,-186.02,14.245,-13.929,-185.813
220.0,-20.0,140.0,4.87,-13.68,-186.32,4.256,-14.015,-186.269
220.0,-20.0,150.0,-4.78,-13.87,-186.85,-5.733,-14.1,-186.725
220.0,-20.0,160.0,-14.22,-13.94,-187.3,-15.723,-14.186,-187.181
220.0,-20.0,170.0,-23.77,-13.59,-188.07,-25.712,-14.271,-187.636
220.0,-10.0,80.0,62.3,-2.88,-184.12,64.102,-3.502,-183.454
220.0,-10.0,90.0,52.69,-3.04,-184.37,54.113,-3.588,-183.91
220.0,-10.0,100.0,43.11,-3.31,-184.49,44.123,-3.673,-184.366
220.0,-10.0,110.0,33.61,-3.56,-185.16,34.134,-3.759,-184.821
220.0,-10.0,120.0,23.94,-3.74,-185.32,24.145,-3.844,-185.277
220.0,-10.0,130.0,14.35,-4.03,-185.96,14.156,-3.93,-185.733
220.0,-10.0,140.0,4.83,-4.07,-186.33,4.166,-4.015,-186.189
220.0,-10.0,150.0,-4.78,-4.15,-186.84,-5.823,-4.101,-186.644
220.0,-10.0,160.0,-14.38,-4.13,-187.17,-15.812,-4.186,-187.1
220.0,-10.0,170.0,-23.8,-4.18,-188.0,-25.801,-4.272,-187.556
220.0,-0.0,80.0,62.31,6.68,-184.07,64.013,6.497,-183.374
220.0,-0.0,90.0,52.7,6.65,-184.34,54.023,6.411,-183.829
220.0,-0.0,100.0,43.13,6.36,-184.49,44.034,6.326,-184.285
220.0,-0.0,110.0,33.64,6.14,-185.18,34.045,6.24,-184.741
220.0,-0.0,120.0,23.93,5.82,-185.31,24.056,6.155,-185.197
220.0,-0.0,130.0,14.34,5.8,-185.97,14.066,6.069,-185.652
220.0,-0.0,140.0,4.81,5.81,-186.34,4.077,5.984,-186.108
220.0,-0.0,150.0,-4.82,5.55,-186.87,-5.912,5.898,-186.564
220.0,-0.0,160.0,-14.43,5.33,-187.15,-15.901,5.813,-187.019
220.0,-0.0,170.0,-23.91,5.63,-187.98,-25.891,5.727,-187.475
220.0,10.0,80.0,62.38,16.34,-184.09,63.923,16.496,-183.293
220.0,10.0,90.0,52.74,16.38,-184.35,53.934,16.411,-183.749
220.0,10.0,100.0,43.14,15.94,-184.47,43.945,16.325,-184.205
220.0,10.0,110.0,33.61,15.92,-185.18,33.956,16.24,-184.66
220.0,10.0,120.0,23.92,15.6,-185.32,23.966,16.154,-185.116
220.0,10.0,130.0,14.35,15.62,-185.97,13.977,16.069,-185.572
220.0,10.0,140.0,4.76,15.25,-186.3,3.988,15.983,-186.027
220.0,10.0,150.0,-4.88,15.18,-186.89,-6.001,15.898,-186.483
220.0,10.0,160.0,-14.52,15.0,-187.17,-15.991,15.812,-186.939
220.0,10.0,170.0,-24.01,15.19,-187.99,-25.98,15.727,-187.395
220.0,20.0,80.0,62.46,26.0,-184.12,63.834,26.496,-183.213
220.0,20.0,90.0,52.78,26.02,-184.38,53.845,26.41,-183.668
220.0,20.0,100.0,43.14,25.82,-184.5,43.856,26.325,-184.124
220.0,20.0,110.0,33.63,25.49,-185.21,33.866,26.239,-184.58
220.0,20.0,120.0,23.93,25.21,-185.35,23.877,26.153,-185.035
220.0,20.0,130.0,14.35,25.32,-186.04,13.888,26.068,-185.491
220.0,20.0,140.0,4.78,24.9,-186.38,3.899,25.982,-185.947
220.0,20.0,150.0,-4.97,24.9,-186.91,-6.091,25.897,-186.403
220.0,20.0,160.0,-14.5,24.7,-187.3,-16.08,25.811,-186.858
220.0,20.0,170.0,-24.16,24.79,-188.03,-26.069,25.726,-187.314
220.0,30.0,80.0,62.54,35.57,-184.18,63.745,36.495,-183.132
220.0,30.0,90.0,52.89,35.62,-184.46,53.756,36.409,-183.588
220.0,30.0,100.0,43.29,35.44,-184.67,43.766,36.324,-184.043
220.0,30.0,110.0,33.68,35.27,-185.31,33.777,36.238,-184.499
220.0,30.0,120.0,24.0,34.97,-185.45,23.788,36.153,-184.955
220.0,30.0,130.0,14.34,34.63,-186.06,13.799,36.067,-185.411
220.0,30.0,140.0,4.7,34.69,-186.49,3.809,35.982,-185.866
220.0,30.0,150.0,-4.98,34.43,-187.01,-6.18,35.896,-186.322
220.0,30.0,160.0,-14.55,34.49,-187.46,-16.169,35.811,-186.778
220.0,30.0,170.0,-24.3,34.36,-188.15,-26.158,35.725,-187.234
220.0,40.0,80.0,62.54,45.11,-184.19,63.656,46.494,-183.051
220.0,40.0,90.0,52.96,45.2,-184.55,53.666,46.409,-183.507
220.0,40.0,100.0,43.32,44.96,-184.76,43.677,46.323,-183.963
220.0,40.0,110.0,33.7,44.66,-185.3,33.688,46.238,-184.419
220.0,40.0,120.0,24.04,44.81,-185.58,23.699,46.152,-184.874
220.0,40.0,130.0,14.35,44.41,-186.22,13.709,46.067,-185.33
220.0,40.0,140.0,4.62,44.31,-186.55,3.72,45.981,-185.786
220.0,40.0,150.0,-4.98,44.02,-187.11,-6.269,45.896,-186.242
220.0,40.0,160.0,-14.62,44.19,-187.63,-16.258,45.81,-186.697
220.0,40.0,170.0,-24.37,43.96,-188.3,-26.248,45.724,-187.153
230.0,-50.0,80.0,61.78,-42.76,-174.53,64.004,-43.584,-173.787
230.0,-50.0,90.0,52.18,-42.85,-174.57,54.015,-43.669,-174.243
230.0,-50.0,100.0,42.7,-43.15,-174.82,44.026,-43.755,-174.698
230.0,-50.0,110.0,33.2,-43.53,-175.39,34.036,-43.84,-175.154
230.0,-50.0,120.0,23.62,-43.54,-175.52,24.047,-43.926,-175.61
230.0,-50.0,130.0,14.06,-43.62,-176.15,14.058,-44.011,-176.066
230.0,-50.0,140.0,4.48,-43.64,-176.51,4.069,-44.097,-176.521
230.0,-50.0,150.0,-5.0,-43.73,-177.18,-5.921,-44.182,-176.977
230.0,-50.0,160.0,-14.57,-43.59,-177.7,-15.91,-44.268,-177.433
230.0,-50.0,170.0,-24.22,-43.79,-178.59,-25.899,-44.354,-177.889
230.0,-40.0,80.0,61.79,-32.6,-174.49,63.915,-33.585,-173.706
230.0,-40.0,90.0,52.19,-32.77,-174.61,53.925,-33.67,-174.162
230.0,-40.0,100.0,42.63,-33.13,-174.73,43.936,-33.756,-174.618
230.0,-40.0,110.0,33.16,-33.54,-175.43,33.947,-33.841,-175.074
230.0,-40.0,120.0,23.55,-33.51,-175.53,23.958,-33.927,-175.529
230.0,-40.0,130.0,13.98,-33.73,-176.18,13.969,-34.012,-175.985
230.0,-40.0,140.0,4.44,-33.59,-176.5,3.979,-34.098,-176.441
230.0,-40.0,150.0,-5.22,-33.62,-177.06,-6.01,-34.183,-176.897
230.0,-40.0,160.0,-14.67,-33.8,-177.61,-15.999,-34.269,-177.352
230.0,-40.0,170.0,-24.34,-33.65,-178.43,-25.988,-34.354,-177.808
230.0,-30.0,80.0,61.82,-22.81,-174.42,63.825,-23.585,-173.626
230.0,-30.0,90.0,52.32,-22.95,-174.68,53.836,-23.671,-174.082
230.0,-30.0,100.0,42.7,-23.48,-174.78,43.847,-23.756,-174.537
230.0,-30.0,110.0,33.25,-23.45,-175.46,33.858,-23.842,-174.993
230.0,-30.0,120.0,23.51,-23.66,-175.56,23.868,-23.927,-175.449
230.0,-30.0,130.0,13.9,-23.87,-176.23,13.879,-24.013,-175.905
230.0,-30.0,140.0,4.34,-24.08,-176.51,3.89,-24.098,-176.36
230.0,-30.0,150.0,-5.25,-23.84,-177.08,-6.099,-24.184,-176.816
230.0,-30.0,160.0,-14.87,-24.05,-177.45,-16.088,-24.269,-177.272
230.0,-30.0,170.0,-24.29,-23.9,-178.41,-26.078,-24.355,-177.728
230.0,-20.0,80.0,61.96,-12.92,-174.44,63.736,-13.586,-173.545
230.0,-20.0,90.0,52.44,-13.02,-174.7,53.747,-13.672,-174.001
230.0,-20.0,100.0,42.79,-13.47,-174.78,43.758,-13.757,-174.457
230.0,-20.0,110.0,33.29,-13.63,-175.44,33.768,-13.843,-174.913
230.0,-20.0,120.0,23.58,-13.97,-175.64,23.779,-13.928,-175.368
230.0,-20.0,130.0,13.86,-13.87,-176.16,13.79,-14.014,-175.824
230.0,-20.0,140.0,4.26,-13.95,-176.45,3.801,-14.099,-176.28
230.0,-20.0,150.0,-5.26,-14.21,-177.12,-6.189,-14.185,-176.736
230.0,-20.0,160.0,-14.97,-13.94,-177.35,-16.178,-14.27,-177.191
230.0,-20.0,170.0,-24.31,-14.17,-178.28,-26.167,-14.356,-177.647
230.0,-10.0,80.0,61.99,-3.07,-174.4,63.647,-3.587,-173.465
230.0,-10.0,90.0,52.4,-3.21,-174.6,53.658,-3.672,-173.921
230.0,-10.0,100.0,42.78,-3.46,-174.74,43.668,-3.758,-174.376
230.0,-10.0,110.0,33.21,-3.89,-175.36,33.679,-3.843,-174.832
230.0,-10.0,120.0,23.55,-3.83,-175.59,23.69,-3.929,-175.288
230.0,-10.0,130.0,13.79,-4.17,-176.17,13.701,-4.014,-175.744
230.0,-10.0,140.0,4.09,-4.37,-176.35,3.711,-4.1,-176.199
230.0,-10.0,150.0,-5.39,-4.35,-177.03,-6.278,-4.185,-176.655
230.0,-10.0,160.0,-15.08,-4.39,-177.29,-16.267,-4.271,-177.111
230.0,-10.0,170.0,-24.47,-4.22,-178.13,-26.256,-4.356,-177.566
230.0,-0.0,80.0,62.04,6.59,-174.36,63.558,6.412,-173.384
230.0,-0.0,90.0,52.43,6.49,-174.6,53.568,6.327,-173.84
230.0,-0.0,100.0,42.79,6.27,-174.72,43.579,6.241,-174.296
230.0,-0.0,110.0,33.17,6.02,-175.32,33.59,6.156,-174.751
230.0,-0.0,120.0,23.55,5.62,-175.59,23.601,6.07,-175.207
230.0,-0.0,130.0,13.8,5.68,-176.15,13.611,5.985,-175.663
230.0,-0.0,140.0,4.04,5.34,-176.29,3.622,5.899,-176.119
230.0,-0.0,150.0,-5.41,5.51,-177.04,-6.367,5.814,-176.574
230.0,-0.0,160.0,-15.15,5.42,-177.25,-16.356,5.728,-177.03
230.0,-0.0,170.0,-24.53,5.18,-178.09,-26.346,5.643,-177.486
230.0,10.0,80.0,62.06,16.19,-174.34,63.468,16.412,-173.304
230.0,10.0,90.0,52.47,16.21,-174.58,53.479,16.326,-173.759
230.0,10.0,100.0,42.8,16.01,-174.72,43.49,16.241,-174.215
230.0,10.0,110.0,33.19,15.79,-175.28,33.501,16.155,-174.671
230.0,10.0,120.0,23.54,15.59,-175.57,23.511,16.07,-175.127
230.0,10.0,130.0,13.78,15.42,-176.16,13.522,15.984,-175.582
230.0,10.0,140.0,4.06,15.07,-176.34,3.533,15.899,-176.038
230.0,10.0,150.0,-5.48,15.15,-177.02,-6.456,15.813,-176.494
230.0,10.0,160.0,-15.18,15.15,-177.28,-16.446,15.728,-176.95
230.0,10.0,170.0,-24.65,14.88,-178.09,-26.435,15.642,-177.405
230.0,20.0,80.0,62.09,25.83,-174.31,63.379,26.411,-173.223
230.0,20.0,90.0,52.51,25.8,-174.62,53.39,26.326,-173.679
230.0,20.0,100.0,42.81,25.69,-174.72,43.401,26.24,-174.135
230.0,20.0,110.0,33.24,25.31,-175.35,33.411,26.154,-174.59
230.0,20.0,120.0,23.49,25.3,-175.59,23.422,26.069,-175.046
230.0,20.0,130.0,13.74,24.93,-176.11,13.433,25.983,-175.502
230.0,20.0,140.0,4.12,25.03,-176.45,3.444,25.898,-175.958
230.0,20.0,150.0,-5.49,24.84,-177.08,-6.546,25.812,-176.413
230.0,20.0,160.0,-15.27,24.81,-177.31,-16.535,25.727,-176.869
230.0,20.0,170.0,-24.76,24.73,-178.15,-26.524,25.641,-177.325
230.0,30.0,80.0,62.09,35.45,-174.31,63.29,36.41,-173.143
230.0,30.0,90.0,52.49,35.48,-174.58,53.301,36.325,-173.598
230.0,30.0,100.0,42.77,35.22,-174.71,43.311,36.239,-174.054
230.0,30.0,110.0,33.23,35.18,-175.47,33.322,36.154,-174.51
230.0,30.0,120.0,23.43,34.92,-175.59,23.333,36.068,-174.966
230.0,30.0,130.0,13.77,34.86,-176.24,13.344,35.983,-175.421
230.0,30.0,140.0,4.14,34.57,-176.52,3.354,35.897,-175.877
230.0,30.0,150.0,-5.54,34.28,-177.13,-6.635,35.812,-176.333
230.0,30.0,160.0,-15.3,34.5,-177.44,-16.624,35.726,-176.789
230.0,30.0,170.0,-24.87,34.39,-178.15,-26.613,35.641,-177.244
230.0,40.0,80.0,62.19,44.96,-174.37,63.201,46.41,-173.062
230.0,40.0,90.0,52.46,44.93,-174.58,53.211,46.324,-173.518
230.0,40.0,100.0,42.79,44.72,-174.74,43.222,46.239,-173.974
230.0,40.0,110.0,33.2,44.75,-175.49,33.233,46.153,-174.429
230.0,40.0,120.0,23.48,44.4,-175.63,23.244,46.068,-174.885
230.0,40.0,130.0,13.8,44.45,-176.31,13.254,45.982,-175.341
230.0,40.0,140.0,4.2,44.05,-176.64,3.265,45.897,-175.797
230.0,40.0,150.0,-5.61,44.17,-177.23,-6.724,45.811,-176.252
230.0,40.0,160.0,-15.23,44.05,-177.64,-16.713,45.725,-176.708
230.0,40.0,170.0,-25.02,43.73,-178.36,-26.703,45.64,-177.164
240.0,-50.0,80.0,61.34,-42.87,-164.62,63.549,-43.668,-163.798
240.0,-50.0,90.0,51.76,-42.99,-164.82,53.56,-43.754,-164.253
240.0,-50.0,100.0,42.19,-43.56,-164.97,43.571,-43.839,-164.709
240.0,-50.0,110.0,32.73,-43.51,-165.56,33.581,-43.925,-165.165
240.0,-50.0,120.0,23.0,-43.74,-165.61,23.592,-44.01,-165.621
240.0,-50.0,130.0,13.46,-43.98,-166.32,13.603,-44.096,-166.076
240.0,-50.0,140.0,3.94,-43.74,-166.68,3.614,-44.181,-166.532
240.0,-50.0,150.0,-5.67,-44.01,-167.35,-6.376,-44.267,-166.988
240.0,-50.0,160.0,-15.26,-43.76,-167.74,-16.365,-44.353,-167.444
240.0,-50.0,170.0,-24.97,-43.94,-168.67,-26.354,-44.438,-167.899
240.0,-40.0,80.0,61.46,-32.91,-164.51,63.46,-33.669,-163.717
240.0,-40.0,90.0,51.91,-33.05,-164.93,53.47,-33.755,-164.173
240.0,-40.0,100.0,42.28,-33.35,-164.98,43.481,-33.84,-164.629
240.0,-40.0,110.0,32.78,-33.7,-165.6,33.492,-33.926,-165.084
240.0,-40.0,120.0,23.09,-33.92,-165.78,23.503,-34.011,-165.54
240.0,-40.0,130.0,13.37,-33.92,-166.3,13.514,-34.097,-165.996
240.0,-40.0,140.0,3.78,-33.88,-166.6,3.524,-34.182,-166.452
240.0,-40.0,150.0,-5.79,-33.96,-167.29,-6.465,-34.268,-166.907
240.0,-40.0,160.0,-15.47,-34.06,-167.66,-16.454,-34.353,-167.363
240.0,-40.0,170.0,-24.96,-33.79,-168.55,-26.443,-34.439,-167.819
240.0,-30.0,80.0,61.54,-23.0,-164.53,63.37,-23.67,-163.637
240.0,-30.0,90.0,51.91,-23.11,-164.85,53.381,-23.755,-164.092
240.0,-30.0,100.0,42.26,-23.71,-164.99,43.392,-23.841,-164.548
240.0,-30.0,110.0,32.74,-23.66,-165.58,33.403,-23.926,-165.004
240.0,-30.0,120.0,23.13,-23.86,-165.83,23.413,-24.012,-165.46
240.0,-30.0,130.0,13.41,-24.22,-166.41,13.424,-24.097,-165.915
240.0,-30.0,140.0,3.62,-24.03,-166.54,3.435,-24.183,-166.371
240.0,-30.0,150.0,-5.86,-24.09,-167.26,-6.554,-24.268,-166.827
240.0,-30.0,160.0,-15.51,-24.02,-167.55,-16.544,-24.354,-167.282
240.0,-30.0,170.0,-25.02,-23.99,-168.27,-26.533,-24.439,-167.738
240.0,-20.0,80.0,61.55,-13.06,-164.49,63.281,-13.671,-163.556
240.0,-20.0,90.0,51.92,-13.21,-164.84,53.292,-13.756,-164.012
240.0,-20.0,100.0,42.28,-13.55,-164.93,43.303,-13.842,-164.468
240.0,-20.0,110.0,32.67,-13.88,-165.56,33.313,-13.927,-164.923
240.0,-20.0,120.0,23.08,-13.89,-165.8,23.324,-14.013,-165.379
240.0,-20.0,130.0,13.41,-14.13,-166.37,13.335,-14.098,-165.835
240.0,-20.0,140.0,3.62,-14.29,-166.56,3.346,-14.184,-166.29
240.0,-20.0,150.0,-5.98,-14.14,-167.2,-6.644,-14.269,-166.746
240.0,-20.0,160.0,-15.55,-14.37,-167.52,-16.633,-14.355,-167.202
240.0,-20.0,170.0,-25.18,-14.13,-168.24,-26.622,-14.44,-167.658
240.0,-10.0,80.0,61.59,-3.31,-164.49,63.192,-3.671,-163.476
240.0,-10.0,90.0,51.98,-3.45,-164.79,53.203,-3.757,-163.931
240.0,-10.0,100.0,42.31,-3.81,-164.9,43.213,-3.842,-164.387
240.0,-10.0,110.0,32.7,-4.17,-165.53,33.224,-3.928,-164.843
240.0,-10.0,120.0,23.01,-4.14,-165.74,23.235,-4.013,-165.298
240.0,-10.0,130.0,13.43,-4.49,-166.43,13.246,-4.099,-165.754
240.0,-10.0,140.0,3.6,-4.38,-166.54,3.256,-4.184,-166.21
240.0,-10.0,150.0,-6.01,-4.69,-167.19,-6.733,-4.27,-166.666
240.0,-10.0,160.0,-15.62,-4.58,-167.45,-16.722,-4.355,-167.121
240.0,-10.0,170.0,-25.24,-4.68,-168.2,-26.711,-4.441,-167.577
240.0,-0.0,80.0,61.64,6.29,-164.45,63.103,6.328,-163.395
240.0,-0.0,90.0,52.02,6.18,-164.78,53.113,6.242,-163.851
240.0,-0.0,100.0,42.35,6.03,-164.86,43.124,6.157,-164.306
240.0,-0.0,110.0,32.71,5.58,-165.51,33.135,6.071,-164.762
240.0,-0.0,120.0,23.03,5.65,-165.73,23.146,5.986,-165.218
240.0,-0.0,130.0,13.42,5.45,-166.43,13.156,5.9,-165.674
240.0,-0.0,140.0,3.62,5.25,-166.56,3.167,5.815,-166.129
240.0,-0.0,150.0,-6.05,5.01,-167.15,-6.822,5.729,-166.585
240.0,-0.0,160.0,-15.67,5.03,-167.41,-16.811,5.644,-167.041
240.0,-0.0,170.0,-25.31,5.2,-168.09,-26.801,5.558,-167.497
240.0,10.0,80.0,61.7,15.99,-164.41,63.013,16.327,-163.314
240.0,10.0,90.0,52.06,16.02,-164.77,53.024,16.242,-163.77
240.0,10.0,100.0,42.35,15.62,-164.84,43.035,16.156,-164.226
240.0,10.0,110.0,32.73,15.62,-165.48,33.046,16.071,-164.682
240.0,10.0,120.0,23.02,15.35,-165.7,23.056,15.985,-165.137
240.0,10.0,130.0,13.43,15.15,-166.4,13.067,15.9,-165.593
240.0,10.0,140.0,3.58,15.17,-166.55,3.078,15.814,-166.049
240.0,10.0,150.0,-6.06,15.03,-167.19,-6.911,15.729,-166.505
240.0,10.0,160.0,-15.72,14.69,-167.42,-16.901,15.643,-166.96
240.0,10.0,170.0,-25.38,14.88,-168.14,-26.89,15.558,-167.416
240.0,20.0,80.0,61.79,25.59,-164.47,62.924,26.327,-163.234
240.0,20.0,90.0,52.1,25.6,-164.8,52.935,26.241,-163.69
240.0,20.0,100.0,42.36,25.35,-164.86,42.946,26.155,-164.145
240.0,20.0,110.0,32.74,25.02,-165.5,32.956,26.07,-164.601
240.0,20.0,120.0,23.09,25.15,-165.79,22.967,25.984,-165.057
240.0,20.0,130.0,13.39,24.88,-166.36,12.978,25.899,-165.513
240.0,20.0,140.0,3.61,24.64,-166.57,2.989,25.813,-165.968
240.0,20.0,150.0,-6.03,24.6,-167.22,-7.001,25.728,-166.424
240.0,20.0,160.0,-15.68,24.64,-167.52,-16.99,25.642,-166.88
240.0,20.0,170.0,-25.44,24.47,-168.23,-26.979,25.557,-167.336
240.0,30.0,80.0,61.93,35.23,-164.51,62.835,36.326,-163.153
240.0,30.0,90.0,52.2,35.19,-164.79,52.846,36.24,-163.609
240.0,30.0,100.0,42.45,34.94,-164.88,42.856,36.155,-164.065
240.0,30.0,110.0,32.83,35.01,-165.57,32.867,36.069,-164.521
240.0,30.0,120.0,23.17,34.89,-165.85,22.878,35.984,-164.976
240.0,30.0,130.0,13.4,34.48,-166.42,12.889,35.898,-165.432
240.0,30.0,140.0,3.56,34.41,-166.6,2.899,35.813,-165.888
240.0,30.0,150.0,-5.99,34.24,-167.33,-7.09,35.727,-166.344
240.0,30.0,160.0,-15.77,34.27,-167.59,-17.079,35.642,-166.799
240.0,30.0,170.0,-25.4,33.92,-168.38,-27.068,35.556,-167.255
240.0,40.0,80.0,61.97,44.84,-164.53,62.746,46.325,-163.073
240.0,40.0,90.0,52.3,44.83,-164.88,52.756,46.24,-163.529
240.0,40.0,100.0,42.54,44.69,-165.0,42.767,46.154,-163.984
240.0,40.0,110.0,32.92,44.45,-165.67,32.778,46.069,-164.44
240.0,40.0,120.0,23.16,44.5,-165.86,22.789,45.983,-164.896
240.0,40.0,130.0,13.34,44.16,-166.42,12.799,45.898,-165.352
240.0,40.0,140.0,3.66,44.25,-166.77,2.81,45.812,-165.807
240.0,40.0,150.0,-5.98,43.91,-167.44,-7.179,45.726,-166.263
240.0,40.0,160.0,-15.83,43.66,-167.67,-17.168,45.641,-166.719
240.0,40.0,170.0,-25.43,43.74,-168.53,-27.158,45.555,-167.175
250.0,-50.0,80.0,61.04,-43.15,-154.8,63.094,-43.753,-153.808
250.0,-50.0,90.0,51.37,-43.24,-155.02,53.105,-43.838,-154.264
250.0,-50.0,100.0,41.79,-43.82,-155.14,43.115,-43.924,-154.72
250.0,-50.0,110.0,32.33,-43.8,-155.69,33.126,-44.009,-155.176
250.0,-50.0,120.0,22.73,-44.26,-155.94,23.137,-44.095,-155.631
250.0,-50.0,130.0,13.04,-44.06,-156.44,13.148,-44.18,-156.087
250.0,-50.0,140.0,3.33,-44.22,-156.8,3.159,-44.266,-156.543
250.0,-50.0,150.0,-6.16,-44.22,-157.51,-6.831,-44.352,-156.999
250.0,-50.0,160.0,-15.85,-44.28,-157.95,-16.82,-44.437,-157.454
250.0,-50.0,170.0,-25.44,-44.03,-158.82,-26.809,-44.523,-157.91
250.0,-40.0,80.0,61.1,-33.15,-154.88,63.005,-33.754,-153.728
250.0,-40.0,90.0,51.49,-33.29,-155.11,53.015,-33.839,-154.184
250.0,-40.0,100.0,41.84,-33.62,-155.14,43.026,-33.925,-154.639
250.0,-40.0,110.0,32.26,-33.88,-155.71,33.037,-34.01,-155.095
250.0,-40.0,120.0,22.63,-34.19,-155.94,23.048,-34.096,-155.551
250.0,-40.0,130.0,13.04,-34.4,-156.57,13.058,-34.181,-156.007
250.0,-40.0,140.0,3.23,-34.26,-156.81,3.069,-34.267,-156.462
250.0,-40.0,150.0,-6.32,-34.49,-157.47,-6.92,-34.352,-156.918
250.0,-40.0,160.0,-15.97,-34.14,-157.81,-16.909,-34.438,-157.374
250.0,-40.0,170.0,-25.64,-34.13,-158.69,-26.898,-34.523,-157.829
250.0,-30.0,80.0,61.21,-23.23,-154.86,62.915,-23.754,-153.647
250.0,-30.0,90.0,51.64,-23.32,-155.19,52.926,-23.84,-154.103
250.0,-30.0,100.0,41.94,-23.66,-155.19,42.937,-23.925,-154.559
250.0,-30.0,110.0,32.32,-23.9,-155.77,32.948,-24.011,-155.015
250.0,-30.0,120.0,22.58,-24.33,-155.93,22.958,-24.096,-155.47
250.0,-30.0,130.0,12.97,-24.28,-156.6,12.969,-24.182,-155.926
250.0,-30.0,140.0,3.19,-24.32,-156.77,2.98,-24.267,-156.382
250.0,-30.0,150.0,-6.48,-24.34,-157.4,-7.009,-24.353,-156.837
250.0,-30.0,160.0,-16.06,-24.52,-157.76,-16.999,-24.438,-157.293
250.0,-30.0,170.0,-25.76,-24.33,-158.52,-26.988,-24.524,-157.749
250.0,-20.0,80.0,61.3,-13.36,-154.79,62.826,-13.755,-153.567
250.0,-20.0,90.0,51.71,-13.39,-155.16,52.837,-13.841,-154.023
250.0,-20.0,100.0,42.03,-13.91,-155.23,42.848,-13.926,-154.478
250.0,-20.0,110.0,32.41,-13.88,-155.78,32.858,-14.012,-154.934
250.0,-20.0,120.0,22.59,-14.12,-155.89,22.869,-14.097,-155.39
250.0,-20.0,130.0,12.92,-14.44,-156.61,12.88,-14.183,-155.845
250.0,-20.0,140.0,3.17,-14.46,-156.78,2.891,-14.268,-156.301
250.0,-20.0,150.0,-6.5,-14.39,-157.34,-7.099,-14.354,-156.757
250.0,-20.0,160.0,-16.14,-14.59,-157.7,-17.088,-14.439,-157.213
250.0,-20.0,170.0,-25.85,-14.56,-158.35,-27.077,-14.525,-157.668
250.0,-10.0,80.0,61.4,-3.53,-154.75,62.737,-3.756,-153.486
250.0,-10.0,90.0,51.76,-3.83,-155.1,52.748,-3.841,-153.942
250.0,-10.0,100.0,42.11,-3.99,-155.22,42.758,-3.927,-154.398
250.0,-10.0,110.0,32.43,-4.14,-155.79,32.769,-4.012,-154.853
250.0,-10.0,120.0,22.63,-4.42,-155.92,22.78,-4.098,-155.309
250.0,-10.0,130.0,12.91,-4.64,-156.59,12.791,-4.183,-155.765
250.0,-10.0,140.0,3.13,-4.76,-156.75,2.801,-4.269,-156.221
250.0,-10.0,150.0,-6.56,-4.93,-157.29,-7.188,-4.354,-156.676
250.0,-10.0,160.0,-16.22,-4.74,-157.61,-17.177,-4.44,-157.132
250.0,-10.0,170.0,-25.81,-4.91,-158.32,-27.166,-4.525,-157.588
250.0,-0.0,80.0,61.43,6.02,-154.66,62.648,6.243,-153.406
250.0,-0.0,90.0,51.78,6.02,-155.04,52.658,6.158,-153.861
250.0,-0.0,100.0,42.11,5.61,-155.17,42.669,6.072,-154.317
250.0,-0.0,110.0,32.46,5.59,-155.75,32.68,5.987,-154.773
250.0,-0.0,120.0,22.65,5.21,-155.86,22.691,5.901,-155.229
250.0,-0.0,130.0,12.91,5.32,-156.58,12.701,5.816,-155.684
250.0,-0.0,140.0,3.13,5.15,-156.73,2.712,5.73,-156.14
250.0,-0.0,150.0,-6.56,4.8,-157.25,-7.277,5.645,-156.596
250.0,-0.0,160.0,-16.27,5.0,-157.59,-17.266,5.559,-157.052
250.0,-0.0,170.0,-25.85,4.8,-158.27,-27.256,5.474,-157.507
250.0,10.0,80.0,61.51,15.78,-154.63,62.558,16.243,-153.325
250.0,10.0,90.0,51.86,15.83,-155.04,52.569,16.157,-153.781
250.0,10.0,100.0,42.16,15.63,-155.17,42.58,16.072,-154.237
250.0,10.0,110.0,32.47,15.51,-155.75,32.591,15.986,-154.692
250.0,10.0,120.0,22.65,15.32,-155.86,22.601,15.901,-155.148
250.0,10.0,130.0,12.91,14.93,-156.56,12.612,15.815,-155.604
250.0,10.0,140.0,3.14,14.86,-156.74,2.623,15.73,-156.06
250.0,10.0,150.0,-6.56,14.53,-157.28,-7.366,15.644,-156.515
250.0,10.0,160.0,-16.28,14.79,-157.61,-17.356,15.559,-156.971
250.0,10.0,170.0,-25.92,14.32,-158.26,-27.345,15.473,-157.427
250.0,20.0,80.0,61.58,25.38,-154.66,62.469,26.242,-153.245
250.0,20.0,90.0,51.94,25.34,-155.08,52.48,26.156,-153.7
250.0,20.0,100.0,42.15,25.16,-155.13,42.491,26.071,-154.156
250.0,20.0,110.0,32.48,24.89,-155.74,32.501,25.985,-154.612
250.0,20.0,120.0,22.61,24.93,-155.84,22.512,25.9,-155.068
250.0,20.0,130.0,12.9,24.51,-156.54,12.523,25.814,-155.523
250.0,20.0,140.0,3.14,24.65,-156.76,2.534,25.729,-155.979
250.0,20.0,150.0,-6.56,24.29,-157.3,-7.456,25.643,-156.435
250.0,20.0,160.0,-16.26,24.27,-157.64,-17.445,25.558,-156.891
250.0,20.0,170.0,-26.06,24.09,-158.25,-27.434,25.472,-157.346
250.0,30.0,80.0,61.64,35.0,-154.74,62.38,36.241,-153.164
250.0,30.0,90.0,51.94,35.03,-155.08,52.391,36.156,-153.62
250.0,30.0,100.0,42.14,34.92,-155.13,42.401,36.07,-154.076
250.0,30.0,110.0,32.43,34.51,-155.74,32.412,35.985,-154.531
250.0,30.0,120.0,22.59,34.65,-155.88,22.423,35.899,-154.987
250.0,30.0,130.0,12.95,34.19,-156.56,12.434,35.814,-155.443
250.0,30.0,140.0,3.14,34.35,-156.78,2.444,35.728,-155.899
250.0,30.0,150.0,-6.56,33.96,-157.4,-7.545,35.643,-156.354
250.0,30.0,160.0,-16.26,34.1,-157.72,-17.534,35.557,-156.81
250.0,30.0,170.0,-26.09,33.91,-158.39,-27.523,35.472,-157.266
250.0,40.0,80.0,61.63,44.62,-154.72,62.291,46.241,-153.084
250.0,40.0,90.0,51.91,44.71,-155.07,52.301,46.155,-153.539
250.0,40.0,100.0,42.09,44.51,-155.14,42.312,46.07,-153.995
250.0,40.0,110.0,32.39,44.26,-155.71,32.323,45.984,-154.451
250.0,40.0,120.0,22.67,44.4,-156.0,22.334,45.899,-154.907
250.0,40.0,130.0,13.01,44.15,-156.66,12.344,45.813,-155.362
250.0,40.0,140.0,3.12,43.87,-156.79,2.355,45.727,-155.818
250.0,40.0,150.0,-6.52,43.93,-157.56,-7.634,45.642,-156.274
250.0,40.0,160.0,-16.27,43.81,-157.87,-17.623,45.556,-156.729
250.0,40.0,170.0,-26.08,43.6,-158.58,-27.613,45.471,-157.185
