250.0,-0.0,130.0,0.72,-5.11,-208.64,0.107,-4.52,-208.062
250.0,-0.0,120.0,10.4,-5.01,-208.81,10.105,-4.396,-208.267
250.0,-0.0,110.0,20.1,-4.82,-209.13,20.102,-4.271,-208.472
250.0,-0.0,100.0,29.84,-4.64,-209.37,30.099,-4.146,-208.677
250.0,-0.0,90.0,39.49,-4.4,-209.83,40.096,-4.022,-208.883
250.0,-10.0,130.0,0.82,-14.73,-208.66,0.229,-14.519,-208.196
250.0,-10.0,120.0,10.51,-14.9,-208.85,10.227,-14.394,-208.401
250.0,-10.0,110.0,20.18,-14.58,-209.29,20.224,-14.269,-208.607
250.0,-10.0,100.0,29.9,-14.41,-209.45,30.221,-14.145,-208.812
250.0,-10.0,90.0,39.57,-14.37,-209.94,40.218,-14.02,-209.017
250.0,-20.0,130.0,0.95,-24.64,-208.74,0.351,-24.517,-208.33
250.0,-20.0,120.0,10.55,-24.54,-208.85,10.348,-24.392,-208.536
250.0,-20.0,110.0,20.27,-24.37,-209.34,20.346,-24.268,-208.741
250.0,-20.0,100.0,29.97,-24.18,-209.42,30.343,-24.143,-208.946
250.0,-20.0,90.0,39.64,-24.13,-210.02,40.34,-24.018,-209.151
250.0,-30.0,130.0,1.19,-34.52,-208.81,0.473,-34.516,-208.465
250.0,-30.0,120.0,10.69,-34.62,-208.91,10.47,-34.391,-208.67
250.0,-30.0,110.0,20.33,-34.3,-209.37,20.468,-34.266,-208.875
250.0,-30.0,100.0,30.01,-34.35,-209.45,30.465,-34.141,-209.08
250.0,-30.0,90.0,39.73,-33.95,-210.08,40.462,-34.017,-209.286
250.0,-40.0,130.0,1.44,-44.27,-208.86,0.595,-44.514,-208.599
250.0,-40.0,120.0,10.89,-44.54,-208.97,10.592,-44.389,-208.804
250.0,-40.0,110.0,20.42,-44.13,-209.36,20.59,-44.264,-209.01
250.0,-40.0,100.0,30.01,-44.34,-209.42,30.587,-44.14,-209.215
250.0,-40.0,90.0,39.69,-43.89,-209.99,40.584,-44.015,-209.42
240.0,-0.0,130.0,0.75,-4.79,-218.5,-0.099,-4.389,-218.059
240.0,-0.0,120.0,10.19,-4.93,-218.85,9.898,-4.264,-218.264
240.0,-0.0,110.0,19.83,-4.63,-218.87,19.895,-4.139,-218.469
240.0,-0.0,100.0,29.47,-4.6,-219.05,29.892,-4.015,-218.674
240.0,-0.0,90.0,39.2,-4.25,-219.43,39.889,-3.89,-218.88
240.0,-10.0,130.0,0.88,-14.57,-218.55,0.023,-14.387,-218.193
240.0,-10.0,120.0,10.35,-14.66,-218.9,10.02,-14.262,-218.398
240.0,-10.0,110.0,19.97,-14.49,-218.86,20.017,-14.138,-218.604
240.0,-10.0,100.0,29.55,-14.14,-219.1,30.014,-14.013,-218.809
240.0,-10.0,90.0,39.27,-14.19,-219.42,40.011,-13.888,-219.014
240.0,-20.0,130.0,0.96,-24.35,-218.52,0.144,-24.385,-218.327
240.0,-20.0,120.0,10.53,-24.26,-219.01,10.142,-24.261,-218.533
240.0,-20.0,110.0,20.03,-24.16,-218.88,20.139,-24.136,-218.738
240.0,-20.0,100.0,29.68,-23.99,-219.11,30.136,-24.011,-218.943
240.0,-20.0,90.0,39.32,-23.76,-219.45,40.133,-23.886,-219.148
240.0,-30.0,130.0,1.09,-34.11,-218.58,0.266,-34.384,-218.462
240.0,-30.0,120.0,10.75,-34.31,-219.06,10.264,-34.259,-218.667
240.0,-30.0,110.0,20.22,-34.09,-218.93,20.261,-34.134,-218.872
240.0,-30.0,100.0,29.81,-34.13,-219.21,30.258,-34.01,-219.077
240.0,-30.0,90.0,39.38,-33.77,-219.43,40.255,-33.885,-219.283
240.0,-40.0,130.0,1.22,-44.19,-218.62,0.388,-44.382,-218.596
240.0,-40.0,120.0,10.82,-44.05,-219.0,10.386,-44.257,-218.801
240.0,-40.0,110.0,20.44,-43.99,-219.07,20.383,-44.133,-219.007
240.0,-40.0,100.0,29.93,-43.85,-219.18,30.38,-44.008,-219.212
240.0,-40.0,90.0,39.55,-43.82,-219.48,40.377,-43.883,-219.417
230.0,-0.0,130.0,0.55,-4.76,-228.18,-0.306,-4.257,-228.056
230.0,-0.0,120.0,10.14,-4.57,-228.68,9.691,-4.132,-228.261
230.0,-0.0,110.0,19.7,-4.46,-228.58,19.688,-4.007,-228.466
230.0,-0.0,100.0,29.33,-4.25,-229.1,29.685,-3.883,-228.671
230.0,-0.0,90.0,38.93,-4.23,-229.1,39.682,-3.758,-228.877
230.0,-10.0,130.0,0.65,-14.46,-228.16,-0.184,-14.255,-228.19
230.0,-10.0,120.0,10.28,-14.31,-228.72,9.813,-14.131,-228.395
230.0,-10.0,110.0,19.81,-14.16,-228.6,19.81,-14.006,-228.601
230.0,-10.0,100.0,29.38,-13.95,-229.12,29.807,-13.881,-228.806
230.0,-10.0,90.0,38.98,-13.98,-229.15,39.804,-13.756,-229.011
230.0,-20.0,130.0,0.75,-24.31,-228.21,-0.062,-24.254,-228.324
230.0,-20.0,120.0,10.3,-24.02,-228.69,9.935,-24.129,-228.53
230.0,-20.0,110.0,19.92,-24.09,-228.67,19.932,-24.004,-228.735
230.0,-20.0,100.0,29.47,-23.7,-229.11,29.929,-23.879,-228.94
230.0,-20.0,90.0,39.08,-23.74,-229.12,39.926,-23.755,-229.145
230.0,-30.0,130.0,0.99,-33.94,-228.26,0.06,-34.252,-228.459
230.0,-30.0,120.0,10.42,-33.93,-228.68,10.057,-34.127,-228.664
230.0,-30.0,110.0,20.02,-33.85,-228.66,20.054,-34.003,-228.869
230.0,-30.0,100.0,29.51,-33.63,-229.11,30.051,-33.878,-229.074
230.0,-30.0,90.0,39.13,-33.7,-229.14,40.048,-33.753,-229.28
230.0,-40.0,130.0,1.25,-43.78,-228.39,0.182,-44.25,-228.593
230.0,-40.0,120.0,10.6,-43.73,-228.71,10.179,-44.126,-228.798
230.0,-40.0,110.0,20.14,-43.62,-228.75,20.176,-44.001,-229.004
230.0,-40.0,100.0,29.62,-43.47,-229.03,30.173,-43.876,-229.209
230.0,-40.0,90.0,39.16,-43.41,-229.08,40.17,-43.751,-229.414
220.0,-0.0,130.0,0.36,-4.62,-237.91,-0.513,-4.125,-238.053
220.0,-0.0,120.0,9.83,-4.37,-238.34,9.484,-4.0,-238.258
220.0,-0.0,110.0,19.46,-4.26,-238.35,19.481,-3.876,-238.463
220.0,-0.0,100.0,28.98,-4.08,-238.76,29.478,-3.751,-238.668
220.0,-0.0,90.0,38.54,-4.09,-238.77,39.475,-3.626,-238.874
220.0,-10.0,130.0,0.55,-14.21,-237.91,-0.391,-14.123,-238.187
220.0,-10.0,120.0,9.97,-14.07,-238.34,9.606,-13.999,-238.392
220.0,-10.0,110.0,19.58,-13.98,-238.37,19.603,-13.874,-238.598
220.0,-10.0,100.0,29.05,-13.76,-238.72,29.6,-13.749,-238.803
220.0,-10.0,90.0,38.63,-13.75,-238.74,39.597,-13.625,-239.008
220.0,-20.0,130.0,0.75,-23.93,-238.0,-0.269,-24.122,-238.321
220.0,-20.0,120.0,10.18,-23.78,-238.38,9.728,-23.997,-238.527
220.0,-20.0,110.0,19.71,-23.7,-238.42,19.725,-23.872,-238.732
220.0,-20.0,100.0,29.17,-23.5,-238.7,29.722,-23.748,-238.937
220.0,-20.0,90.0,38.72,-23.52,-238.76,39.719,-23.623,-239.142
220.0,-30.0,130.0,0.9,-33.66,-238.03,-0.147,-34.12,-238.456
220.0,-30.0,120.0,10.42,-33.57,-238.45,9.85,-33.995,-238.661
220.0,-30.0,110.0,19.89,-33.49,-238.39,19.847,-33.871,-238.866
220.0,-30.0,100.0,29.31,-33.54,-238.89,29.844,-33.746,-239.071
220.0,-30.0,90.0,38.84,-33.23,-238.82,39.841,-33.621,-239.277
220.0,-40.0,130.0,1.17,-43.69,-238.17,-0.025,-44.119,-238.59
220.0,-40.0,120.0,10.62,-43.26,-238.44,9.972,-43.994,-238.795
220.0,-40.0,110.0,19.99,-43.62,-238.42,19.969,-43.869,-239.001
220.0,-40.0,100.0,29.57,-43.25,-238.88,29.966,-43.744,-239.206
220.0,-40.0,90.0,38.92,-43.35,-238.86,39.963,-43.62,-239.411
210.0,-0.0,130.0,0.34,-4.3,-247.71,-0.72,-3.993,-248.05
210.0,-0.0,120.0,9.78,-4.39,-248.0,9.277,-3.869,-248.255
210.0,-0.0,110.0,19.25,-4.07,-248.08,19.274,-3.744,-248.46
210.0,-0.0,100.0,28.8,-4.09,-248.52,29.271,-3.619,-248.665
210.0,-0.0,90.0,38.28,-3.68,-248.52,39.268,-3.494,-248.871
210.0,-10.0,130.0,0.51,-13.98,-247.72,-0.598,-13.992,-248.184
210.0,-10.0,120.0,9.93,-13.84,-248.08,9.399,-13.867,-248.389
210.0,-10.0,110.0,19.47,-13.64,-248.15,19.396,-13.742,-248.595
210.0,-10.0,100.0,28.91,-13.76,-248.38,29.393,-13.618,-248.8
210.0,-10.0,90.0,38.41,-13.35,-248.5,39.39,-13.493,-249.005
210.0,-20.0,130.0,0.76,-23.64,-247.73,-0.476,-23.99,-248.318
210.0,-20.0,120.0,10.14,-23.58,-248.11,9.521,-23.865,-248.524
210.0,-20.0,110.0,19.58,-23.45,-248.13,19.518,-23.741,-248.729
210.0,-20.0,100.0,29.07,-23.54,-248.47,29.515,-23.616,-248.934
210.0,-20.0,90.0,38.5,-23.26,-248.47,39.512,-23.491,-249.139
210.0,-30.0,130.0,0.88,-33.25,-247.77,-0.354,-33.988,-248.453
210.0,-30.0,120.0,10.3,-33.42,-248.12,9.643,-33.864,-248.658
210.0,-30.0,110.0,19.73,-33.18,-248.01,19.64,-33.739,-248.863
210.0,-30.0,100.0,29.14,-33.27,-248.52,29.637,-33.614,-249.068
210.0,-30.0,90.0,38.59,-32.96,-248.51,39.634,-33.49,-249.274
210.0,-40.0,130.0,1.11,-43.26,-247.91,-0.232,-43.987,-248.587
210.0,-40.0,120.0,10.43,-43.19,-248.12,9.765,-43.862,-248.792
210.0,-40.0,110.0,19.82,-43.15,-248.02,19.762,-43.737,-248.998
210.0,-40.0,100.0,29.33,-43.22,-248.37,29.759,-43.613,-249.203
210.0,-40.0,90.0,38.7,-42.9,-248.5,39.756,-43.488,-249.408
300.0,-0.0,130.0,1.52,-6.68,-159.59,1.073,-6.058,-158.959
300.0,-0.0,120.0,11.22,-6.27,-159.59,11.07,-5.927,-159.18
300.0,-0.0,110.0,21.2,-6.47,-159.9,21.067,-5.797,-159.401
300.0,-0.0,100.0,31.01,-6.09,-160.3,31.063,-5.666,-159.622
300.0,-0.0,90.0,40.78,-5.72,-160.3,41.06,-5.536,-159.843
300.0,-10.0,130.0,1.59,-16.65,-159.63,1.199,-16.055,-159.161
300.0,-10.0,120.0,11.29,-16.3,-159.71,11.196,-15.924,-159.382
300.0,-10.0,110.0,21.23,-16.14,-159.96,21.193,-15.794,-159.603
300.0,-10.0,100.0,31.05,-15.82,-160.37,31.189,-15.663,-159.824
300.0,-10.0,90.0,40.81,-15.81,-160.41,41.186,-15.533,-160.046
300.0,-20.0,130.0,1.67,-26.36,-159.69,1.325,-26.052,-159.364
300.0,-20.0,120.0,11.4,-26.31,-159.73,11.322,-25.921,-159.585
300.0,-20.0,110.0,21.23,-25.89,-159.97,21.319,-25.791,-159.806
300.0,-20.0,100.0,31.13,-26.05,-160.49,31.315,-25.661,-160.027
300.0,-20.0,90.0,40.85,-25.68,-160.5,41.312,-25.53,-160.248
300.0,-30.0,130.0,1.73,-36.35,-159.72,1.451,-36.049,-159.566
300.0,-30.0,120.0,11.57,-36.05,-159.75,11.448,-35.919,-159.787
300.0,-30.0,110.0,21.3,-36.21,-160.05,21.445,-35.788,-160.008
300.0,-30.0,100.0,31.15,-35.86,-160.51,31.441,-35.658,-160.229
300.0,-30.0,90.0,40.94,-35.43,-160.51,41.438,-35.527,-160.45
300.0,-40.0,130.0,1.86,-46.31,-159.76,1.577,-46.046,-159.768
300.0,-40.0,120.0,11.73,-46.01,-159.82,11.574,-45.916,-159.989
300.0,-40.0,110.0,21.41,-46.21,-160.1,21.571,-45.785,-160.21
300.0,-40.0,100.0,31.16,-45.87,-160.49,31.567,-45.655,-160.431
300.0,-40.0,90.0,40.97,-45.46,-160.52,41.564,-45.524,-160.652
290.0,-0.0,130.0,1.16,-6.32,-169.42,0.85,-5.858,-168.955
290.0,-0.0,120.0,11.15,-6.25,-169.54,10.846,-5.728,-169.176
290.0,-0.0,110.0,20.87,-5.9,-169.98,20.843,-5.597,-169.397
290.0,-0.0,100.0,30.62,-6.01,-169.95,30.84,-5.467,-169.618
290.0,-0.0,90.0,40.36,-5.63,-170.11,40.837,-5.337,-169.839
290.0,-10.0,130.0,1.22,-16.2,-169.45,0.976,-15.855,-169.157
290.0,-10.0,120.0,11.19,-15.81,-169.59,10.972,-15.725,-169.378
290.0,-10.0,110.0,20.93,-15.96,-170.06,20.969,-15.595,-169.599
290.0,-10.0,100.0,30.68,-15.67,-170.0,30.966,-15.464,-169.82
290.0,-10.0,90.0,40.39,-15.46,-170.18,40.962,-15.334,-170.041
290.0,-20.0,130.0,1.28,-26.06,-169.48,1.102,-25.853,-169.359
290.0,-20.0,120.0,11.18,-25.76,-169.58,11.098,-25.722,-169.58
290.0,-20.0,110.0,21.07,-25.92,-170.16,21.095,-25.592,-169.801
290.0,-20.0,100.0,30.72,-25.58,-170.2,31.092,-25.461,-170.022
290.0,-20.0,90.0,40.44,-25.54,-170.27,41.088,-25.331,-170.243
290.0,-30.0,130.0,1.56,-35.91,-169.62,1.228,-35.85,-169.561
290.0,-30.0,120.0,11.31,-35.61,-169.64,11.224,-35.719,-169.782
290.0,-30.0,110.0,21.21,-35.8,-170.22,21.221,-35.589,-170.003
290.0,-30.0,100.0,30.93,-35.42,-170.31,31.218,-35.458,-170.224
290.0,-30.0,90.0,40.57,-35.22,-170.34,41.214,-35.328,-170.445
290.0,-40.0,130.0,1.84,-45.79,-169.67,1.354,-45.847,-169.763
290.0,-40.0,120.0,11.39,-45.77,-169.6,11.35,-45.716,-169.984
290.0,-40.0,110.0,21.29,-45.66,-170.1,21.347,-45.586,-170.205
290.0,-40.0,100.0,31.14,-45.26,-170.45,31.344,-45.456,-170.426
290.0,-40.0,90.0,40.72,-45.38,-170.41,41.34,-45.325,-170.647
280.0,-0.0,130.0,1.27,-5.71,-179.2,0.626,-5.659,-178.95
280.0,-0.0,120.0,10.87,-5.93,-179.31,10.623,-5.528,-179.171
280.0,-0.0,110.0,20.73,-5.6,-179.88,20.62,-5.398,-179.392
280.0,-0.0,100.0,30.57,-5.41,-179.88,30.616,-5.268,-179.613
280.0,-0.0,90.0,40.3,-5.17,-180.29,40.613,-5.137,-179.834
280.0,-10.0,130.0,1.35,-15.79,-179.35,0.752,-15.656,-179.152
280.0,-10.0,120.0,10.96,-15.45,-179.39,10.749,-15.526,-179.373
280.0,-10.0,110.0,20.79,-15.61,-179.98,20.745,-15.395,-179.594
280.0,-10.0,100.0,30.62,-15.25,-179.95,30.742,-15.265,-179.816
280.0,-10.0,90.0,40.37,-14.85,-180.34,40.739,-15.134,-180.037
280.0,-20.0,130.0,1.42,-25.42,-179.44,0.878,-25.653,-179.355
280.0,-20.0,120.0,11.12,-25.58,-179.52,10.875,-25.523,-179.576
280.0,-20.0,110.0,20.84,-25.16,-180.0,20.871,-25.392,-179.797
280.0,-20.0,100.0,30.67,-25.3,-180.02,30.868,-25.262,-180.018
280.0,-20.0,90.0,40.4,-24.89,-180.48,40.865,-25.132,-180.239
280.0,-30.0,130.0,1.51,-35.51,-179.53,1.004,-35.65,-179.557
280.0,-30.0,120.0,11.29,-35.5,-179.56,11.001,-35.52,-179.778
280.0,-30.0,110.0,20.94,-35.28,-180.04,20.997,-35.39,-179.999
280.0,-30.0,100.0,30.68,-35.02,-180.03,30.994,-35.259,-180.22
280.0,-30.0,90.0,40.44,-34.99,-180.54,40.991,-35.129,-180.441
280.0,-40.0,130.0,1.6,-45.16,-179.54,1.13,-45.648,-179.759
280.0,-40.0,120.0,11.43,-45.56,-179.6,11.127,-45.517,-179.98
280.0,-40.0,110.0,21.12,-45.24,-180.04,21.123,-45.387,-180.201
280.0,-40.0,100.0,30.78,-45.14,-180.06,31.12,-45.256,-180.422
280.0,-40.0,90.0,40.45,-44.8,-180.49,41.117,-45.126,-180.643
270.0,-0.0,130.0,0.95,-5.74,-189.03,0.403,-5.46,-188.946
270.0,-0.0,120.0,10.79,-5.5,-189.2,10.399,-5.329,-189.167
270.0,-0.0,110.0,20.61,-5.36,-189.75,20.396,-5.199,-189.388
270.0,-0.0,100.0,30.29,-5.13,-189.68,30.393,-5.068,-189.609
270.0,-0.0,90.0,39.99,-4.95,-190.13,40.389,-4.938,-189.83
270.0,-10.0,130.0,1.01,-15.44,-189.07,0.528,-15.457,-189.148
270.0,-10.0,120.0,10.83,-15.38,-189.22,10.525,-15.326,-189.369
270.0,-10.0,110.0,20.69,-15.1,-189.79,20.522,-15.196,-189.59
270.0,-10.0,100.0,30.36,-14.98,-189.76,30.519,-15.066,-189.811
270.0,-10.0,90.0,40.05,-14.71,-190.23,40.515,-14.935,-190.032
270.0,-20.0,130.0,1.12,-25.27,-189.14,0.654,-25.454,-189.35
270.0,-20.0,120.0,10.9,-25.23,-189.29,10.651,-25.324,-189.571
270.0,-20.0,110.0,20.74,-24.85,-189.83,20.648,-25.193,-189.792
270.0,-20.0,100.0,30.44,-25.01,-189.86,30.645,-25.063,-190.013
270.0,-20.0,90.0,40.1,-24.61,-190.29,40.641,-24.932,-190.234
270.0,-30.0,130.0,1.37,-35.33,-189.3,0.78,-35.451,-189.552
270.0,-30.0,120.0,10.99,-35.11,-189.31,10.777,-35.321,-189.773
270.0,-30.0,110.0,20.8,-34.86,-189.83,20.774,-35.19,-189.994
270.0,-30.0,100.0,30.55,-34.92,-189.93,30.771,-35.06,-190.215
270.0,-30.0,90.0,40.23,-34.52,-190.4,40.767,-34.929,-190.436
270.0,-40.0,130.0,1.66,-45.09,-189.42,0.906,-45.448,-189.754
270.0,-40.0,120.0,11.11,-44.94,-189.3,10.903,-45.318,-189.975
270.0,-40.0,110.0,20.81,-45.03,-189.81,20.9,-45.187,-190.196
270.0,-40.0,100.0,30.59,-44.83,-189.9,30.896,-45.057,-190.417
270.0,-40.0,90.0,40.31,-44.51,-190.42,40.893,-44.927,-190.639
260.0,-0.0,130.0,0.94,-5.19,-198.83,0.179,-5.26,-198.941
260.0,-0.0,120.0,10.55,-5.24,-198.95,10.176,-5.13,-199.162
260.0,-0.0,110.0,20.22,-5.07,-199.44,20.172,-4.999,-199.383
260.0,-0.0,100.0,30.0,-4.88,-199.52,30.169,-4.869,-199.604
260.0,-0.0,90.0,39.74,-4.68,-199.95,40.166,-4.739,-199.825
260.0,-10.0,130.0,1.06,-15.16,-198.9,0.305,-15.257,-199.143
260.0,-10.0,120.0,10.66,-15.02,-199.03,10.302,-15.127,-199.364
260.0,-10.0,110.0,20.3,-15.03,-199.51,20.298,-14.997,-199.586
260.0,-10.0,100.0,30.07,-14.71,-199.57,30.295,-14.866,-199.807
260.0,-10.0,90.0,39.78,-14.43,-200.04,40.292,-14.736,-200.028
260.0,-20.0,130.0,1.18,-25.0,-199.01,0.431,-25.255,-199.346
260.0,-20.0,120.0,10.77,-24.7,-199.06,10.428,-25.124,-199.567
260.0,-20.0,110.0,20.42,-24.63,-199.55,20.424,-24.994,-199.788
260.0,-20.0,100.0,30.13,-24.52,-199.65,30.421,-24.863,-200.009
260.0,-20.0,90.0,39.8,-24.28,-200.08,40.418,-24.733,-200.23
260.0,-30.0,130.0,1.3,-35.0,-199.05,0.557,-35.252,-199.548
260.0,-30.0,120.0,10.94,-34.75,-199.14,10.553,-35.121,-199.769
260.0,-30.0,110.0,20.55,-34.6,-199.6,20.55,-34.991,-199.99
260.0,-30.0,100.0,30.24,-34.47,-199.68,30.547,-34.861,-200.211
260.0,-30.0,90.0,39.83,-34.24,-200.14,40.544,-34.73,-200.432
260.0,-40.0,130.0,1.41,-44.58,-199.06,0.683,-45.249,-199.75
260.0,-40.0,120.0,11.1,-44.87,-199.23,10.679,-45.119,-199.971
260.0,-40.0,110.0,20.74,-44.51,-199.64,20.676,-44.988,-200.192
260.0,-40.0,100.0,30.37,-44.65,-199.7,30.673,-44.858,-200.413
260.0,-40.0,90.0,40.0,-44.23,-200.2,40.67,-44.727,-200.634
250.0,50.0,130.0,0.33,43.18,-208.62,-0.385,44.26,-208.223
250.0,50.0,120.0,10.15,43.52,-208.91,9.612,44.39,-208.459
250.0,50.0,110.0,19.75,43.82,-209.33,19.608,44.52,-208.695
250.0,50.0,100.0,29.46,43.81,-209.24,29.605,44.65,-208.931
250.0,50.0,90.0,39.16,44.06,-209.69,39.601,44.779,-209.167
250.0,40.0,130.0,0.48,33.75,-208.66,-0.256,34.261,-208.253
250.0,40.0,120.0,10.12,33.89,-208.8,9.741,34.391,-208.489
250.0,40.0,110.0,19.74,34.09,-209.21,19.737,34.521,-208.725
250.0,40.0,100.0,29.49,34.28,-209.17,29.734,34.65,-208.961
250.0,40.0,90.0,39.24,34.28,-209.65,39.73,34.78,-209.197
250.0,30.0,130.0,0.54,23.96,-208.63,-0.126,24.262,-208.282
250.0,30.0,120.0,10.08,24.11,-208.7,9.87,24.392,-208.518
250.0,30.0,110.0,19.85,24.33,-209.19,19.866,24.522,-208.754
250.0,30.0,100.0,29.53,24.5,-209.24,29.863,24.651,-208.99
250.0,30.0,90.0,39.36,24.62,-209.83,39.859,24.781,-209.226
250.0,20.0,130.0,0.52,14.27,-208.61,0.003,14.263,-208.311
250.0,20.0,120.0,10.18,14.48,-208.7,9.999,14.393,-208.547
250.0,20.0,110.0,19.95,14.62,-209.23,19.995,14.522,-208.783
250.0,20.0,100.0,29.66,14.83,-209.28,29.992,14.652,-209.019
250.0,20.0,90.0,39.39,15.05,-209.71,39.988,14.782,-209.255
250.0,10.0,130.0,0.58,4.68,-208.59,0.132,4.264,-208.341
250.0,10.0,120.0,10.27,4.8,-208.75,10.128,4.394,-208.577
250.0,10.0,110.0,20.01,4.96,-209.19,20.124,4.523,-208.813
250.0,10.0,100.0,29.75,5.14,-209.37,30.121,4.653,-209.049
250.0,10.0,90.0,39.41,5.37,-209.77,40.117,4.783,-209.285
240.0,50.0,130.0,0.13,43.53,-218.52,-0.621,44.287,-218.22
240.0,50.0,120.0,9.76,43.64,-218.75,9.375,44.416,-218.456
240.0,50.0,110.0,19.51,43.84,-219.09,19.372,44.546,-218.692
240.0,50.0,100.0,29.19,43.9,-219.1,29.368,44.676,-218.928
240.0,50.0,90.0,38.9,44.23,-219.37,39.365,44.806,-219.164
240.0,40.0,130.0,0.16,33.82,-218.45,-0.492,34.288,-218.25
240.0,40.0,120.0,9.92,34.04,-218.89,9.504,34.417,-218.486
240.0,40.0,110.0,19.65,34.23,-218.97,19.501,34.547,-218.722
240.0,40.0,100.0,29.3,34.43,-219.05,29.497,34.677,-218.958
240.0,40.0,90.0,38.96,34.58,-219.33,39.494,34.806,-219.194
240.0,30.0,130.0,0.36,24.39,-218.44,-0.363,24.288,-218.279
240.0,30.0,120.0,10.03,24.21,-218.91,9.634,24.418,-218.515
240.0,30.0,110.0,19.6,24.57,-218.82,19.63,24.548,-218.751
240.0,30.0,100.0,29.3,24.71,-219.08,29.626,24.678,-218.987
240.0,30.0,90.0,38.95,24.93,-219.24,39.623,24.807,-219.223
240.0,20.0,130.0,0.48,14.56,-218.42,-0.234,14.289,-218.308
240.0,20.0,120.0,10.09,14.54,-218.89,9.763,14.419,-218.544
240.0,20.0,110.0,19.66,14.81,-218.82,19.759,14.549,-218.78
240.0,20.0,100.0,29.33,15.05,-219.0,29.755,14.678,-219.016
240.0,20.0,90.0,39.0,15.08,-219.25,39.752,14.808,-219.252
240.0,10.0,130.0,0.61,5.01,-218.49,-0.105,4.29,-218.338
240.0,10.0,120.0,10.1,4.86,-218.83,9.892,4.42,-218.574
240.0,10.0,110.0,19.74,5.19,-218.8,19.888,4.55,-218.81
240.0,10.0,100.0,29.38,5.37,-219.03,29.884,4.679,-219.046
240.0,10.0,90.0,39.08,5.63,-219.35,39.881,4.809,-219.282
230.0,50.0,130.0,-0.09,43.75,-228.51,-0.857,44.313,-228.218
230.0,50.0,120.0,9.65,43.56,-228.84,9.139,44.443,-228.454
230.0,50.0,110.0,19.27,43.97,-228.79,19.135,44.572,-228.69
230.0,50.0,100.0,28.97,43.91,-229.28,29.132,44.702,-228.926
230.0,50.0,90.0,38.57,44.26,-229.24,39.128,44.832,-229.162
230.0,40.0,130.0,0.1,33.67,-228.31,-0.728,34.314,-228.247
230.0,40.0,120.0,9.62,33.98,-228.72,9.268,34.444,-228.483
230.0,40.0,110.0,19.3,34.23,-228.76,19.265,34.573,-228.719
230.0,40.0,100.0,28.9,34.2,-229.07,29.261,34.703,-228.955
230.0,40.0,90.0,38.58,34.66,-229.12,39.257,34.833,-229.191
230.0,30.0,130.0,0.06,24.14,-228.26,-0.599,24.315,-228.276
230.0,30.0,120.0,9.7,24.5,-228.68,9.397,24.444,-228.512
230.0,30.0,110.0,19.4,24.61,-228.65,19.394,24.574,-228.748
230.0,30.0,100.0,29.02,24.85,-229.09,29.39,24.704,-228.984
230.0,30.0,90.0,38.69,24.85,-229.07,39.386,24.834,-229.22
230.0,20.0,130.0,0.2,14.62,-228.14,-0.47,14.316,-228.306
230.0,20.0,120.0,9.86,14.76,-228.66,9.526,14.445,-228.542
230.0,20.0,110.0,19.52,14.94,-228.61,19.523,14.575,-228.778
230.0,20.0,100.0,29.13,14.96,-229.1,29.519,14.705,-229.014
230.0,20.0,90.0,38.82,15.34,-229.08,39.515,14.834,-229.25
230.0,10.0,130.0,0.37,4.89,-228.11,-0.341,4.316,-228.335
230.0,10.0,120.0,10.04,5.13,-228.69,9.655,4.446,-228.571
230.0,10.0,110.0,19.61,5.26,-228.56,19.652,4.576,-228.807
230.0,10.0,100.0,29.24,5.5,-229.09,29.648,4.706,-229.043
230.0,10.0,90.0,38.88,5.49,-229.11,39.644,4.835,-229.279
220.0,50.0,130.0,-0.3,43.69,-238.32,-1.094,44.339,-238.215
220.0,50.0,120.0,9.25,44.01,-238.66,8.903,44.469,-238.451
220.0,50.0,110.0,18.91,43.89,-238.51,18.899,44.599,-238.687
220.0,50.0,100.0,28.56,44.14,-239.12,28.895,44.728,-238.923
220.0,50.0,90.0,38.19,44.35,-239.15,38.892,44.858,-239.159
220.0,40.0,130.0,-0.17,34.01,-238.19,-0.965,34.34,-238.244
220.0,40.0,120.0,9.43,34.15,-238.6,9.032,34.47,-238.48
220.0,40.0,110.0,19.06,34.3,-238.51,19.028,34.6,-238.716
220.0,40.0,100.0,28.76,34.46,-239.08,29.025,34.729,-238.952
220.0,40.0,90.0,38.31,34.5,-238.9,39.021,34.859,-239.188
220.0,30.0,130.0,-0.04,24.19,-238.05,-0.835,24.341,-238.273
220.0,30.0,120.0,9.5,24.52,-238.53,9.161,24.471,-238.509
220.0,30.0,110.0,19.15,24.5,-238.43,19.157,24.6,-238.745
220.0,30.0,100.0,28.73,24.84,-238.93,29.154,24.73,-238.981
220.0,30.0,90.0,38.32,25.11,-238.9,39.15,24.86,-239.217
220.0,20.0,130.0,0.08,14.87,-238.03,-0.706,14.342,-238.303
220.0,20.0,120.0,9.63,14.74,-238.38,9.29,14.472,-238.539
220.0,20.0,110.0,19.2,15.13,-238.42,19.286,14.601,-238.775
220.0,20.0,100.0,28.78,15.21,-238.77,29.283,14.731,-239.011
220.0,20.0,90.0,38.39,15.27,-238.75,39.279,14.861,-239.247
220.0,10.0,130.0,0.22,5.02,-238.01,-0.577,4.343,-238.332
220.0,10.0,120.0,9.66,5.29,-238.31,9.419,4.472,-238.568
220.0,10.0,110.0,19.3,5.24,-238.35,19.415,4.602,-238.804
220.0,10.0,100.0,28.83,5.58,-238.66,29.412,4.732,-239.04
220.0,10.0,90.0,38.43,5.61,-238.74,39.408,4.862,-239.276
210.0,50.0,130.0,-0.49,43.81,-248.17,-1.33,44.365,-248.212
210.0,50.0,120.0,9.09,43.81,-248.57,8.666,44.495,-248.448
210.0,50.0,110.0,18.63,44.09,-248.4,18.663,44.625,-248.684
210.0,50.0,100.0,28.3,44.08,-248.72,28.659,44.755,-248.92
210.0,50.0,90.0,37.92,44.4,-248.99,38.656,44.884,-249.156
210.0,40.0,130.0,-0.35,34.11,-248.02,-1.201,34.366,-248.241
210.0,40.0,120.0,9.11,34.24,-248.29,8.795,34.496,-248.477
210.0,40.0,110.0,18.67,34.53,-248.26,18.792,34.626,-248.713
210.0,40.0,100.0,28.33,34.45,-248.71,28.788,34.756,-248.949
210.0,40.0,90.0,37.91,34.86,-248.78,38.785,34.885,-249.185
210.0,30.0,130.0,-0.28,24.48,-247.87,-1.072,24.367,-248.271
210.0,30.0,120.0,9.26,24.62,-248.26,8.925,24.497,-248.507
210.0,30.0,110.0,18.87,24.64,-248.22,18.921,24.627,-248.743
210.0,30.0,100.0,28.52,24.92,-248.54,28.917,24.756,-248.979
210.0,30.0,90.0,38.0,25.18,-248.68,38.914,24.886,-249.215
210.0,20.0,130.0,-0.08,14.93,-247.79,-0.943,14.368,-248.3
210.0,20.0,120.0,9.45,14.86,-248.18,9.054,14.498,-248.536
210.0,20.0,110.0,19.0,15.11,-248.15,19.05,14.628,-248.772
210.0,20.0,100.0,28.59,15.42,-248.55,29.046,14.757,-249.008
210.0,20.0,90.0,38.11,15.42,-248.57,39.043,14.887,-249.244
210.0,10.0,130.0,0.11,5.19,-247.73,-0.814,4.369,-248.329
210.0,10.0,120.0,9.65,5.47,-248.12,9.183,4.499,-248.565
210.0,10.0,110.0,19.15,5.42,-248.12,19.179,4.628,-248.801
210.0,10.0,100.0,28.73,5.74,-248.49,29.175,4.758,-249.037
210.0,10.0,90.0,38.22,5.79,-248.55,39.172,4.888,-249.273
300.0,50.0,130.0,1.26,42.28,-159.28,0.827,43.165,-158.822
300.0,50.0,120.0,11.23,42.7,-159.47,10.824,43.27,-159.046
300.0,50.0,110.0,21.05,42.56,-159.61,20.821,43.376,-159.269
300.0,50.0,100.0,30.83,42.74,-160.06,30.818,43.481,-159.493
300.0,50.0,90.0,40.66,43.18,-160.08,40.815,43.586,-159.716
300.0,40.0,130.0,1.3,32.58,-159.31,0.93,33.166,-158.96
300.0,40.0,120.0,11.24,32.93,-159.49,10.926,33.272,-159.184
300.0,40.0,110.0,20.96,32.78,-159.62,20.923,33.377,-159.407
300.0,40.0,100.0,30.81,33.08,-160.09,30.92,33.482,-159.631
300.0,40.0,90.0,40.71,33.29,-160.1,40.917,33.588,-159.854
300.0,30.0,130.0,1.36,23.04,-159.42,1.032,23.168,-159.098
300.0,30.0,120.0,11.24,22.86,-159.42,11.029,23.273,-159.322
300.0,30.0,110.0,20.97,23.19,-159.66,21.026,23.379,-159.545
300.0,30.0,100.0,30.87,23.58,-160.14,31.023,23.484,-159.769
300.0,30.0,90.0,40.73,23.63,-160.13,41.02,23.589,-159.992
300.0,20.0,130.0,1.44,13.19,-159.46,1.134,13.169,-159.236
300.0,20.0,120.0,11.18,13.03,-159.47,11.131,13.275,-159.459
300.0,20.0,110.0,21.04,13.53,-159.77,21.128,13.38,-159.683
300.0,20.0,100.0,30.95,13.41,-160.17,31.125,13.485,-159.907
300.0,20.0,90.0,40.72,13.9,-160.18,41.122,13.591,-160.13
300.0,10.0,130.0,1.46,3.45,-159.49,1.237,3.171,-159.374
300.0,10.0,120.0,11.19,3.25,-159.52,11.234,3.276,-159.597
300.0,10.0,110.0,21.13,3.62,-159.83,21.231,3.381,-159.821
300.0,10.0,100.0,30.96,4.01,-160.24,31.228,3.487,-160.044
300.0,10.0,90.0,40.77,3.84,-160.26,41.224,3.592,-160.268
290.0,50.0,130.0,1.15,42.25,-169.39,0.602,43.3,-168.819
290.0,50.0,120.0,10.85,42.57,-169.34,10.599,43.406,-169.042
290.0,50.0,110.0,20.61,42.77,-169.48,20.596,43.511,-169.266
290.0,50.0,100.0,30.58,42.85,-170.07,30.593,43.617,-169.489
290.0,50.0,90.0,40.42,43.09,-170.04,40.59,43.722,-169.713
290.0,40.0,130.0,1.12,32.68,-169.34,0.705,33.302,-168.957
290.0,40.0,120.0,10.77,33.13,-169.33,10.702,33.407,-169.18
290.0,40.0,110.0,20.73,33.01,-169.57,20.698,33.513,-169.404
290.0,40.0,100.0,30.64,33.21,-170.06,30.695,33.618,-169.627
290.0,40.0,90.0,40.32,33.34,-169.99,40.692,33.724,-169.851
290.0,30.0,130.0,1.09,22.98,-169.33,0.807,23.303,-169.095
290.0,30.0,120.0,10.88,23.41,-169.37,10.804,23.409,-169.318
290.0,30.0,110.0,20.82,23.21,-169.69,20.801,23.514,-169.542
290.0,30.0,100.0,30.56,23.55,-170.01,30.798,23.62,-169.765
290.0,30.0,90.0,40.3,23.68,-169.98,40.795,23.725,-169.989
290.0,20.0,130.0,1.05,13.25,-169.32,0.909,13.305,-169.233
290.0,20.0,120.0,10.98,13.66,-169.39,10.906,13.41,-169.456
290.0,20.0,110.0,20.89,13.45,-169.88,20.903,13.516,-169.68
290.0,20.0,100.0,30.53,13.81,-169.89,30.9,13.621,-169.903
290.0,20.0,90.0,40.3,13.97,-169.98,40.897,13.727,-170.127
290.0,10.0,130.0,1.11,3.47,-169.36,1.012,3.306,-169.37
290.0,10.0,120.0,11.07,3.8,-169.47,11.009,3.412,-169.594
290.0,10.0,110.0,20.85,3.7,-169.9,21.006,3.517,-169.818
290.0,10.0,100.0,30.58,4.01,-169.94,31.003,3.623,-170.041
290.0,10.0,90.0,40.31,4.38,-170.05,41.0,3.728,-170.265
280.0,50.0,130.0,0.93,42.59,-179.3,0.377,43.436,-178.815
280.0,50.0,120.0,10.69,43.09,-179.21,10.374,43.541,-179.039
280.0,50.0,110.0,20.58,42.8,-179.64,20.371,43.647,-179.262
280.0,50.0,100.0,30.4,43.19,-179.73,30.368,43.752,-179.486
280.0,50.0,90.0,40.14,43.39,-179.87,40.365,43.858,-179.709
280.0,40.0,130.0,0.91,33.02,-179.21,0.48,33.437,-178.953
280.0,40.0,120.0,10.81,33.22,-179.2,10.477,33.543,-179.177
280.0,40.0,110.0,20.57,33.38,-179.66,20.474,33.648,-179.4
280.0,40.0,100.0,30.34,33.55,-179.64,30.47,33.754,-179.624
280.0,40.0,90.0,40.09,33.8,-179.82,40.467,33.859,-179.847
280.0,30.0,130.0,1.01,23.43,-179.18,0.582,23.439,-179.091
280.0,30.0,120.0,10.84,23.56,-179.26,10.579,23.544,-179.315
280.0,30.0,110.0,20.56,23.72,-179.69,20.576,23.65,-179.538
280.0,30.0,100.0,30.33,23.93,-179.63,30.573,23.755,-179.762
280.0,30.0,90.0,40.13,23.94,-179.81,40.57,23.861,-179.985
280.0,20.0,130.0,1.09,13.83,-179.2,0.684,13.44,-179.229
280.0,20.0,120.0,10.86,13.69,-179.25,10.681,13.546,-179.453
280.0,20.0,110.0,20.58,14.07,-179.72,20.678,13.651,-179.676
280.0,20.0,100.0,30.42,14.23,-179.7,30.675,13.757,-179.9
280.0,20.0,90.0,40.21,14.4,-179.93,40.672,13.862,-180.123
280.0,10.0,130.0,1.17,3.91,-179.11,0.787,3.442,-179.367
280.0,10.0,120.0,10.82,4.1,-179.25,10.784,3.547,-179.591
280.0,10.0,110.0,20.66,4.3,-179.82,20.781,3.653,-179.814
280.0,10.0,100.0,30.5,4.51,-179.76,30.778,3.758,-180.038
280.0,10.0,90.0,40.27,4.71,-180.07,40.775,3.864,-180.261
270.0,50.0,130.0,0.78,42.98,-189.01,0.152,43.572,-188.812
270.0,50.0,120.0,10.59,43.11,-189.13,10.149,43.677,-189.035
270.0,50.0,110.0,20.24,43.27,-189.51,20.146,43.782,-189.259
270.0,50.0,100.0,30.01,43.68,-189.47,30.143,43.888,-189.482
270.0,50.0,90.0,39.86,43.5,-189.81,40.14,43.993,-189.706
270.0,40.0,130.0,0.9,33.36,-188.98,0.255,33.573,-188.95
270.0,40.0,120.0,10.47,33.31,-189.0,10.252,33.678,-189.173
270.0,40.0,110.0,20.26,33.64,-189.49,20.249,33.784,-189.397
270.0,40.0,100.0,30.15,33.86,-189.58,30.246,33.889,-189.62
270.0,40.0,90.0,39.95,33.82,-189.78,40.242,33.995,-189.844
270.0,30.0,130.0,0.85,23.52,-188.92,0.357,23.574,-189.088
270.0,30.0,120.0,10.53,23.72,-189.03,10.354,23.68,-189.311
270.0,30.0,110.0,20.39,23.99,-189.57,20.351,23.785,-189.535
270.0,30.0,100.0,30.24,23.96,-189.6,30.348,23.891,-189.758
270.0,30.0,90.0,39.96,24.33,-189.85,40.345,23.996,-189.982
270.0,20.0,130.0,0.8,13.87,-188.87,0.459,13.576,-189.226
270.0,20.0,120.0,10.61,14.28,-189.11,10.456,13.681,-189.449
270.0,20.0,110.0,20.51,14.08,-189.61,20.453,13.787,-189.673
270.0,20.0,100.0,30.26,14.45,-189.59,30.45,13.892,-189.896
270.0,20.0,90.0,39.91,14.66,-190.0,40.447,13.998,-190.12
270.0,10.0,130.0,0.88,4.16,-189.05,0.562,3.577,-189.364
270.0,10.0,120.0,10.68,4.55,-189.13,10.559,3.683,-189.587
270.0,10.0,110.0,20.58,4.46,-189.68,20.556,3.788,-189.811
270.0,10.0,100.0,30.23,4.73,-189.63,30.553,3.894,-190.034
270.0,10.0,90.0,39.95,4.94,-190.09,40.55,3.999,-190.258
260.0,50.0,130.0,0.55,43.01,-198.81,-0.073,43.707,-198.808
260.0,50.0,120.0,10.23,43.55,-199.01,9.924,43.813,-199.032
260.0,50.0,110.0,20.02,43.33,-199.35,19.921,43.918,-199.255
260.0,50.0,100.0,29.82,43.7,-199.38,29.918,44.024,-199.479
260.0,50.0,90.0,39.56,43.85,-199.91,39.915,44.129,-199.702
260.0,40.0,130.0,0.54,33.5,-198.76,0.03,33.709,-198.946
260.0,40.0,120.0,10.36,33.67,-198.92,10.027,33.814,-199.17
260.0,40.0,110.0,20.09,33.88,-199.4,20.024,33.92,-199.393
260.0,40.0,100.0,29.84,34.06,-199.37,30.021,34.025,-199.617
260.0,40.0,90.0,39.57,34.17,-199.9,40.018,34.13,-199.84
260.0,30.0,130.0,0.68,23.58,-198.74,0.132,23.71,-199.084
260.0,30.0,120.0,10.46,23.88,-198.92,10.129,23.816,-199.308
260.0,30.0,110.0,20.08,24.06,-199.31,20.126,23.921,-199.531
260.0,30.0,100.0,29.85,24.29,-199.39,30.123,24.026,-199.755
260.0,30.0,90.0,39.51,24.43,-199.83,40.12,24.132,-199.978
260.0,20.0,130.0,0.77,14.04,-198.79,0.235,13.712,-199.222
260.0,20.0,120.0,10.4,14.25,-198.85,10.231,13.817,-199.446
260.0,20.0,110.0,20.07,14.49,-199.36,20.228,13.922,-199.669
260.0,20.0,100.0,29.84,14.45,-199.4,30.225,14.028,-199.893
260.0,20.0,90.0,39.54,14.77,-199.84,40.222,14.133,-200.116
260.0,10.0,130.0,0.87,4.44,-198.8,0.337,3.713,-199.36
260.0,10.0,120.0,10.49,4.57,-198.91,10.334,3.818,-199.584
260.0,10.0,110.0,20.15,4.82,-199.38,20.331,3.924,-199.807
260.0,10.0,100.0,29.94,4.82,-199.42,30.328,4.029,-200.031
260.0,10.0,90.0,39.69,5.14,-199.93,40.325,4.135,-200.254
250.0,-0.0,180.0,-47.07,-5.07,-208.46,-47.88,-4.961,-207.987
250.0,-0.0,170.0,-37.48,-5.57,-208.22,-37.88,-4.88,-207.962
250.0,-0.0,160.0,-27.96,-5.43,-208.48,-27.881,-4.798,-207.938
250.0,-0.0,150.0,-18.41,-5.15,-208.27,-17.881,-4.717,-207.913
250.0,-0.0,140.0,-8.81,-5.42,-208.63,-7.882,-4.635,-207.889
250.0,-10.0,180.0,-46.98,-14.86,-208.68,-47.798,-14.959,-208.182
250.0,-10.0,170.0,-37.34,-15.23,-208.37,-37.798,-14.878,-208.158
250.0,-10.0,160.0,-27.77,-15.07,-208.58,-27.799,-14.796,-208.133
250.0,-10.0,150.0,-18.24,-14.96,-208.36,-17.799,-14.715,-208.109
250.0,-10.0,140.0,-8.63,-14.99,-208.72,-7.8,-14.633,-208.084
250.0,-20.0,180.0,-46.98,-24.65,-208.82,-47.716,-24.957,-208.378
250.0,-20.0,170.0,-37.3,-25.01,-208.52,-37.717,-24.875,-208.353
250.0,-20.0,160.0,-27.55,-24.74,-208.78,-27.717,-24.794,-208.329
250.0,-20.0,150.0,-18.14,-24.93,-208.53,-17.717,-24.712,-208.304
250.0,-20.0,140.0,-8.52,-24.7,-208.77,-7.718,-24.631,-208.28
250.0,-30.0,180.0,-47.06,-34.73,-208.97,-47.634,-34.955,-208.574
250.0,-30.0,170.0,-37.29,-35.02,-208.69,-37.635,-34.873,-208.549
250.0,-30.0,160.0,-27.42,-34.71,-208.95,-27.635,-34.792,-208.525
250.0,-30.0,150.0,-18.0,-34.42,-208.59,-17.635,-34.71,-208.5
250.0,-30.0,140.0,-8.35,-34.76,-208.89,-7.636,-34.629,-208.475
250.0,-40.0,180.0,-47.21,-44.86,-209.06,-47.552,-44.952,-208.769
250.0,-40.0,170.0,-37.22,-44.94,-208.92,-37.553,-44.871,-208.745
250.0,-40.0,160.0,-27.3,-44.53,-209.09,-27.553,-44.789,-208.72
250.0,-40.0,150.0,-17.69,-44.54,-208.86,-17.553,-44.708,-208.696
250.0,-40.0,140.0,-8.19,-44.49,-208.96,-7.554,-44.626,-208.671
240.0,-0.0,180.0,-47.02,-4.81,-218.33,-47.857,-4.765,-217.985
240.0,-0.0,170.0,-37.51,-5.27,-218.1,-37.857,-4.684,-217.96
240.0,-0.0,160.0,-27.89,-5.1,-218.35,-27.858,-4.603,-217.936
240.0,-0.0,150.0,-18.42,-5.12,-218.17,-17.858,-4.521,-217.911
240.0,-0.0,140.0,-8.93,-5.07,-218.46,-7.859,-4.44,-217.887
240.0,-10.0,180.0,-46.93,-14.71,-218.37,-47.775,-14.763,-218.18
240.0,-10.0,170.0,-37.33,-15.02,-218.23,-37.776,-14.682,-218.156
240.0,-10.0,160.0,-27.68,-14.86,-218.46,-27.776,-14.6,-218.131
240.0,-10.0,150.0,-18.25,-14.66,-218.2,-17.776,-14.519,-218.107
240.0,-10.0,140.0,-8.75,-14.88,-218.53,-7.777,-14.437,-218.082
240.0,-20.0,180.0,-47.01,-24.39,-218.63,-47.693,-24.761,-218.376
240.0,-20.0,170.0,-37.21,-24.78,-218.47,-37.694,-24.68,-218.352
240.0,-20.0,160.0,-27.59,-24.36,-218.58,-27.694,-24.598,-218.327
240.0,-20.0,150.0,-18.04,-24.63,-218.38,-17.694,-24.517,-218.302
240.0,-20.0,140.0,-8.64,-24.46,-218.52,-7.695,-24.435,-218.278
240.0,-30.0,180.0,-47.1,-34.45,-218.75,-47.611,-34.759,-218.572
240.0,-30.0,170.0,-37.13,-34.77,-218.71,-37.612,-34.677,-218.547
240.0,-30.0,160.0,-27.48,-34.47,-218.72,-27.612,-34.596,-218.523
240.0,-30.0,150.0,-17.84,-34.22,-218.54,-17.612,-34.514,-218.498
240.0,-30.0,140.0,-8.48,-34.48,-218.65,-7.613,-34.433,-218.474
240.0,-40.0,180.0,-47.12,-44.55,-218.78,-47.529,-44.756,-218.767
240.0,-40.0,170.0,-37.07,-44.66,-218.86,-37.53,-44.675,-218.743
240.0,-40.0,160.0,-27.38,-44.24,-218.88,-27.53,-44.594,-218.718
240.0,-40.0,150.0,-17.7,-44.3,-218.63,-17.53,-44.512,-218.694
240.0,-40.0,140.0,-8.16,-43.96,-218.75,-7.531,-44.431,-218.669
230.0,-0.0,180.0,-47.08,-4.65,-228.01,-47.834,-4.57,-227.983
230.0,-0.0,170.0,-37.38,-5.1,-227.99,-37.835,-4.488,-227.958
230.0,-0.0,160.0,-27.96,-5.0,-228.11,-27.835,-4.407,-227.934
230.0,-0.0,150.0,-18.44,-4.93,-227.97,-17.835,-4.325,-227.909
230.0,-0.0,140.0,-9.07,-4.84,-228.2,-7.836,-4.244,-227.885
230.0,-10.0,180.0,-46.95,-14.33,-228.15,-47.752,-14.567,-228.179
230.0,-10.0,170.0,-37.22,-14.78,-228.15,-37.753,-14.486,-228.154
230.0,-10.0,160.0,-27.81,-14.59,-228.24,-27.753,-14.404,-228.129
230.0,-10.0,150.0,-18.24,-14.62,-228.04,-17.753,-14.323,-228.105
230.0,-10.0,140.0,-8.81,-14.55,-228.24,-7.754,-14.242,-228.08
230.0,-20.0,180.0,-46.9,-24.17,-228.29,-47.67,-24.565,-228.374
230.0,-20.0,170.0,-37.07,-24.52,-228.29,-37.671,-24.484,-228.35
230.0,-20.0,160.0,-27.63,-24.3,-228.33,-27.671,-24.402,-228.325
230.0,-20.0,150.0,-18.03,-24.32,-228.12,-17.671,-24.321,-228.301
230.0,-20.0,140.0,-8.62,-24.18,-228.33,-7.672,-24.239,-228.276
230.0,-30.0,180.0,-46.89,-34.23,-228.47,-47.588,-34.563,-228.57
230.0,-30.0,170.0,-37.06,-34.46,-228.46,-37.589,-34.481,-228.545
230.0,-30.0,160.0,-27.46,-34.15,-228.49,-27.589,-34.4,-228.521
230.0,-30.0,150.0,-17.97,-34.18,-228.21,-17.589,-34.319,-228.496
230.0,-30.0,140.0,-8.38,-34.04,-228.49,-7.59,-34.237,-228.472
230.0,-40.0,180.0,-46.93,-44.28,-228.62,-47.506,-44.561,-228.765
230.0,-40.0,170.0,-37.12,-44.4,-228.58,-37.507,-44.479,-228.741
230.0,-40.0,160.0,-27.25,-44.11,-228.72,-27.507,-44.398,-228.716
230.0,-40.0,150.0,-17.76,-43.95,-228.39,-17.508,-44.316,-228.692
230.0,-40.0,140.0,-8.19,-43.79,-228.58,-7.508,-44.235,-228.667
220.0,-0.0,180.0,-46.99,-4.4,-237.88,-47.811,-4.374,-237.981
220.0,-0.0,170.0,-37.43,-4.94,-237.81,-37.812,-4.292,-237.956
220.0,-0.0,160.0,-27.95,-4.75,-238.01,-27.812,-4.211,-237.932
220.0,-0.0,150.0,-18.54,-4.78,-237.8,-17.812,-4.129,-237.907
220.0,-0.0,140.0,-9.01,-4.69,-238.1,-7.813,-4.048,-237.883
220.0,-10.0,180.0,-46.76,-14.1,-238.01,-47.729,-14.372,-238.177
220.0,-10.0,170.0,-37.22,-14.56,-237.89,-37.73,-14.29,-238.152
220.0,-10.0,160.0,-27.7,-14.14,-238.07,-27.73,-14.209,-238.127
220.0,-10.0,150.0,-18.35,-14.44,-237.92,-17.73,-14.127,-238.103
220.0,-10.0,140.0,-8.8,-14.23,-238.13,-7.731,-14.046,-238.078
220.0,-20.0,180.0,-46.7,-23.97,-238.2,-47.647,-24.369,-238.372
220.0,-20.0,170.0,-37.07,-24.24,-238.1,-37.648,-24.288,-238.348
220.0,-20.0,160.0,-27.45,-24.04,-238.27,-27.648,-24.206,-238.323
220.0,-20.0,150.0,-18.17,-24.09,-237.95,-17.648,-24.125,-238.299
220.0,-20.0,140.0,-8.63,-23.95,-238.2,-7.649,-24.043,-238.274
220.0,-30.0,180.0,-46.8,-33.87,-238.36,-47.565,-34.367,-238.568
220.0,-30.0,170.0,-37.04,-34.17,-238.24,-37.566,-34.286,-238.543
220.0,-30.0,160.0,-27.34,-33.59,-238.4,-27.566,-34.204,-238.519
220.0,-30.0,150.0,-17.85,-33.96,-238.03,-17.567,-34.123,-238.494
220.0,-30.0,140.0,-8.43,-33.74,-238.25,-7.567,-34.041,-238.47
220.0,-40.0,180.0,-46.87,-43.94,-238.53,-47.483,-44.365,-238.763
220.0,-40.0,170.0,-36.95,-44.12,-238.46,-37.484,-44.283,-238.739
220.0,-40.0,160.0,-27.24,-43.66,-238.53,-27.484,-44.202,-238.714
220.0,-40.0,150.0,-17.69,-43.71,-238.23,-17.485,-44.12,-238.69
220.0,-40.0,140.0,-8.31,-43.38,-238.25,-7.485,-44.039,-238.665
210.0,-0.0,180.0,-46.76,-4.25,-247.79,-47.788,-4.178,-247.979
210.0,-0.0,170.0,-37.37,-4.71,-247.67,-37.789,-4.097,-247.954
210.0,-0.0,160.0,-27.85,-4.56,-247.86,-27.789,-4.015,-247.93
210.0,-0.0,150.0,-18.57,-4.33,-247.69,-17.789,-3.934,-247.905
210.0,-0.0,140.0,-9.1,-4.65,-247.77,-7.79,-3.852,-247.881
210.0,-10.0,180.0,-46.61,-13.88,-247.9,-47.706,-14.176,-248.175
210.0,-10.0,170.0,-37.17,-14.21,-247.82,-37.707,-14.094,-248.15
210.0,-10.0,160.0,-27.67,-14.09,-247.93,-27.707,-14.013,-248.126
210.0,-10.0,150.0,-18.3,-14.08,-247.71,-17.707,-13.931,-248.101
210.0,-10.0,140.0,-8.92,-14.05,-247.74,-7.708,-13.85,-248.076
210.0,-20.0,180.0,-46.46,-23.67,-248.07,-47.624,-24.174,-248.37
210.0,-20.0,170.0,-37.05,-24.02,-248.05,-37.625,-24.092,-248.346
210.0,-20.0,160.0,-27.44,-23.75,-247.96,-27.625,-24.011,-248.321
210.0,-20.0,150.0,-18.02,-23.81,-247.87,-17.626,-23.929,-248.297
210.0,-20.0,140.0,-8.78,-23.75,-247.86,-7.626,-23.848,-248.272
210.0,-30.0,180.0,-46.58,-33.57,-248.22,-47.542,-34.171,-248.566
210.0,-30.0,170.0,-36.89,-33.86,-248.07,-37.543,-34.09,-248.541
210.0,-30.0,160.0,-27.34,-33.5,-248.14,-27.543,-34.008,-248.517
210.0,-30.0,150.0,-17.86,-33.43,-248.03,-17.544,-33.927,-248.492
210.0,-30.0,140.0,-8.48,-33.47,-247.95,-7.544,-33.845,-248.468
210.0,-40.0,180.0,-46.65,-43.7,-248.35,-47.461,-44.169,-248.761
210.0,-40.0,170.0,-36.86,-43.82,-248.28,-37.461,-44.088,-248.737
210.0,-40.0,160.0,-27.19,-43.48,-248.37,-27.461,-44.006,-248.712
210.0,-40.0,150.0,-17.64,-43.18,-248.07,-17.462,-43.925,-248.688
210.0,-40.0,140.0,-8.24,-43.53,-248.15,-7.462,-43.843,-248.663
300.0,-0.0,180.0,-47.25,-6.69,-158.51,-47.703,-6.537,-158.36
300.0,-0.0,170.0,-37.44,-7.17,-158.81,-37.704,-6.465,-158.414
300.0,-0.0,160.0,-27.79,-7.04,-158.71,-27.704,-6.393,-158.469
300.0,-0.0,150.0,-18.01,-6.72,-159.18,-17.704,-6.322,-158.523
300.0,-0.0,140.0,-8.38,-6.83,-159.03,-7.705,-6.25,-158.577
300.0,-10.0,180.0,-47.2,-16.5,-158.69,-47.633,-16.533,-158.612
300.0,-10.0,170.0,-37.32,-16.69,-158.95,-37.633,-16.462,-158.666
300.0,-10.0,160.0,-27.73,-16.44,-158.8,-27.634,-16.39,-158.72
300.0,-10.0,150.0,-17.94,-16.83,-159.24,-17.634,-16.318,-158.774
300.0,-10.0,140.0,-8.29,-16.63,-159.16,-7.635,-16.247,-158.828
300.0,-20.0,180.0,-47.26,-26.51,-158.8,-47.563,-26.53,-158.863
300.0,-20.0,170.0,-37.24,-26.82,-159.16,-37.563,-26.458,-158.917
300.0,-20.0,160.0,-27.64,-26.58,-158.95,-27.564,-26.387,-158.971
300.0,-20.0,150.0,-17.83,-26.58,-159.32,-17.564,-26.315,-159.025
300.0,-20.0,140.0,-8.25,-26.28,-159.14,-7.564,-26.243,-159.079
300.0,-30.0,180.0,-47.2,-36.51,-158.98,-47.492,-36.527,-159.114
300.0,-30.0,170.0,-37.18,-36.74,-159.34,-37.493,-36.455,-159.168
300.0,-30.0,160.0,-27.46,-36.51,-159.07,-27.493,-36.383,-159.222
300.0,-30.0,150.0,-17.68,-36.25,-159.4,-17.494,-36.312,-159.276
300.0,-30.0,140.0,-8.05,-36.42,-159.28,-7.494,-36.24,-159.33
300.0,-40.0,180.0,-47.19,-46.63,-159.0,-47.422,-46.523,-159.365
300.0,-40.0,170.0,-37.12,-46.7,-159.46,-37.423,-46.451,-159.419
300.0,-40.0,160.0,-27.21,-46.52,-159.28,-27.423,-46.38,-159.473
300.0,-40.0,150.0,-17.51,-46.13,-159.49,-17.423,-46.308,-159.528
300.0,-40.0,140.0,-7.75,-46.52,-159.46,-7.424,-46.236,-159.582
290.0,-0.0,180.0,-47.18,-6.44,-168.46,-47.759,-6.286,-168.357
290.0,-0.0,170.0,-37.55,-6.79,-168.6,-37.76,-6.214,-168.411
290.0,-0.0,160.0,-27.85,-6.4,-168.65,-27.76,-6.143,-168.465
290.0,-0.0,150.0,-18.23,-6.77,-169.01,-17.76,-6.071,-168.519
290.0,-0.0,140.0,-8.48,-6.26,-168.98,-7.761,-5.999,-168.573
290.0,-10.0,180.0,-47.15,-16.21,-168.61,-47.689,-16.282,-168.608
290.0,-10.0,170.0,-37.48,-16.63,-168.75,-37.689,-16.211,-168.662
290.0,-10.0,160.0,-27.72,-16.46,-168.76,-27.69,-16.139,-168.716
290.0,-10.0,150.0,-18.15,-16.15,-169.07,-17.69,-16.068,-168.771
290.0,-10.0,140.0,-8.37,-16.5,-169.07,-7.69,-15.996,-168.825
290.0,-20.0,180.0,-47.24,-26.2,-168.77,-47.619,-26.279,-168.859
290.0,-20.0,170.0,-37.43,-26.56,-169.04,-37.619,-26.207,-168.914
290.0,-20.0,160.0,-27.65,-26.34,-168.86,-27.619,-26.136,-168.968
290.0,-20.0,150.0,-18.07,-26.12,-169.14,-17.62,-26.064,-169.022
290.0,-20.0,140.0,-8.26,-26.35,-169.15,-7.62,-25.992,-169.076
290.0,-30.0,180.0,-47.34,-36.21,-168.81,-47.548,-36.276,-169.111
290.0,-30.0,170.0,-37.39,-36.44,-169.12,-37.549,-36.204,-169.165
290.0,-30.0,160.0,-27.41,-36.13,-169.15,-27.549,-36.132,-169.219
290.0,-30.0,150.0,-17.86,-35.87,-169.32,-17.55,-36.061,-169.273
290.0,-30.0,140.0,-8.05,-36.02,-169.3,-7.55,-35.989,-169.327
290.0,-40.0,180.0,-47.38,-46.17,-169.0,-47.478,-46.272,-169.362
290.0,-40.0,170.0,-37.17,-46.36,-169.34,-37.478,-46.201,-169.416
290.0,-40.0,160.0,-27.31,-46.05,-169.24,-27.479,-46.129,-169.47
290.0,-40.0,150.0,-17.6,-45.76,-169.44,-17.479,-46.057,-169.524
290.0,-40.0,140.0,-7.88,-46.03,-169.37,-7.48,-45.986,-169.578
280.0,-0.0,180.0,-47.26,-6.05,-178.48,-47.815,-6.035,-178.354
280.0,-0.0,170.0,-37.44,-6.27,-178.55,-37.815,-5.963,-178.408
280.0,-0.0,160.0,-27.87,-6.04,-178.62,-27.816,-5.892,-178.462
280.0,-0.0,150.0,-18.18,-6.34,-178.96,-17.816,-5.82,-178.516
280.0,-0.0,140.0,-8.56,-6.08,-178.92,-7.817,-5.748,-178.57
280.0,-10.0,180.0,-47.24,-15.73,-178.69,-47.745,-16.032,-178.605
280.0,-10.0,170.0,-37.35,-16.16,-178.82,-37.745,-15.96,-178.659
280.0,-10.0,160.0,-27.73,-16.0,-178.77,-27.746,-15.888,-178.713
280.0,-10.0,150.0,-18.08,-15.74,-179.05,-17.746,-15.817,-178.767
280.0,-10.0,140.0,-8.47,-15.86,-178.99,-7.746,-15.745,-178.821
280.0,-20.0,180.0,-47.27,-25.68,-178.84,-47.674,-26.028,-178.856
280.0,-20.0,170.0,-37.25,-26.02,-178.97,-37.675,-25.957,-178.91
280.0,-20.0,160.0,-27.65,-25.59,-178.88,-27.675,-25.885,-178.964
280.0,-20.0,150.0,-17.94,-25.95,-179.23,-17.676,-25.813,-179.019
280.0,-20.0,140.0,-8.37,-25.75,-179.1,-7.676,-25.742,-179.073
280.0,-30.0,180.0,-47.29,-35.76,-178.97,-47.604,-36.025,-179.107
280.0,-30.0,170.0,-37.23,-35.95,-179.13,-37.605,-35.953,-179.162
280.0,-30.0,160.0,-27.5,-35.67,-179.09,-27.605,-35.882,-179.216
280.0,-30.0,150.0,-17.8,-35.41,-179.28,-17.605,-35.81,-179.27
280.0,-30.0,140.0,-8.14,-35.74,-179.2,-7.606,-35.738,-179.324
280.0,-40.0,180.0,-47.23,-45.77,-179.08,-47.534,-46.021,-179.359
280.0,-40.0,170.0,-37.21,-45.94,-179.32,-37.534,-45.95,-179.413
280.0,-40.0,160.0,-27.28,-45.63,-179.29,-27.535,-45.878,-179.467
280.0,-40.0,150.0,-17.63,-45.29,-179.38,-17.535,-45.807,-179.521
280.0,-40.0,140.0,-7.87,-45.66,-179.33,-7.536,-45.735,-179.575
270.0,-0.0,180.0,-47.17,-5.63,-188.45,-47.871,-5.784,-188.35
270.0,-0.0,170.0,-37.5,-6.12,-188.45,-37.871,-5.713,-188.405
270.0,-0.0,160.0,-27.9,-5.71,-188.74,-27.872,-5.641,-188.459
270.0,-0.0,150.0,-18.32,-5.87,-188.76,-17.872,-5.569,-188.513
270.0,-0.0,140.0,-8.58,-5.56,-188.86,-7.873,-5.498,-188.567
270.0,-10.0,180.0,-47.13,-15.4,-188.61,-47.801,-15.781,-188.602
270.0,-10.0,170.0,-37.36,-15.82,-188.59,-37.801,-15.709,-188.656
270.0,-10.0,160.0,-27.72,-15.68,-188.86,-27.801,-15.638,-188.71
270.0,-10.0,150.0,-18.19,-15.43,-188.86,-17.802,-15.566,-188.764
270.0,-10.0,140.0,-8.41,-15.7,-188.92,-7.802,-15.494,-188.818
270.0,-20.0,180.0,-47.18,-25.39,-188.74,-47.73,-25.777,-188.853
270.0,-20.0,170.0,-37.36,-25.64,-188.78,-37.731,-25.706,-188.907
270.0,-20.0,160.0,-27.54,-25.35,-189.06,-27.731,-25.634,-188.961
270.0,-20.0,150.0,-18.11,-25.46,-188.96,-17.732,-25.562,-189.015
270.0,-20.0,140.0,-8.3,-25.36,-189.02,-7.732,-25.491,-189.069
270.0,-30.0,180.0,-47.14,-35.39,-188.94,-47.66,-35.774,-189.104
270.0,-30.0,170.0,-37.38,-35.55,-188.94,-37.66,-35.702,-189.158
270.0,-30.0,160.0,-27.42,-35.3,-189.23,-27.661,-35.631,-189.212
270.0,-30.0,150.0,-17.95,-35.21,-189.07,-17.661,-35.559,-189.266
270.0,-30.0,140.0,-8.19,-34.98,-189.04,-7.662,-35.487,-189.321
270.0,-40.0,180.0,-47.28,-45.49,-189.04,-47.59,-45.771,-189.355
270.0,-40.0,170.0,-37.27,-45.65,-189.11,-37.59,-45.699,-189.409
270.0,-40.0,160.0,-27.29,-45.22,-189.42,-27.591,-45.627,-189.464
270.0,-40.0,150.0,-17.65,-44.97,-189.23,-17.591,-45.556,-189.518
270.0,-40.0,140.0,-8.06,-45.32,-189.12,-7.591,-45.484,-189.572
260.0,-0.0,180.0,-47.12,-5.43,-198.39,-47.927,-5.533,-198.347
260.0,-0.0,170.0,-37.57,-5.83,-198.33,-37.927,-5.462,-198.401
260.0,-0.0,160.0,-27.87,-5.66,-198.67,-27.928,-5.39,-198.455
260.0,-0.0,150.0,-18.36,-5.42,-198.51,-17.928,-5.318,-198.509
260.0,-0.0,140.0,-8.73,-5.7,-198.83,-7.928,-5.247,-198.564
260.0,-10.0,180.0,-47.1,-15.12,-198.57,-47.857,-15.53,-198.598
260.0,-10.0,170.0,-37.41,-15.58,-198.5,-37.857,-15.458,-198.652
260.0,-10.0,160.0,-27.69,-15.36,-198.78,-27.857,-15.387,-198.707
260.0,-10.0,150.0,-18.22,-15.1,-198.69,-17.858,-15.315,-198.761
260.0,-10.0,140.0,-8.63,-15.44,-198.94,-7.858,-15.243,-198.815
260.0,-20.0,180.0,-47.11,-25.02,-198.75,-47.786,-25.527,-198.85
260.0,-20.0,170.0,-37.32,-25.33,-198.69,-37.787,-25.455,-198.904
260.0,-20.0,160.0,-27.58,-25.09,-198.96,-27.787,-25.383,-198.958
260.0,-20.0,150.0,-18.04,-24.86,-198.7,-17.787,-25.312,-199.012
260.0,-20.0,140.0,-8.5,-24.97,-198.87,-7.788,-25.24,-199.066
260.0,-30.0,180.0,-47.21,-35.22,-198.93,-47.716,-35.523,-199.101
260.0,-30.0,170.0,-37.24,-35.13,-198.87,-37.716,-35.452,-199.155
260.0,-30.0,160.0,-27.53,-34.74,-199.08,-27.717,-35.38,-199.209
260.0,-30.0,150.0,-17.88,-35.08,-198.98,-17.717,-35.308,-199.263
260.0,-30.0,140.0,-8.36,-34.68,-199.0,-7.718,-35.237,-199.317
260.0,-40.0,180.0,-47.21,-45.17,-199.01,-47.646,-45.52,-199.352
260.0,-40.0,170.0,-37.27,-45.29,-199.03,-37.646,-45.448,-199.406
260.0,-40.0,160.0,-27.35,-44.93,-199.23,-27.647,-45.377,-199.46
260.0,-40.0,150.0,-17.67,-44.92,-199.14,-17.647,-45.305,-199.514
260.0,-40.0,140.0,-8.08,-44.81,-199.14,-7.647,-45.233,-199.568
250.0,50.0,180.0,-48.52,43.53,-208.13,-48.659,43.828,-207.824
250.0,50.0,170.0,-38.56,43.0,-208.29,-38.66,43.92,-207.913
250.0,50.0,160.0,-28.85,42.95,-208.58,-28.661,44.013,-208.003
250.0,50.0,150.0,-19.0,43.03,-208.51,-18.662,44.106,-208.092
250.0,50.0,140.0,-9.41,43.38,-208.77,-8.663,44.199,-208.182
250.0,40.0,180.0,-48.21,33.79,-208.16,-48.567,33.828,-207.874
250.0,40.0,170.0,-38.43,33.3,-208.18,-38.568,33.921,-207.963
250.0,40.0,160.0,-28.6,33.5,-208.55,-28.569,34.014,-208.053
250.0,40.0,150.0,-18.93,33.3,-208.44,-18.569,34.106,-208.143
250.0,40.0,140.0,-9.28,33.55,-208.67,-8.57,34.199,-208.232
250.0,30.0,180.0,-47.81,23.95,-208.33,-48.475,23.829,-207.924
250.0,30.0,170.0,-38.2,23.47,-208.03,-38.475,23.922,-208.014
250.0,30.0,160.0,-28.38,23.54,-208.48,-28.476,24.014,-208.103
250.0,30.0,150.0,-18.87,23.93,-208.3,-18.477,24.107,-208.193
250.0,30.0,140.0,-9.16,23.64,-208.6,-8.478,24.2,-208.282
250.0,20.0,180.0,-47.5,14.33,-208.27,-48.382,13.829,-207.974
250.0,20.0,170.0,-37.95,13.77,-208.05,-38.383,13.922,-208.064
250.0,20.0,160.0,-28.25,14.17,-208.49,-28.384,14.015,-208.153
250.0,20.0,150.0,-18.73,13.94,-208.22,-18.385,14.108,-208.243
250.0,20.0,140.0,-9.03,14.14,-208.61,-8.386,14.2,-208.333
250.0,10.0,180.0,-47.23,4.73,-208.33,-48.29,3.83,-208.024
250.0,10.0,170.0,-37.66,4.37,-208.09,-38.291,3.923,-208.114
250.0,10.0,160.0,-28.1,4.39,-208.45,-28.292,4.015,-208.204
250.0,10.0,150.0,-18.53,4.66,-208.26,-18.293,4.108,-208.293
250.0,10.0,140.0,-8.93,4.34,-208.61,-8.293,4.201,-208.383
240.0,50.0,180.0,-48.51,43.77,-218.19,-48.749,43.877,-217.823
240.0,50.0,170.0,-38.77,43.17,-218.11,-38.75,43.97,-217.913
240.0,50.0,160.0,-28.89,43.43,-218.5,-28.751,44.063,-218.002
240.0,50.0,150.0,-19.27,43.27,-218.31,-18.752,44.155,-218.092
240.0,50.0,140.0,-9.44,43.37,-218.76,-8.753,44.248,-218.181
240.0,40.0,180.0,-48.22,33.97,-218.2,-48.657,33.878,-217.873
240.0,40.0,170.0,-38.37,33.38,-218.1,-38.658,33.97,-217.963
240.0,40.0,160.0,-28.81,33.75,-218.4,-28.659,34.063,-218.052
240.0,40.0,150.0,-19.03,33.65,-218.26,-18.659,34.156,-218.142
240.0,40.0,140.0,-9.41,33.73,-218.54,-8.66,34.249,-218.232
240.0,30.0,180.0,-47.9,24.3,-218.18,-48.565,23.878,-217.924
240.0,30.0,170.0,-38.14,23.67,-218.03,-38.565,23.971,-218.013
240.0,30.0,160.0,-28.61,23.83,-218.28,-28.566,24.064,-218.103
240.0,30.0,150.0,-18.87,23.99,-218.23,-18.567,24.156,-218.192
240.0,30.0,140.0,-9.4,23.82,-218.38,-8.568,24.249,-218.282
240.0,20.0,180.0,-47.53,14.54,-218.14,-48.472,13.879,-217.974
240.0,20.0,170.0,-37.94,14.06,-217.96,-38.473,13.971,-218.063
240.0,20.0,160.0,-28.33,14.16,-218.25,-28.474,14.064,-218.153
240.0,20.0,150.0,-18.74,14.42,-218.16,-18.475,14.157,-218.242
240.0,20.0,140.0,-9.19,14.14,-218.4,-8.476,14.25,-218.332
240.0,10.0,180.0,-47.21,4.87,-218.22,-48.38,3.879,-218.024
240.0,10.0,170.0,-37.74,4.41,-217.99,-38.381,3.972,-218.114
240.0,10.0,160.0,-28.09,4.57,-218.31,-28.382,4.065,-218.203
240.0,10.0,150.0,-18.62,4.84,-218.15,-18.383,4.158,-218.293
240.0,10.0,140.0,-9.06,4.59,-218.42,-8.383,4.25,-218.382
230.0,50.0,180.0,-48.64,43.99,-228.09,-48.839,43.926,-227.823
230.0,50.0,170.0,-38.82,43.28,-228.04,-38.84,44.019,-227.912
230.0,50.0,160.0,-29.08,43.35,-228.45,-28.841,44.112,-228.002
230.0,50.0,150.0,-19.36,43.41,-228.25,-18.842,44.205,-228.091
230.0,50.0,140.0,-9.73,43.37,-228.55,-8.843,44.297,-228.181
230.0,40.0,180.0,-48.24,34.1,-227.99,-48.747,33.927,-227.873
230.0,40.0,170.0,-38.62,33.52,-227.91,-38.748,34.02,-227.962
230.0,40.0,160.0,-28.85,33.55,-228.27,-28.749,34.112,-228.052
230.0,40.0,150.0,-19.29,33.69,-228.12,-18.749,34.205,-228.142
230.0,40.0,140.0,-9.59,33.93,-228.49,-8.75,34.298,-228.231
230.0,30.0,180.0,-47.91,24.44,-227.88,-48.655,23.928,-227.923
230.0,30.0,170.0,-38.24,23.82,-227.9,-38.655,24.02,-228.013
230.0,30.0,160.0,-28.69,24.17,-228.17,-28.656,24.113,-228.102
230.0,30.0,150.0,-19.07,23.86,-227.96,-18.657,24.206,-228.192
230.0,30.0,140.0,-9.37,24.32,-228.42,-8.658,24.299,-228.281
230.0,20.0,180.0,-47.57,14.78,-227.88,-48.562,13.928,-227.973
230.0,20.0,170.0,-37.87,14.23,-227.9,-38.563,14.021,-228.063
230.0,20.0,160.0,-28.44,14.28,-228.07,-28.564,14.114,-228.152
230.0,20.0,150.0,-18.84,14.32,-227.98,-18.565,14.206,-228.242
230.0,20.0,140.0,-9.26,14.42,-228.26,-8.566,14.299,-228.332
230.0,10.0,180.0,-47.28,5.06,-227.9,-48.47,3.929,-228.023
230.0,10.0,170.0,-37.58,4.57,-227.92,-38.471,4.021,-228.113
230.0,10.0,160.0,-28.19,4.74,-228.07,-28.472,4.114,-228.203
230.0,10.0,150.0,-18.63,4.68,-227.94,-18.473,4.207,-228.292
230.0,10.0,140.0,-9.16,4.82,-228.2,-8.473,4.3,-228.382
220.0,50.0,180.0,-48.7,44.14,-237.91,-48.929,43.976,-237.822
220.0,50.0,170.0,-38.98,43.46,-237.87,-38.93,44.069,-237.912
220.0,50.0,160.0,-29.22,43.48,-238.26,-28.931,44.161,-238.001
220.0,50.0,150.0,-19.61,43.6,-238.13,-18.932,44.254,-238.091
220.0,50.0,140.0,-9.88,43.52,-238.4,-8.933,44.347,-238.18
220.0,40.0,180.0,-48.3,34.31,-237.87,-48.837,33.976,-237.872
220.0,40.0,170.0,-38.64,33.69,-237.8,-38.838,34.069,-237.962
220.0,40.0,160.0,-29.04,34.03,-238.21,-28.839,34.162,-238.051
220.0,40.0,150.0,-19.31,33.6,-237.89,-18.839,34.255,-238.141
220.0,40.0,140.0,-9.81,33.83,-238.22,-8.84,34.347,-238.231
220.0,30.0,180.0,-47.89,24.57,-237.8,-48.745,23.977,-237.922
220.0,30.0,170.0,-38.35,24.21,-237.7,-38.746,24.07,-238.012
220.0,30.0,160.0,-28.67,24.06,-238.06,-28.746,24.162,-238.102
220.0,30.0,150.0,-19.24,24.25,-237.97,-18.747,24.255,-238.191
220.0,30.0,140.0,-9.63,24.1,-238.16,-8.748,24.348,-238.281
220.0,20.0,180.0,-47.5,14.98,-237.78,-48.652,13.977,-237.973
220.0,20.0,170.0,-38.03,14.36,-237.66,-38.653,14.07,-238.062
220.0,20.0,160.0,-28.38,14.53,-238.06,-28.654,14.163,-238.152
220.0,20.0,150.0,-19.02,14.59,-237.76,-18.655,14.256,-238.241
220.0,20.0,140.0,-9.37,14.62,-238.19,-8.656,14.348,-238.331
220.0,10.0,180.0,-47.2,5.29,-237.83,-48.56,3.978,-238.023
220.0,10.0,170.0,-37.73,4.78,-237.74,-38.561,4.071,-238.112
220.0,10.0,160.0,-28.2,4.91,-237.95,-28.562,4.164,-238.202
220.0,10.0,150.0,-18.73,4.85,-237.81,-18.563,4.256,-238.292
220.0,10.0,140.0,-9.15,5.0,-238.06,-8.563,4.349,-238.381
210.0,50.0,180.0,-48.73,44.33,-247.77,-49.019,44.025,-247.822
210.0,50.0,170.0,-39.01,43.64,-247.73,-39.02,44.118,-247.911
210.0,50.0,160.0,-29.38,43.7,-248.13,-29.021,44.211,-248.001
210.0,50.0,150.0,-19.69,43.64,-248.14,-19.022,44.303,-248.09
210.0,50.0,140.0,-10.17,43.64,-248.14,-9.023,44.396,-248.18
210.0,40.0,180.0,-48.34,34.53,-247.7,-48.927,34.026,-247.872
210.0,40.0,170.0,-38.66,33.91,-247.69,-38.928,34.118,-247.961
210.0,40.0,160.0,-29.05,33.96,-248.01,-28.929,34.211,-248.051
210.0,40.0,150.0,-19.53,34.02,-247.93,-18.93,34.304,-248.14
210.0,40.0,140.0,-9.91,33.86,-248.03,-8.93,34.397,-248.23
210.0,30.0,180.0,-47.99,24.77,-247.66,-48.835,24.026,-247.922
210.0,30.0,170.0,-38.35,24.21,-247.6,-38.836,24.119,-248.012
210.0,30.0,160.0,-28.89,24.28,-247.85,-28.836,24.212,-248.101
210.0,30.0,150.0,-19.28,24.19,-247.86,-18.837,24.305,-248.191
210.0,30.0,140.0,-9.78,24.37,-247.85,-8.838,24.397,-248.28
210.0,20.0,180.0,-47.5,15.12,-247.66,-48.742,14.027,-247.972
210.0,20.0,170.0,-38.07,14.59,-247.6,-38.743,14.12,-248.062
210.0,20.0,160.0,-28.52,14.63,-247.82,-28.744,14.212,-248.151
210.0,20.0,150.0,-19.05,14.94,-247.83,-18.745,14.305,-248.241
210.0,20.0,140.0,-9.69,14.55,-247.8,-8.746,14.398,-248.33
210.0,10.0,180.0,-47.17,5.39,-247.7,-48.65,4.027,-248.022
210.0,10.0,170.0,-37.75,4.9,-247.57,-38.651,4.12,-248.112
210.0,10.0,160.0,-28.21,5.08,-247.72,-28.652,4.213,-248.202
210.0,10.0,150.0,-18.86,4.92,-247.66,-18.653,4.306,-248.291
210.0,10.0,140.0,-9.35,5.1,-247.75,-8.653,4.398,-248.381
300.0,50.0,180.0,-47.99,42.04,-158.29,-48.127,42.527,-158.083
300.0,50.0,170.0,-37.99,41.48,-158.7,-38.128,42.602,-158.206
300.0,50.0,160.0,-28.0,41.73,-158.75,-28.129,42.677,-158.329
300.0,50.0,150.0,-18.33,42.14,-159.07,-18.13,42.753,-158.452
300.0,50.0,140.0,-8.37,41.92,-159.02,-8.131,42.828,-158.575
300.0,40.0,180.0,-47.78,32.24,-158.32,-48.053,32.528,-158.222
300.0,40.0,170.0,-37.93,31.78,-158.69,-38.054,32.603,-158.345
300.0,40.0,160.0,-28.02,32.06,-158.66,-28.055,32.679,-158.468
300.0,40.0,150.0,-18.25,32.44,-159.06,-18.056,32.754,-158.591
300.0,40.0,140.0,-8.38,32.24,-159.05,-8.057,32.829,-158.715
300.0,30.0,180.0,-47.62,22.54,-158.31,-47.979,22.529,-158.361
300.0,30.0,170.0,-37.76,22.0,-158.64,-37.98,22.604,-158.484
300.0,30.0,160.0,-28.06,22.55,-158.59,-27.982,22.68,-158.607
300.0,30.0,150.0,-18.16,22.44,-159.01,-17.983,22.755,-158.731
300.0,30.0,140.0,-8.5,22.66,-158.92,-7.984,22.831,-158.854
300.0,20.0,180.0,-47.5,12.64,-158.28,-47.906,12.53,-158.5
300.0,20.0,170.0,-37.64,12.31,-158.64,-37.907,12.606,-158.623
300.0,20.0,160.0,-27.99,12.62,-158.58,-27.908,12.681,-158.746
300.0,20.0,150.0,-18.1,12.64,-159.02,-17.909,12.757,-158.87
300.0,20.0,140.0,-8.51,12.81,-158.95,-7.91,12.832,-158.993
300.0,10.0,180.0,-47.33,3.06,-158.39,-47.832,2.532,-158.639
300.0,10.0,170.0,-37.53,2.58,-158.67,-37.833,2.607,-158.762
300.0,10.0,160.0,-27.88,3.13,-158.64,-27.834,2.682,-158.886
300.0,10.0,150.0,-18.08,2.85,-159.09,-17.835,2.758,-159.009
300.0,10.0,140.0,-8.41,3.07,-159.03,-7.836,2.833,-159.132
290.0,50.0,180.0,-48.17,42.19,-168.39,-48.251,42.665,-168.081
290.0,50.0,170.0,-38.17,41.57,-168.67,-38.252,42.74,-168.204
290.0,50.0,160.0,-28.3,42.15,-168.79,-28.253,42.816,-168.327
290.0,50.0,150.0,-18.49,41.83,-168.99,-18.254,42.891,-168.45
290.0,50.0,140.0,-8.77,42.5,-169.01,-8.255,42.966,-168.574
290.0,40.0,180.0,-48.09,32.46,-168.3,-48.177,32.666,-168.22
290.0,40.0,170.0,-38.09,31.9,-168.55,-38.178,32.742,-168.343
290.0,40.0,160.0,-28.23,32.19,-168.65,-28.179,32.817,-168.466
290.0,40.0,150.0,-18.47,32.51,-169.0,-18.18,32.892,-168.59
290.0,40.0,140.0,-8.68,32.34,-168.95,-8.182,32.968,-168.713
290.0,30.0,180.0,-47.81,22.7,-168.27,-48.104,22.667,-168.359
290.0,30.0,170.0,-38.02,22.23,-168.43,-38.105,22.743,-168.482
290.0,30.0,160.0,-28.14,22.77,-168.6,-28.106,22.818,-168.606
290.0,30.0,150.0,-18.48,22.48,-168.88,-18.107,22.894,-168.729
290.0,30.0,140.0,-8.62,22.69,-168.93,-8.108,22.969,-168.852
290.0,20.0,180.0,-47.53,12.96,-168.28,-48.03,12.669,-168.498
290.0,20.0,170.0,-37.87,12.52,-168.43,-38.031,12.744,-168.622
290.0,20.0,160.0,-28.08,12.77,-168.55,-28.032,12.819,-168.745
290.0,20.0,150.0,-18.39,13.12,-168.94,-18.033,12.895,-168.868
290.0,20.0,140.0,-8.55,12.92,-168.91,-8.034,12.97,-168.991
290.0,10.0,180.0,-47.34,3.3,-168.33,-47.956,2.67,-168.638
290.0,10.0,170.0,-37.69,2.83,-168.5,-37.957,2.745,-168.761
290.0,10.0,160.0,-27.94,3.05,-168.59,-27.958,2.821,-168.884
290.0,10.0,150.0,-18.33,3.41,-168.96,-17.959,2.896,-169.007
290.0,10.0,140.0,-8.51,3.14,-168.95,-7.961,2.971,-169.13
280.0,50.0,180.0,-48.15,42.57,-178.36,-48.375,42.803,-178.079
280.0,50.0,170.0,-38.38,42.15,-178.49,-38.376,42.879,-178.202
280.0,50.0,160.0,-28.29,42.2,-178.73,-28.377,42.954,-178.325
280.0,50.0,150.0,-18.7,42.52,-178.92,-18.378,43.029,-178.449
280.0,50.0,140.0,-8.75,42.49,-178.89,-8.379,43.105,-178.572
280.0,40.0,180.0,-47.98,32.84,-178.28,-48.302,32.804,-178.218
280.0,40.0,170.0,-38.15,32.34,-178.46,-38.303,32.88,-178.341
280.0,40.0,160.0,-28.29,32.38,-178.56,-28.304,32.955,-178.465
280.0,40.0,150.0,-18.58,32.92,-178.9,-18.305,33.031,-178.588
280.0,40.0,140.0,-8.72,32.7,-178.84,-8.306,33.106,-178.711
280.0,30.0,180.0,-47.8,23.18,-178.25,-48.228,22.806,-178.357
280.0,30.0,170.0,-37.96,22.63,-178.35,-38.229,22.881,-178.481
280.0,30.0,160.0,-28.26,22.96,-178.48,-28.23,22.956,-178.604
280.0,30.0,150.0,-18.46,23.27,-178.87,-18.231,23.032,-178.727
280.0,30.0,140.0,-8.73,23.01,-178.79,-8.232,23.107,-178.85
280.0,20.0,180.0,-47.62,13.49,-178.25,-48.154,12.807,-178.497
280.0,20.0,170.0,-37.76,12.96,-178.43,-38.155,12.882,-178.62
280.0,20.0,160.0,-28.14,13.18,-178.46,-28.156,12.958,-178.743
280.0,20.0,150.0,-18.4,13.52,-178.86,-18.157,13.033,-178.866
280.0,20.0,140.0,-8.71,13.31,-178.83,-8.158,13.108,-178.989
280.0,10.0,180.0,-47.41,3.86,-178.35,-48.081,2.808,-178.636
280.0,10.0,170.0,-37.59,3.33,-178.43,-38.082,2.883,-178.759
280.0,10.0,160.0,-28.01,3.51,-178.5,-28.083,2.959,-178.882
280.0,10.0,150.0,-18.28,3.83,-178.89,-18.084,3.034,-179.005
280.0,10.0,140.0,-8.65,3.58,-178.86,-8.085,3.11,-179.129
270.0,50.0,180.0,-48.35,42.97,-188.33,-48.499,42.941,-188.077
270.0,50.0,170.0,-38.41,42.43,-188.38,-38.501,43.017,-188.201
270.0,50.0,160.0,-28.56,42.57,-188.85,-28.502,43.092,-188.324
270.0,50.0,150.0,-18.71,42.87,-188.92,-18.503,43.168,-188.447
270.0,50.0,140.0,-9.03,42.64,-188.75,-8.504,43.243,-188.57
270.0,40.0,180.0,-48.05,33.15,-188.27,-48.426,32.943,-188.217
270.0,40.0,170.0,-38.3,32.65,-188.31,-38.427,33.018,-188.34
270.0,40.0,160.0,-28.39,32.79,-188.78,-28.428,33.093,-188.463
270.0,40.0,150.0,-18.69,33.18,-188.79,-18.429,33.169,-188.586
270.0,40.0,140.0,-8.97,33.04,-188.71,-8.43,33.244,-188.709
270.0,30.0,180.0,-47.73,23.49,-188.26,-48.352,22.944,-188.356
270.0,30.0,170.0,-38.14,22.86,-188.22,-38.353,23.019,-188.479
270.0,30.0,160.0,-28.22,23.35,-188.72,-28.354,23.095,-188.602
270.0,30.0,150.0,-18.68,23.31,-188.61,-18.355,23.17,-188.725
270.0,30.0,140.0,-8.78,23.38,-188.75,-8.356,23.245,-188.849
270.0,20.0,180.0,-47.52,13.78,-188.25,-48.278,12.945,-188.495
270.0,20.0,170.0,-37.89,13.33,-188.26,-38.28,13.021,-188.618
270.0,20.0,160.0,-28.08,13.49,-188.68,-28.281,13.096,-188.741
270.0,20.0,150.0,-18.56,13.81,-188.56,-18.282,13.171,-188.865
270.0,20.0,140.0,-8.69,13.76,-188.78,-8.283,13.247,-188.988
270.0,10.0,180.0,-47.27,4.09,-188.33,-48.205,2.946,-188.634
270.0,10.0,170.0,-37.65,3.88,-188.31,-38.206,3.022,-188.757
270.0,10.0,160.0,-27.99,3.89,-188.66,-28.207,3.097,-188.88
270.0,10.0,150.0,-18.4,3.86,-188.69,-18.208,3.173,-189.004
270.0,10.0,140.0,-8.63,4.03,-188.8,-8.209,3.248,-189.127
260.0,50.0,180.0,-48.36,43.27,-198.24,-48.624,43.08,-198.076
260.0,50.0,170.0,-38.59,42.6,-198.28,-38.625,43.155,-198.199
260.0,50.0,160.0,-28.61,43.02,-198.81,-28.626,43.23,-198.322
260.0,50.0,150.0,-18.95,42.66,-198.7,-18.627,43.306,-198.445
260.0,50.0,140.0,-9.15,43.14,-198.78,-8.628,43.381,-198.568
260.0,40.0,180.0,-48.1,33.47,-198.23,-48.55,33.081,-198.215
260.0,40.0,170.0,-38.38,32.88,-198.2,-38.551,33.156,-198.338
260.0,40.0,160.0,-28.53,33.04,-198.64,-28.552,33.232,-198.461
260.0,40.0,150.0,-18.82,33.39,-198.57,-18.553,33.307,-198.584
260.0,40.0,140.0,-9.06,33.16,-198.67,-8.554,33.382,-198.708
260.0,30.0,180.0,-47.88,23.68,-198.17,-48.476,23.082,-198.354
260.0,30.0,170.0,-38.11,23.11,-198.15,-38.477,23.158,-198.477
260.0,30.0,160.0,-28.4,23.37,-198.56,-28.478,23.233,-198.6
260.0,30.0,150.0,-18.7,23.37,-198.44,-18.48,23.308,-198.724
260.0,30.0,140.0,-9.1,23.79,-198.6,-8.481,23.384,-198.847
260.0,20.0,180.0,-47.55,14.06,-198.2,-48.403,13.083,-198.493
260.0,20.0,170.0,-37.89,13.48,-198.15,-38.404,13.159,-198.616
260.0,20.0,160.0,-28.24,13.91,-198.58,-28.405,13.234,-198.74
260.0,20.0,150.0,-18.61,13.57,-198.42,-18.406,13.31,-198.863
260.0,20.0,140.0,-9.04,13.87,-198.56,-8.407,13.385,-198.986
260.0,10.0,180.0,-47.3,4.46,-198.27,-48.329,3.085,-198.632
260.0,10.0,170.0,-37.7,3.89,-198.2,-38.33,3.16,-198.756
260.0,10.0,160.0,-28.05,4.05,-198.59,-28.331,3.235,-198.879
260.0,10.0,150.0,-18.46,4.39,-198.55,-18.332,3.311,-199.002
260.0,10.0,140.0,-8.84,4.09,-198.7,-8.333,3.386,-199.125
