robot_x,robot_y,robot_z,aurora_x,aurora_y,aurora_z,diff
-50.0,-240.0,200.0,-9.82,-1.6500000000000001,-216.37,2.2134118459970367
-50.0,-240.0,180.0,-10.11,-1.92,-216.53,2.3027270789218584
-50.0,-240.0,160.0,-10.51,-2.73,-216.0,1.8458363957837631
-50.0,-240.0,140.0,-11.1,-4.42,-213.97,2.3672203108287158
-50.0,-240.0,120.0,-12.26,-7.13,-210.72,6.376523504230187
-50.0,-240.0,100.0,nan,nan,nan,nan
-50.0,-240.0,80.0,nan,nan,nan,nan
-50.0,-240.0,60.0,nan,nan,nan,nan
-50.0,-240.0,40.0,nan,nan,nan,nan
-50.0,-260.0,200.0,-10.11,-1.53,-216.39000000000001,2.2934018400620624
-50.0,-260.0,180.0,-10.64,-1.9000000000000001,-216.46,2.3631064301042444
-50.0,-260.0,160.0,-11.32,-3.0,-215.58,2.031677139705034
-50.0,-260.0,140.0,-12.34,-5.41,-212.99,4.095577126608652
-50.0,-260.0,120.0,-14.1,-9.26,-209.25,9.494649651250963
-50.0,-260.0,100.0,nan,nan,nan,nan
-50.0,-260.0,80.0,nan,nan,nan,nan
-50.0,-260.0,60.0,nan,nan,nan,nan
-50.0,-260.0,40.0,nan,nan,nan,nan
-50.0,-280.0,200.0,-10.55,-1.41,-215.93,2.0535656794950623
-50.0,-280.0,180.0,-11.42,-1.6500000000000001,-215.70000000000002,2.2529207709105177
-50.0,-280.0,160.0,-12.620000000000001,-2.77,-214.41,2.8010555153370316
-50.0,-280.0,140.0,-14.18,-5.42,-211.55,5.939418490054388
-50.0,-280.0,120.0,-16.04,-9.83,-208.0,11.520998741428627
-50.0,-280.0,100.0,nan,nan,nan,nan
-50.0,-280.0,80.0,nan,nan,nan,nan
-50.0,-280.0,60.0,nan,nan,nan,nan
-50.0,-280.0,40.0,-7.82,-10.43,-215.3,8.29750637239888
-50.0,-300.0,200.0,-11.120000000000001,-1.24,-215.18,1.963515215118032
-50.0,-300.0,180.0,-12.58,-1.2,-214.49,3.014918241014174
-50.0,-300.0,160.0,-14.51,-1.8,-212.79,4.9513464835335474
-50.0,-300.0,140.0,-16.8,-3.8000000000000003,-209.87,8.36305518336451
-50.0,-300.0,120.0,-18.52,-7.57,-207.0,12.448561844646957
-50.0,-300.0,100.0,nan,nan,nan,nan
-50.0,-300.0,80.0,nan,nan,nan,nan
-50.0,-300.0,60.0,nan,nan,nan,nan
-50.0,-300.0,40.0,10.58,-15.26,-220.97,25.013232737892956
-50.0,-320.0,200.0,-11.67,-1.22,-214.47,2.207856879419497
-50.0,-320.0,180.0,-13.84,-0.72,-213.47,4.434831676625395
-50.0,-320.0,160.0,-16.77,-0.44,-211.43,7.765358459208433
-50.0,-320.0,140.0,-20.16,-0.89,-208.73000000000002,11.831601413164654
-50.0,-320.0,120.0,-22.2,-2.75,-206.53,14.604735944206592
-50.0,-320.0,100.0,-19.78,-5.95,-206.22,13.283323831029646
-50.0,-320.0,80.0,-11.48,-10.03,-208.76,9.537973159953854
-50.0,-320.0,60.0,nan,nan,nan,nan
-50.0,-320.0,40.0,nan,nan,nan,nan
-50.0,-340.0,200.0,-11.97,-1.49,-214.19,2.3366668568711297
-50.0,-340.0,180.0,-14.58,-0.58,-213.11,5.231417781060883
-50.0,-340.0,160.0,-18.44,0.75,-211.09,9.720670347254865
-50.0,-340.0,140.0,-23.18,2.16,-208.55,15.24010931719323
-50.0,-340.0,120.0,-26.39,2.83,-206.62,18.993720857167506
-50.0,-340.0,100.0,-23.78,1.95,-206.53,16.554936182299226
-50.0,-340.0,80.0,-14.16,-1.46,-209.33,6.661180976373476
-50.0,-340.0,60.0,nan,nan,nan,nan
-50.0,-340.0,40.0,nan,nan,nan,nan
-50.0,-360.0,200.0,-11.64,-2.06,-214.42000000000002,1.8441561755990206
-50.0,-360.0,180.0,-14.19,-1.01,-213.5,4.650298054963789
-50.0,-360.0,160.0,-18.36,0.9400000000000001,-211.76,9.513873659030796
-50.0,-360.0,140.0,-24.060000000000002,3.94,-209.41,16.337536289171638
-50.0,-360.0,120.0,-28.6,6.83,-207.4,22.036558079700196
-50.0,-360.0,100.0,nan,nan,nan,nan
-50.0,-360.0,80.0,nan,nan,nan,nan
-50.0,-360.0,60.0,nan,nan,nan,nan
-50.0,-360.0,40.0,nan,nan,nan,nan
-50.0,-380.0,200.0,-10.89,-2.83,-214.82,1.2319707788742364
-50.0,-380.0,180.0,-12.89,-2.06,-214.3,3.0740806755841663
-50.0,-380.0,160.0,-16.51,-0.06,-213.06,7.191654329846508
-50.0,-380.0,140.0,-21.91,3.5100000000000002,-211.0,13.858262228721177
-50.0,-380.0,120.0,-26.89,7.66,-208.92000000000002,20.537301964961216
-50.0,-380.0,100.0,nan,nan,nan,nan
-50.0,-380.0,80.0,nan,nan,nan,nan
-50.0,-380.0,60.0,nan,nan,nan,nan
-50.0,-380.0,40.0,nan,nan,nan,nan
-50.0,-400.0,200.0,-10.18,-3.5,-215.16,1.4012394513429853
-50.0,-400.0,180.0,-11.5,-3.13,-215.02,1.9336111294673528
-50.0,-400.0,160.0,-14.07,-1.6500000000000001,-214.26,4.304099441230419
-50.0,-400.0,140.0,-18.17,1.51,-212.67000000000002,9.364452573428945
-50.0,-400.0,120.0,-22.59,5.48,-210.8,15.415261658499343
-50.0,-400.0,100.0,nan,nan,nan,nan
-50.0,-400.0,80.0,nan,nan,nan,nan
-50.0,-400.0,60.0,nan,nan,nan,nan
-50.0,-400.0,40.0,-13.26,4.63,-209.66,9.127136023967214
-40.0,-240.0,200.0,-9.92,-1.82,-216.06,1.8652913981466812
-40.0,-240.0,180.0,-10.22,-2.14,-216.11,1.8704149272287265
-40.0,-240.0,160.0,-10.58,-2.91,-215.53,1.5059322693932813
-40.0,-240.0,140.0,-11.16,-4.44,-213.87,2.432030427441236
-40.0,-240.0,120.0,-12.07,-6.68,-211.3,5.6516026045715515
-40.0,-240.0,100.0,nan,nan,nan,nan
-40.0,-240.0,80.0,nan,nan,nan,nan
-40.0,-240.0,60.0,nan,nan,nan,nan
-40.0,-240.0,40.0,nan,nan,nan,nan
-40.0,-260.0,200.0,-10.21,-1.75,-216.02,1.8876419151947301
-40.0,-260.0,180.0,-10.72,-2.15,-215.96,1.8982023074477654
-40.0,-260.0,160.0,-11.39,-3.21,-215.11,1.9075880058335501
-40.0,-260.0,140.0,-12.31,-5.32,-212.97,4.018934187070001
-40.0,-260.0,120.0,-13.61,-8.55,-209.93,8.404047358267324
-40.0,-260.0,100.0,nan,nan,nan,nan
-40.0,-260.0,80.0,nan,nan,nan,nan
-40.0,-260.0,60.0,nan,nan,nan,nan
-40.0,-260.0,40.0,nan,nan,nan,nan
-40.0,-280.0,200.0,-10.620000000000001,-1.61,-215.65,1.7651266243530552
-40.0,-280.0,180.0,-11.46,-1.92,-215.31,1.9776278719718743
-40.0,-280.0,160.0,-12.59,-3.0100000000000002,-214.12,2.8136652252888936
-40.0,-280.0,140.0,-13.950000000000001,-5.3500000000000005,-211.69,5.671854370485903
-40.0,-280.0,120.0,-15.35,-9.1,-208.74,10.277185023147142
-40.0,-280.0,100.0,nan,nan,nan,nan
-40.0,-280.0,80.0,nan,nan,nan,nan
-40.0,-280.0,60.0,nan,nan,nan,nan
-40.0,-280.0,40.0,-7.390000000000001,-8.25,-213.59,6.34207631616019
-40.0,-300.0,200.0,-11.16,-1.45,-215.02,1.800858684072688
-40.0,-300.0,180.0,-12.5,-1.48,-214.36,2.8298466389541326
-40.0,-300.0,160.0,-14.3,-2.1,-212.78,4.725728726873773
-40.0,-300.0,140.0,-16.25,-3.92,-210.28,7.710982557365826
-40.0,-300.0,120.0,-17.55,-7.15,-207.79,11.136549375816557
-40.0,-300.0,100.0,-16.52,-11.290000000000001,-206.49,13.562179470866765
-40.0,-300.0,80.0,nan,nan,nan,nan
-40.0,-300.0,60.0,-3.52,-15.35,-211.62,14.618860831131814
-40.0,-300.0,40.0,7.62,-12.85,-219.16,20.897779116451584
-40.0,-320.0,200.0,-11.72,-1.4000000000000001,-214.46,2.1560779206698455
-40.0,-320.0,180.0,-13.61,-0.98,-213.49,4.125383860927367
-40.0,-320.0,160.0,-16.27,-0.78,-211.69,7.137702151252882
-40.0,-320.0,140.0,-19.05,-1.27,-209.31,10.542410160869288
-40.0,-320.0,120.0,-20.47,-3.0,-207.25,12.769688798087445
-40.0,-320.0,100.0,-17.92,-5.8100000000000005,-206.82,11.516362793868565
-40.0,-320.0,80.0,-10.23,-9.28,-208.82,8.772528255867865
-40.0,-320.0,60.0,4.32,-13.030000000000001,-213.47,17.69928111534477
-40.0,-320.0,40.0,nan,nan,nan,nan
-40.0,-340.0,200.0,-11.96,-1.59,-214.21,2.287477213001258
-40.0,-340.0,180.0,-14.27,-0.78,-213.20000000000002,4.859281016776038
-40.0,-340.0,160.0,-17.650000000000002,0.33,-211.42000000000002,8.775456227456209
-40.0,-340.0,140.0,-21.54,1.47,-209.18,13.359070776068219
-40.0,-340.0,120.0,-23.650000000000002,1.94,-207.37,16.062873715496867
-40.0,-340.0,100.0,-20.91,1.0,-207.22,13.58635683323532
-40.0,-340.0,80.0,-11.89,-1.93,-209.42000000000002,5.321668159515385
-40.0,-340.0,60.0,5.7700000000000005,-7.95,-213.73000000000002,16.562536399960003
-40.0,-340.0,40.0,nan,nan,nan,nan
-40.0,-360.0,200.0,-11.69,-2.04,-214.37,1.8947485321276802
-40.0,-360.0,180.0,-13.96,-1.09,-213.54,4.4035680987126815
-40.0,-360.0,160.0,-17.62,0.62,-212.03,8.665308534610872
-40.0,-360.0,140.0,-22.14,3.08,-210.01,14.1507247870913
-40.0,-360.0,120.0,-25.22,5.38,-208.28,18.27697874376397
-40.0,-360.0,100.0,-23.46,6.41,-207.83,17.487435260780806
-40.0,-360.0,80.0,nan,nan,nan,nan
-40.0,-360.0,60.0,nan,nan,nan,nan
-40.0,-360.0,40.0,nan,nan,nan,nan
-40.0,-380.0,200.0,-11.03,-2.69,-214.73000000000002,1.2876692121814564
-40.0,-380.0,180.0,-12.91,-1.9100000000000001,-214.22,3.11722825599923
-40.0,-380.0,160.0,-16.04,-0.16,-213.12,6.712563742714105
-40.0,-380.0,140.0,-20.330000000000002,2.75,-211.48000000000002,12.041291957261063
-40.0,-380.0,120.0,-23.94,6.08,-209.78,17.08610991419639
-40.0,-380.0,100.0,nan,nan,nan,nan
-40.0,-380.0,80.0,nan,nan,nan,nan
-40.0,-380.0,60.0,nan,nan,nan,nan
-40.0,-380.0,40.0,nan,nan,nan,nan
-40.0,-400.0,200.0,-10.4,-3.27,-215.02,1.2282231067684781
-40.0,-400.0,180.0,-11.71,-2.85,-214.83,1.984543272392924
-40.0,-400.0,160.0,-14.01,-1.49,-214.17000000000002,4.27983317431883
-40.0,-400.0,140.0,-17.41,1.06,-212.91,8.45731352144403
-40.0,-400.0,120.0,-20.78,4.29,-211.44,13.161795166313754
-40.0,-400.0,100.0,-22.51,7.18,-210.15,16.44402602770988
-40.0,-400.0,80.0,nan,nan,nan,nan
-40.0,-400.0,60.0,nan,nan,nan,nan
-40.0,-400.0,40.0,-12.68,3.94,-209.20000000000002,8.652853402202066
-30.0,-240.0,200.0,-10.0,-2.0100000000000002,-215.75,1.5181804899286493
-30.0,-240.0,180.0,-10.26,-2.3000000000000003,-215.77,1.5317610779752906
-30.0,-240.0,160.0,-10.61,-3.02,-215.24,1.341928463070969
-30.0,-240.0,140.0,-11.200000000000001,-4.37,-213.88,2.395590115190829
-30.0,-240.0,120.0,-11.86,-6.23,-211.8,4.968320843101817
-30.0,-240.0,100.0,-12.85,-8.19,-209.51,8.065919166468264
-30.0,-240.0,80.0,nan,nan,nan,nan
-30.0,-240.0,60.0,nan,nan,nan,nan
-30.0,-240.0,40.0,-13.47,-4.45,-206.14000000000001,9.15706459516366
-30.0,-260.0,200.0,-10.290000000000001,-1.99,-215.72,1.5535996910401313
-30.0,-260.0,180.0,-10.76,-2.38,-215.58,1.574379877920201
-30.0,-260.0,160.0,-11.38,-3.34,-214.78,1.8441778656084131
-30.0,-260.0,140.0,-12.21,-5.23,-213.0,3.8831832302892964
-30.0,-260.0,120.0,-13.24,-7.91,-210.51,7.472054068326867
-30.0,-260.0,100.0,nan,nan,nan,nan
-30.0,-260.0,80.0,nan,nan,nan,nan
-30.0,-260.0,60.0,nan,nan,nan,nan
-30.0,-260.0,40.0,nan,nan,nan,nan
-30.0,-280.0,200.0,-10.700000000000001,-1.83,-215.42000000000002,1.5368968735735111
-30.0,-280.0,180.0,-11.49,-2.19,-215.04,1.8244758151315643
-30.0,-280.0,160.0,-12.49,-3.2,-213.92000000000002,2.7823536798904613
-30.0,-280.0,140.0,-13.73,-5.3,-211.9,5.391479574291271
-30.0,-280.0,120.0,-14.77,-8.48,-209.39000000000001,9.213337723105557
-30.0,-280.0,100.0,nan,nan,nan,nan
-30.0,-280.0,80.0,nan,nan,nan,nan
-30.0,-280.0,60.0,nan,nan,nan,nan
-30.0,-280.0,40.0,-7.46,-7.04,-212.61,5.445847225179931
-30.0,-300.0,200.0,-11.200000000000001,-1.67,-214.89000000000001,1.670949430712976
-30.0,-300.0,180.0,-12.43,-1.74,-214.24,2.6847368586138938
-30.0,-300.0,160.0,-14.05,-2.4,-212.81,4.467445802693079
-30.0,-300.0,140.0,-15.69,-3.98,-210.65,7.066364836321429
-30.0,-300.0,120.0,-16.580000000000002,-6.83,-208.43,9.958336808925473
-30.0,-300.0,100.0,-15.44,-10.3,-207.20000000000002,11.980966238162923
-30.0,-300.0,80.0,-11.370000000000001,-12.99,-207.79,12.489644190288214
-30.0,-300.0,60.0,-4.04,-13.67,-211.3,12.987959501014773
-30.0,-300.0,40.0,5.0200000000000005,-11.1,-217.89000000000001,17.567166305355002
-30.0,-320.0,200.0,-11.69,-1.58,-214.43,2.0456959695907893
-30.0,-320.0,180.0,-13.4,-1.25,-213.54,3.831831415915896
-30.0,-320.0,160.0,-15.73,-1.09,-211.93,6.49317272217519
-30.0,-320.0,140.0,-18.05,-1.62,-209.79,9.405278943231833
-30.0,-320.0,120.0,-18.98,-3.15,-207.87,11.199749640058924
-30.0,-320.0,100.0,-16.5,-5.61,-207.3,10.170308353240815
-30.0,-320.0,80.0,-9.57,-8.6,-208.85,8.228933831305248
-30.0,-320.0,60.0,2.48,-11.67,-213.01,15.445902757689497
-30.0,-320.0,40.0,nan,nan,nan,nan
-30.0,-340.0,200.0,-11.870000000000001,-1.6600000000000001,-214.23000000000002,2.177391099458249
-30.0,-340.0,180.0,-13.92,-0.99,-213.32,4.441708229949376
-30.0,-340.0,160.0,-16.88,-0.01,-211.74,7.877820256898475
-30.0,-340.0,140.0,-20.01,0.89,-209.71,11.646857601945685
-30.0,-340.0,120.0,-21.48,1.18,-208.04,13.706227489721602
-30.0,-340.0,100.0,-18.79,0.31,-207.75,11.42987016549182
-30.0,-340.0,80.0,-10.73,-2.16,-209.54,4.854735008216215
-30.0,-340.0,60.0,3.64,-7.1000000000000005,-213.44,14.287590139698159
-30.0,-340.0,40.0,nan,nan,nan,nan
-30.0,-360.0,200.0,-11.67,-2.05,-214.35,1.872498865153194
-30.0,-360.0,180.0,-13.72,-1.22,-213.63,4.123936468957786
-30.0,-360.0,160.0,-16.830000000000002,0.26,-212.29,7.760664404546822
-30.0,-360.0,140.0,-20.46,2.29,-210.52,12.227584062274934
-30.0,-360.0,120.0,-22.66,4.19,-209.02,15.371499991868067
-30.0,-360.0,100.0,-20.75,4.96,-208.57,14.377971762387075
-30.0,-360.0,80.0,nan,nan,nan,nan
-30.0,-360.0,60.0,nan,nan,nan,nan
-30.0,-360.0,40.0,nan,nan,nan,nan
-30.0,-380.0,200.0,-11.09,-2.59,-214.66,1.307880728506998
-30.0,-380.0,180.0,-12.81,-1.84,-214.22,3.031958442986975
-30.0,-380.0,160.0,-15.56,-0.31,-213.28,6.190390294642174
-30.0,-380.0,140.0,-19.0,2.08,-211.92000000000002,10.490740297996132
-30.0,-380.0,120.0,-21.69,4.78,-210.51,14.387602719007782
-30.0,-380.0,100.0,-21.28,6.72,-209.75,15.348987328159472
-30.0,-380.0,80.0,nan,nan,nan,nan
-30.0,-380.0,60.0,nan,nan,nan,nan
-30.0,-380.0,40.0,0.6900000000000001,-3.21,-212.99,10.639278734951912
-30.0,-400.0,200.0,-10.51,-3.11,-214.91,1.1223600135428886
-30.0,-400.0,180.0,-11.76,-2.68,-214.75,1.9851982268781116
-30.0,-400.0,160.0,-13.790000000000001,-1.48,-214.19,4.067528979614037
-30.0,-400.0,140.0,-16.61,0.62,-213.19,7.514119509297148
-30.0,-400.0,120.0,-19.23,3.3000000000000003,-211.97,11.252252752226998
-30.0,-400.0,100.0,-20.490000000000002,5.73,-210.91,13.847599503162996
-30.0,-400.0,80.0,-19.8,7.08,-210.15,14.393189083729846
-30.0,-400.0,60.0,-17.080000000000002,6.390000000000001,-209.57,12.363976383025006
-30.0,-400.0,40.0,-12.61,3.36,-208.95000000000002,8.368072179421008
-20.0,-240.0,200.0,-10.040000000000001,-2.13,-215.53,1.2812774875100235
-20.0,-240.0,180.0,-10.32,-2.43,-215.52,1.3073836468305775
-20.0,-240.0,160.0,-10.63,-3.0500000000000003,-215.06,1.250148791144479
-20.0,-240.0,140.0,-11.06,-4.21,-213.95000000000002,2.1754245562648205
-20.0,-240.0,120.0,-11.71,-5.8,-212.31,4.328472247802913
-20.0,-240.0,100.0,-12.370000000000001,-7.33,-210.41,6.740707084572066
-20.0,-240.0,80.0,-13.030000000000001,-8.1,-208.70000000000002,8.577368594155194
-20.0,-240.0,60.0,-13.33,-7.22,-207.63,8.918102488758475
-20.0,-240.0,40.0,-13.040000000000001,-4.15,-207.11,8.056306349686551
-20.0,-260.0,200.0,-10.33,-2.1,-215.53,1.3643723831857628
-20.0,-260.0,180.0,-10.73,-2.5100000000000002,-215.32,1.3522987835533917
-20.0,-260.0,160.0,-11.35,-3.41,-214.63,1.8219582871185596
-20.0,-260.0,140.0,-12.07,-5.03,-213.13,3.610896287627217
-20.0,-260.0,120.0,-12.93,-7.32,-211.1,6.6022035715357985
-20.0,-260.0,100.0,-13.63,-9.64,-208.99,9.715200049407112
-20.0,-260.0,80.0,nan,nan,nan,nan
-20.0,-260.0,60.0,nan,nan,nan,nan
-20.0,-260.0,40.0,-12.620000000000001,-4.32,-207.85,7.273368683079396
-20.0,-280.0,200.0,-10.700000000000001,-2.0300000000000002,-215.21,1.31599088142738
-20.0,-280.0,180.0,-11.44,-2.38,-214.86,1.695061060847075
-20.0,-280.0,160.0,-12.370000000000001,-3.3200000000000003,-213.88,2.710729053225352
-20.0,-280.0,140.0,-13.42,-5.17,-212.1,5.010498178824141
-20.0,-280.0,120.0,-14.22,-7.86,-209.96,8.209006760869427
-20.0,-280.0,100.0,-14.36,-10.83,-208.18,11.325138939545065
-20.0,-280.0,80.0,nan,nan,nan,nan
-20.0,-280.0,60.0,nan,nan,nan,nan
-20.0,-280.0,40.0,-7.74,-6.24,-212.11,4.861404323855397
-20.0,-300.0,200.0,-11.16,-1.86,-214.78,1.5198789425477282
-20.0,-300.0,180.0,-12.3,-1.98,-214.18,2.506446089585811
-20.0,-300.0,160.0,-13.73,-2.6,-212.9,4.138556753265562
-20.0,-300.0,140.0,-15.16,-4.04,-211.03,6.447378692150788
-20.0,-300.0,120.0,-15.8,-6.54,-208.97,8.986121076415566
-20.0,-300.0,100.0,-14.64,-9.52,-207.77,10.761177073164436
-20.0,-300.0,80.0,-10.96,-11.81,-208.14000000000001,11.268152111149362
-20.0,-300.0,60.0,-4.83,-12.31,-211.08,11.525286634179643
-20.0,-300.0,40.0,2.7600000000000002,-9.83,-216.94,14.841209249922999
-20.0,-320.0,200.0,-11.59,-1.74,-214.4,1.8887382031398636
-20.0,-320.0,180.0,-13.15,-1.46,-213.62,3.5202573769541337
-20.0,-320.0,160.0,-15.21,-1.3900000000000001,-212.18,5.8701952267365
-20.0,-320.0,140.0,-17.16,-1.8900000000000001,-210.23000000000002,8.39564125007732
-20.0,-320.0,120.0,-17.82,-3.2800000000000002,-208.41,9.955829046342654
-20.0,-320.0,100.0,-15.52,-5.48,-207.69,9.231722049542006
-20.0,-320.0,80.0,-9.38,-7.97,-208.89000000000001,7.749817546239386
-20.0,-320.0,60.0,0.65,-10.540000000000001,-212.59,13.36125413275266
-20.0,-320.0,40.0,nan,nan,nan,nan
-20.0,-340.0,200.0,-11.82,-1.82,-214.23000000000002,2.077318463789315
-20.0,-340.0,180.0,-13.67,-1.21,-213.42000000000002,4.1198436863551
-20.0,-340.0,160.0,-16.16,-0.4,-212.0,7.0305584415464475
-20.0,-340.0,140.0,-18.75,0.36,-210.20000000000002,10.202613978780139
-20.0,-340.0,120.0,-19.830000000000002,0.58,-208.61,11.889756599695383
-20.0,-340.0,100.0,-17.25,-0.18,-208.16,9.888505043736393
-20.0,-340.0,80.0,-10.17,-2.2800000000000002,-209.61,4.7084426299998485
-20.0,-340.0,60.0,1.56,-6.32,-213.11,12.099959173484843
-20.0,-340.0,40.0,nan,nan,nan,nan
-20.0,-360.0,200.0,-11.57,-2.08,-214.37,1.7691105109630663
-20.0,-360.0,180.0,-13.41,-1.34,-213.73000000000002,3.780633809297058
-20.0,-360.0,160.0,-16.06,-0.06,-212.56,6.885738304640976
-20.0,-360.0,140.0,-19.05,1.6500000000000001,-211.01,10.60355468699059
-20.0,-360.0,120.0,-20.72,3.27,-209.66,13.137386802557046
-20.0,-360.0,100.0,-18.8,3.93,-209.17000000000002,12.135379351301708
-20.0,-360.0,80.0,-12.75,2.77,-210.23000000000002,7.228511050001921
-20.0,-360.0,60.0,nan,nan,nan,nan
-20.0,-360.0,40.0,nan,nan,nan,nan
-20.0,-380.0,200.0,-11.120000000000001,-2.5500000000000003,-214.62,1.3226836356438392
-20.0,-380.0,180.0,-12.64,-1.92,-214.21,2.8501599955090247
-20.0,-380.0,160.0,-15.01,-0.5700000000000001,-213.43,5.568182109090901
-20.0,-380.0,140.0,-17.830000000000002,1.45,-212.28,9.11591531334073
-20.0,-380.0,120.0,-19.89,3.75,-211.11,12.229872117074649
-20.0,-380.0,100.0,-19.38,5.45,-210.43,12.974386767782127
-20.0,-380.0,80.0,-15.860000000000001,5.53,-210.62,10.64879955675756
-20.0,-380.0,60.0,nan,nan,nan,nan
-20.0,-380.0,40.0,-2.07,-2.56,-212.49,7.979783956975274
-20.0,-400.0,200.0,-10.59,-2.96,-214.82,1.046428210628895
-20.0,-400.0,180.0,-11.72,-2.6,-214.69,1.9255471949552416
-20.0,-400.0,160.0,-13.48,-1.59,-214.22,3.7397823466078886
-20.0,-400.0,140.0,-15.83,0.19,-213.45000000000002,6.599043263989105
-20.0,-400.0,120.0,-17.98,2.48,-212.43,9.696249377981157
-20.0,-400.0,100.0,-18.86,4.53,-211.51,11.738974060794243
-20.0,-400.0,80.0,-18.28,5.75,-210.72,12.297166014980853
-20.0,-400.0,60.0,-16.240000000000002,5.38,-209.88,11.033891063446298
-20.0,-400.0,40.0,-12.9,2.91,-208.78,8.279099709509483
-10.0,-240.0,200.0,-10.06,-2.25,-215.35,1.0863480105380523
-10.0,-240.0,180.0,-10.31,-2.5,-215.32,1.120844324605332
-10.0,-240.0,160.0,-10.63,-3.09,-214.93,1.1972017373859793
-10.0,-240.0,140.0,-11.040000000000001,-4.08,-214.05,2.0447523077380296
-10.0,-240.0,120.0,-11.55,-5.38,-212.74,3.740359875733882
-10.0,-240.0,100.0,-12.09,-6.66,-211.21,5.6929774283761185
-10.0,-240.0,80.0,-12.57,-7.24,-209.74,7.161327530563026
-10.0,-240.0,60.0,-12.83,-6.51,-208.67000000000002,7.564020888389973
-10.0,-240.0,40.0,-12.83,-4.08,-207.98000000000002,7.1839802338258
-10.0,-260.0,200.0,-10.32,-2.24,-215.3,1.1242917770756926
-10.0,-260.0,180.0,-10.77,-2.61,-215.17000000000002,1.281566229267931
-10.0,-260.0,160.0,-11.290000000000001,-3.42,-214.55,1.7651039629438283
-10.0,-260.0,140.0,-11.94,-4.87,-213.31,3.3590939254507304
-10.0,-260.0,120.0,-12.620000000000001,-6.8,-211.59,5.83685977217202
-10.0,-260.0,100.0,-13.19,-8.74,-209.82,8.424272787606066
-10.0,-260.0,80.0,-13.36,-9.59,-208.48000000000002,9.867861571789494
-10.0,-260.0,60.0,nan,nan,nan,nan
-10.0,-260.0,40.0,-12.48,-4.18,-208.28,6.802343125717786
-10.0,-280.0,200.0,-10.68,-2.14,-215.08,1.1832970886468097
-10.0,-280.0,180.0,-11.38,-2.5,-214.74,1.601509288140412
-10.0,-280.0,160.0,-12.21,-3.39,-213.86,2.5901644735421714
-10.0,-280.0,140.0,-13.1,-5.0200000000000005,-212.35,4.5914585917766955
-10.0,-280.0,120.0,-13.85,-7.38,-210.52,7.400192700193688
-10.0,-280.0,100.0,-13.76,-9.89,-208.91,9.995226460666114
-10.0,-280.0,80.0,-12.700000000000001,-11.3,-208.20000000000002,11.129562075841074
-10.0,-280.0,60.0,-10.63,-10.41,-209.14000000000001,9.526182446289798
-10.0,-280.0,40.0,-8.17,-5.79,-211.71,4.551203357355059
-10.0,-300.0,200.0,-11.09,-2.0100000000000002,-214.71,1.3840852574895828
-10.0,-300.0,180.0,-12.15,-2.15,-214.16,2.333082081710801
-10.0,-300.0,160.0,-13.42,-2.73,-213.04,3.8073471078954735
-10.0,-300.0,140.0,-14.63,-4.05,-211.37,5.84223347701887
-10.0,-300.0,120.0,-15.23,-6.26,-209.52,8.154790739191283
-10.0,-300.0,100.0,-14.040000000000001,-8.870000000000001,-208.32,9.733536459067697
-10.0,-300.0,80.0,-10.77,-10.78,-208.47,10.217110746194347
-10.0,-300.0,60.0,-5.61,-11.18,-210.87,10.295773501782175
-10.0,-300.0,40.0,0.77,-8.92,-216.1,12.559310968361281
-10.0,-320.0,200.0,-11.52,-1.8900000000000001,-214.39000000000001,1.7710765087934517
-10.0,-320.0,180.0,-12.91,-1.69,-213.68,3.2222340076412817
-10.0,-320.0,160.0,-14.64,-1.67,-212.39000000000001,5.225176743422175
-10.0,-320.0,140.0,-16.330000000000002,-2.12,-210.64000000000001,7.459890883920484
-10.0,-320.0,120.0,-16.84,-3.38,-208.94,8.868404140542989
-10.0,-320.0,100.0,-14.75,-5.29,-208.08,8.422944378303818
-10.0,-320.0,80.0,-9.43,-7.43,-208.94,7.334902317004641
-10.0,-320.0,60.0,-1.01,-9.47,-212.11,11.495530087821091
-10.0,-320.0,40.0,10.07,-11.48,-218.41,22.24672182592303
-10.0,-340.0,200.0,-11.64,-1.9000000000000001,-214.29,1.8804605818788127
-10.0,-340.0,180.0,-13.27,-1.36,-213.57,3.6713365413701875
-10.0,-340.0,160.0,-15.43,-0.67,-212.32,6.191238325246415
-10.0,-340.0,140.0,-17.63,-0.02,-210.67000000000002,8.931171927580383
-10.0,-340.0,120.0,-18.44,0.15,-209.15,10.3562807995921
-10.0,-340.0,100.0,-16.05,-0.53,-208.55,8.679632019849684
-10.0,-340.0,80.0,-9.99,-2.23,-209.62,4.691284685456637
-10.0,-340.0,60.0,-0.34,-5.5,-212.74,10.1012490316792
-10.0,-340.0,40.0,nan,nan,nan,nan
-10.0,-360.0,200.0,-11.46,-2.13,-214.38,1.6518995126822946
-10.0,-360.0,180.0,-13.06,-1.49,-213.83,3.391635593633254
-10.0,-360.0,160.0,-15.31,-0.35000000000000003,-212.81,6.044648211434641
-10.0,-360.0,140.0,-17.81,1.12,-211.48000000000002,9.175945291903167
-10.0,-360.0,120.0,-19.09,2.54,-210.18,11.287609667241332
-10.0,-360.0,100.0,-17.42,3.16,-209.70000000000002,10.49085468396164
-10.0,-360.0,80.0,-12.200000000000001,2.2800000000000002,-210.46,6.531623994076815
-10.0,-360.0,60.0,-4.12,-0.9500000000000001,-212.63,6.144323559188596
-10.0,-360.0,40.0,6.47,-7.58,-215.8,17.16486562720489
-10.0,-380.0,200.0,-11.06,-2.5,-214.61,1.259036139274806
-10.0,-380.0,180.0,-12.41,-1.94,-214.3,2.618956280658385
-10.0,-380.0,160.0,-14.41,-0.8,-213.63,4.903255245242696
-10.0,-380.0,140.0,-16.78,0.92,-212.67000000000002,7.883530427416385
-10.0,-380.0,120.0,-18.44,2.93,-211.64000000000001,10.485073771795788
-10.0,-380.0,100.0,-17.94,4.43,-211.04,11.113755980765463
-10.0,-380.0,80.0,-14.93,4.61,-211.03,9.294411869505247
-10.0,-380.0,60.0,-10.21,2.66,-211.54,5.81613376737503
-10.0,-380.0,40.0,-4.37,-2.04,-212.07,5.922404241522191
-10.0,-400.0,200.0,-10.59,-2.92,-214.81,1.0223071945359674
-10.0,-400.0,180.0,-11.58,-2.5300000000000002,-214.68,1.782237919022038
-10.0,-400.0,160.0,-13.13,-1.6600000000000001,-214.35,3.382435808703545
-10.0,-400.0,140.0,-15.13,-0.18,-213.72,5.783671152477465
-10.0,-400.0,120.0,-16.87,1.76,-212.88,8.313981717564698
-10.0,-400.0,100.0,-17.62,3.6,-212.04,10.108611774126063
-10.0,-400.0,80.0,-17.11,4.74,-211.20000000000002,10.681646502295415
-10.0,-400.0,60.0,-15.73,4.6000000000000005,-210.13,10.086243701200168
-10.0,-400.0,40.0,-13.370000000000001,2.57,-208.72,8.293500587809712
-0.0,-240.0,200.0,-10.07,-2.2800000000000002,-215.24,0.9776972946674309
-0.0,-240.0,180.0,-10.27,-2.54,-215.20000000000002,0.9984648216136743
-0.0,-240.0,160.0,-10.55,-3.06,-214.88,1.1024209722243103
-0.0,-240.0,140.0,-10.93,-3.89,-214.18,1.8150460049265966
-0.0,-240.0,120.0,-11.370000000000001,-5.03,-213.1,3.2369603025060445
-0.0,-240.0,100.0,-11.88,-6.07,-211.89000000000001,4.810080248810818
-0.0,-240.0,80.0,-12.22,-6.53,-210.66,5.969801671747567
-0.0,-240.0,60.0,-12.51,-5.98,-209.62,6.44763925789897
-0.0,-240.0,40.0,-12.620000000000001,-4.15,-208.78,6.415092516869887
-0.0,-260.0,200.0,-10.3,-2.31,-215.18,0.9984648216136657
-0.0,-260.0,180.0,-10.67,-2.65,-215.04,1.1282871974812023
-0.0,-260.0,160.0,-11.15,-3.38,-214.51,1.623154952553821
-0.0,-260.0,140.0,-11.75,-4.65,-213.49,3.029378154011148
-0.0,-260.0,120.0,-12.35,-6.3,-212.07,5.114644855706018
-0.0,-260.0,100.0,-12.77,-7.94,-210.59,7.251531700268571
-0.0,-260.0,80.0,-12.9,-8.65,-209.41,8.475215159510705
-0.0,-260.0,60.0,-12.76,-7.69,-208.74,8.18565892277463
-0.0,-260.0,40.0,-12.44,-4.23,-208.71,6.4220426656944545
-0.0,-280.0,200.0,-10.620000000000001,-2.24,-215.0,1.0650971786649324
-0.0,-280.0,180.0,-11.21,-2.59,-214.68,1.4281428499978586
-0.0,-280.0,160.0,-11.97,-3.39,-213.93,2.360443178727249
-0.0,-280.0,140.0,-12.790000000000001,-4.82,-212.64000000000001,4.137242076552925
-0.0,-280.0,120.0,-13.370000000000001,-6.93,-211.02,6.58557150139606
-0.0,-280.0,100.0,-13.35,-9.09,-209.6,8.86662461142909
-0.0,-280.0,80.0,-12.33,-10.31,-208.86,9.884897166890502
-0.0,-280.0,60.0,-10.73,-9.57,-209.42000000000002,8.68478163225765
-0.0,-280.0,40.0,-8.76,-5.68,-211.56,4.378085426302232
-0.0,-300.0,200.0,-11.01,-2.13,-214.68,1.268413181893031
-0.0,-300.0,180.0,-11.92,-2.25,-214.20000000000002,2.0916146872691437
-0.0,-300.0,160.0,-13.05,-2.82,-213.22,3.408890141967032
-0.0,-300.0,140.0,-14.14,-4.0200000000000005,-211.73000000000002,5.253499024459786
-0.0,-300.0,120.0,-14.61,-6.03,-210.02,7.346084126934562
-0.0,-300.0,100.0,-13.58,-8.31,-208.81,8.8646258804306
-0.0,-300.0,80.0,-10.75,-9.99,-208.83,9.366690557502148
-0.0,-300.0,60.0,-6.5,-10.32,-210.66,9.298694101861834
-0.0,-300.0,40.0,-1.0,-8.27,-215.34,10.63772400469198
-0.0,-320.0,200.0,-11.35,-2.0100000000000002,-214.42000000000002,1.5754085184484699
-0.0,-320.0,180.0,-12.55,-1.83,-213.78,2.827661931702587
-0.0,-320.0,160.0,-14.120000000000001,-1.83,-212.67000000000002,4.62226697627906
-0.0,-320.0,140.0,-15.55,-2.27,-211.07,6.564535931808132
-0.0,-320.0,120.0,-16.0,-3.37,-209.42000000000002,7.91558791246739
-0.0,-320.0,100.0,-14.18,-5.11,-208.45000000000002,7.759669580594255
-0.0,-320.0,80.0,-9.5,-6.9,-209.0,6.9357012623093865
-0.0,-320.0,60.0,-2.59,-8.540000000000001,-211.68,9.828992420385722
-0.0,-320.0,40.0,6.87,-10.200000000000001,-217.61,18.716550750605737
-0.0,-340.0,200.0,-11.44,-1.95,-214.31,1.6745363537409388
-0.0,-340.0,180.0,-12.89,-1.54,-213.70000000000002,3.2379827053274983
-0.0,-340.0,160.0,-14.77,-0.93,-212.61,5.428326814037633
-0.0,-340.0,140.0,-16.66,-0.34,-211.11,7.819261601967281
-0.0,-340.0,120.0,-17.37,-0.19,-209.63,9.144817767457155
-0.0,-340.0,100.0,-15.3,-0.78,-208.89000000000001,7.8671400140076235
-0.0,-340.0,80.0,-9.97,-2.12,-209.66,4.657103391594399
-0.0,-340.0,60.0,-2.14,-4.7700000000000005,-212.34,8.279949999849032
-0.0,-340.0,40.0,8.53,-9.64,-217.52,19.98954656814406
-0.0,-360.0,200.0,-11.31,-2.17,-214.44,1.5014899267061372
-0.0,-360.0,180.0,-12.71,-1.59,-213.97,3.0129341180981717
-0.0,-360.0,160.0,-14.67,-0.65,-213.11,5.288948099575186
-0.0,-360.0,140.0,-16.78,0.65,-211.89000000000001,7.972692895126461
-0.0,-360.0,120.0,-17.89,1.96,-210.69,9.861983167700098
-0.0,-360.0,100.0,-16.37,2.6,-210.11,9.255942523589908
-0.0,-360.0,80.0,-11.86,2.0,-210.66,6.091655932503086
-0.0,-360.0,60.0,-5.42,-0.54,-212.49,5.14317139516077
-0.0,-360.0,40.0,2.91,-6.36,-215.27,13.372760074120826
-0.0,-380.0,200.0,-10.950000000000001,-2.46,-214.63,1.1569926533906765
-0.0,-380.0,180.0,-12.120000000000001,-2.0,-214.37,2.3237667697081834
-0.0,-380.0,160.0,-13.870000000000001,-0.99,-213.85,4.308263223156173
-0.0,-380.0,140.0,-15.84,0.48,-213.02,6.796942842190155
-0.0,-380.0,120.0,-17.28,2.27,-212.13,9.072026895903695
-0.0,-380.0,100.0,-16.87,3.67,-211.54,9.71810639991146
-0.0,-380.0,80.0,-14.370000000000001,4.0200000000000005,-211.4,8.410553608413657
-0.0,-380.0,60.0,-10.77,2.48,-211.58,5.703582383029103
-0.0,-380.0,40.0,-6.47,-1.54,-211.72,4.341793638578418
-0.0,-400.0,200.0,-10.540000000000001,-2.81,-214.8,0.9327228956126309
-0.0,-400.0,180.0,-11.41,-2.48,-214.70000000000002,1.619571548280598
-0.0,-400.0,160.0,-12.75,-1.77,-214.44,2.990129094203125
-0.0,-400.0,140.0,-14.44,-0.46,-213.95000000000002,5.02210832220891
-0.0,-400.0,120.0,-15.98,1.19,-213.25,7.212244588198601
-0.0,-400.0,100.0,-16.63,2.84,-212.5,8.790857296077556
-0.0,-400.0,80.0,-16.31,3.93,-211.61,9.473458291458297
-0.0,-400.0,60.0,-15.51,3.92,-210.41,9.370839450123988
-0.0,-400.0,40.0,-13.99,2.3000000000000003,-208.73000000000002,8.414125741870027
10.0,-240.0,200.0,-10.03,-2.32,-215.12,0.8469545442348154
10.0,-240.0,180.0,-10.21,-2.5300000000000002,-215.11,0.8910286190690058
10.0,-240.0,160.0,-10.49,-2.98,-214.86,1.009421616570605
10.0,-240.0,140.0,-10.86,-3.7,-214.3,1.6180086526344657
10.0,-240.0,120.0,-11.25,-4.62,-213.45000000000002,2.7299069581214623
10.0,-240.0,100.0,-11.620000000000001,-5.57,-212.43,4.056125244614617
10.0,-240.0,80.0,-11.97,-5.97,-211.4,5.040118252580983
10.0,-240.0,60.0,-12.280000000000001,-5.6000000000000005,-210.52,5.498417226802632
10.0,-240.0,40.0,-12.450000000000001,-4.2700000000000005,-209.6,5.681020330891281
10.0,-260.0,200.0,-10.25,-2.34,-215.1,0.9014055690975
10.0,-260.0,180.0,-10.57,-2.65,-214.97,1.0094018030497054
10.0,-260.0,160.0,-11.040000000000001,-3.3200000000000003,-214.52,1.5013433984268911
10.0,-260.0,140.0,-11.58,-4.41,-213.70000000000002,2.693988121725852
10.0,-260.0,120.0,-12.14,-5.86,-212.5,4.495939501372323
10.0,-260.0,100.0,-12.540000000000001,-7.29,-211.23000000000002,6.342175651935218
10.0,-260.0,80.0,-12.66,-7.91,-210.18,7.405196283691605
10.0,-260.0,60.0,-12.620000000000001,-7.18,-209.5,7.2963355186011025
10.0,-260.0,40.0,-12.540000000000001,-4.44,-209.29,6.034418944687227
10.0,-280.0,200.0,-10.540000000000001,-2.31,-214.9,0.9290705032450475
10.0,-280.0,180.0,-11.07,-2.64,-214.63,1.2874750483019066
10.0,-280.0,160.0,-11.77,-3.36,-214.03,2.153841219774568
10.0,-280.0,140.0,-12.530000000000001,-4.68,-212.92000000000002,3.761814987476121
10.0,-280.0,120.0,-13.1,-6.5200000000000005,-211.5,5.924845314436489
10.0,-280.0,100.0,-13.030000000000001,-8.46,-210.17000000000002,7.966072558042634
10.0,-280.0,80.0,-12.280000000000001,-9.540000000000001,-209.48000000000002,8.920638542167252
10.0,-280.0,60.0,-11.01,-8.950000000000001,-209.75,8.027194528600887
10.0,-280.0,40.0,-9.52,-5.8100000000000005,-211.31,4.516236486279256
10.0,-300.0,200.0,-10.870000000000001,-2.2,-214.66,1.1167685525658386
10.0,-300.0,180.0,-11.72,-2.37,-214.25,1.882230591611985
10.0,-300.0,160.0,-12.71,-2.9,-213.4,3.0433619567839774
10.0,-300.0,140.0,-13.65,-3.97,-212.06,4.677639575683445
10.0,-300.0,120.0,-14.14,-5.79,-210.5,6.6450080511614145
10.0,-300.0,100.0,-13.31,-7.9,-209.29,8.182238813429985
10.0,-300.0,80.0,-10.870000000000001,-9.4,-209.06,8.771908116253842
10.0,-300.0,60.0,-7.4,-9.65,-210.48000000000002,8.514870051856334
10.0,-300.0,40.0,-2.77,-7.91,-214.5,8.938706394104239
10.0,-320.0,200.0,-11.16,-2.09,-214.45000000000002,1.3744206052006078
10.0,-320.0,180.0,-12.25,-1.95,-213.93,2.4883753736122687
10.0,-320.0,160.0,-13.59,-1.98,-212.9,4.031006325968739
10.0,-320.0,140.0,-14.9,-2.38,-211.46,5.8048283351017345
10.0,-320.0,120.0,-15.32,-3.39,-209.88,7.106130592664342
10.0,-320.0,100.0,-13.75,-4.98,-208.81,7.204403653322043
10.0,-320.0,80.0,-9.73,-6.51,-209.03,6.6602951886534285
10.0,-320.0,60.0,-4.13,-7.76,-211.19,8.400056666475532
10.0,-320.0,40.0,3.99,-9.1,-216.63,15.523579226454187
10.0,-340.0,200.0,-11.26,-2.04,-214.36,1.4774139568854767
10.0,-340.0,180.0,-12.52,-1.67,-213.85,2.8262328283423512
10.0,-340.0,160.0,-14.13,-1.1400000000000001,-212.93,4.689604674170307
10.0,-340.0,140.0,-15.780000000000001,-0.61,-211.55,6.799387619484564
10.0,-340.0,120.0,-16.43,-0.42,-210.11,8.06934396342106
10.0,-340.0,100.0,-14.620000000000001,-0.87,-209.23000000000002,7.146422321693551
10.0,-340.0,80.0,-10.08,-1.98,-209.68,4.653415090017218
10.0,-340.0,60.0,-3.77,-3.96,-211.87,6.713234093937139
10.0,-340.0,40.0,5.09,-8.19,-216.71,16.177461234693162
10.0,-360.0,200.0,-11.09,-2.19,-214.48000000000002,1.2876303817478079
10.0,-360.0,180.0,-12.31,-1.73,-214.09,2.5800178293957585
10.0,-360.0,160.0,-14.02,-0.86,-213.38,4.564562629650294
10.0,-360.0,140.0,-15.85,0.28,-212.33,6.887448874583387
10.0,-360.0,120.0,-16.86,1.51,-211.20000000000002,8.63419550392507
10.0,-360.0,100.0,-15.56,2.23,-210.5,8.30873588459761
10.0,-360.0,80.0,-11.73,1.9000000000000001,-210.9,5.833493978740355
10.0,-360.0,60.0,-6.66,-0.18,-212.23000000000002,4.420358808965617
10.0,-360.0,40.0,-0.27,-5.15,-214.76,9.955665321815513
10.0,-380.0,200.0,-10.78,-2.44,-214.68,1.012418885639735
10.0,-380.0,180.0,-11.81,-2.0300000000000002,-214.48000000000002,2.0207107660424857
10.0,-380.0,160.0,-13.24,-1.16,-214.06,3.64255295088486
10.0,-380.0,140.0,-15.0,0.11,-213.38,5.831148428911754
10.0,-380.0,120.0,-16.27,1.74,-212.58,7.862756005371142
10.0,-380.0,100.0,-15.91,3.09,-211.98000000000002,8.536453127616875
10.0,-380.0,80.0,-13.88,3.5300000000000002,-211.76,7.647366344042899
10.0,-380.0,60.0,-11.27,2.42,-211.68,5.708657635556714
10.0,-380.0,40.0,-8.28,-1.04,-211.34,3.6318193787687174
10.0,-400.0,200.0,-10.41,-2.73,-214.77,0.7898430223785027
10.0,-400.0,180.0,-11.19,-2.48,-214.73000000000002,1.4160762691324267
10.0,-400.0,160.0,-12.32,-1.86,-214.56,2.5606624142983008
10.0,-400.0,140.0,-13.82,-0.81,-214.18,4.30415287832577
10.0,-400.0,120.0,-15.17,0.67,-213.62,6.210777085035334
10.0,-400.0,100.0,-15.790000000000001,2.2,-212.94,7.670054237096373
10.0,-400.0,80.0,-15.71,3.24,-212.03,8.481499395743656
10.0,-400.0,60.0,-15.42,3.36,-210.71,8.817009243502014
10.0,-400.0,40.0,-14.61,2.16,-208.75,8.648504610624892
20.0,-240.0,200.0,-9.96,-2.32,-215.03,0.7462251670910054
20.0,-240.0,180.0,-10.15,-2.5100000000000002,-215.03,0.7921691738511408
20.0,-240.0,160.0,-10.41,-2.88,-214.85,0.9017272314841067
20.0,-240.0,140.0,-10.69,-3.49,-214.42000000000002,1.352801537550872
20.0,-240.0,120.0,-11.13,-4.32,-213.75,2.3431585520403875
20.0,-240.0,100.0,-11.42,-5.1000000000000005,-212.89000000000001,3.398548513704044
20.0,-240.0,80.0,-11.790000000000001,-5.51,-212.07,4.265397050685908
20.0,-240.0,60.0,-12.08,-5.29,-211.23000000000002,4.750451767990062
20.0,-240.0,40.0,-12.4,-4.42,-210.36,5.100324695546345
20.0,-260.0,200.0,-10.17,-2.36,-215.0,0.77483675700111
20.0,-260.0,180.0,-10.5,-2.66,-214.9,0.9151349627240808
20.0,-260.0,160.0,-10.88,-3.21,-214.57,1.3187539573400329
20.0,-260.0,140.0,-11.370000000000001,-4.18,-213.88,2.352524601359146
20.0,-260.0,120.0,-11.96,-5.46,-212.89000000000001,3.9484239893912063
20.0,-260.0,100.0,-12.290000000000001,-6.69,-211.8,5.504637317753092
20.0,-260.0,80.0,-12.450000000000001,-7.29,-210.81,6.51949783342245
20.0,-260.0,60.0,-12.55,-6.76,-210.21,6.537032354210889
20.0,-260.0,40.0,-12.700000000000001,-4.79,-209.72,5.890362637393392
20.0,-280.0,200.0,-10.450000000000001,-2.35,-214.84,0.8174545858945332
20.0,-280.0,180.0,-10.96,-2.67,-214.65,1.1938140558730261
20.0,-280.0,160.0,-11.52,-3.34,-214.09,1.9159885177108964
20.0,-280.0,140.0,-12.21,-4.5,-213.17000000000002,3.3361642645409373
20.0,-280.0,120.0,-12.76,-6.17,-211.91,5.304781993635555
20.0,-280.0,100.0,-12.870000000000001,-7.95,-210.75,7.219962049761759
20.0,-280.0,80.0,-12.15,-8.950000000000001,-210.02,8.125071815067233
20.0,-280.0,60.0,-11.41,-8.64,-210.18,7.6067530523870674
20.0,-280.0,40.0,-10.33,-6.18,-211.05,4.978585341239009
20.0,-300.0,200.0,-10.75,-2.27,-214.66,0.9925280852449447
20.0,-300.0,180.0,-11.47,-2.43,-214.31,1.6300711640906977
20.0,-300.0,160.0,-12.35,-2.96,-213.54,2.6739581148552074
20.0,-300.0,140.0,-13.22,-3.94,-212.4,4.157839823754637
20.0,-300.0,120.0,-13.74,-5.64,-210.94,6.061428214538223
20.0,-300.0,100.0,-13.1,-7.59,-209.74,7.611767994362409
20.0,-300.0,80.0,-11.01,-8.97,-209.41,8.240680311721846
20.0,-300.0,60.0,-8.5,-9.200000000000001,-210.39000000000001,7.922028275637491
20.0,-300.0,40.0,-4.64,-7.92,-213.56,7.588156034241784
20.0,-320.0,200.0,-10.99,-2.18,-214.49,1.1944839890094816
20.0,-320.0,180.0,-11.950000000000001,-2.08,-214.02,2.1599194429422592
20.0,-320.0,160.0,-13.15,-2.13,-213.15,3.5194334771380458
20.0,-320.0,140.0,-14.290000000000001,-2.5,-211.84,5.086937389038713
20.0,-320.0,120.0,-14.790000000000001,-3.45,-210.32,6.433256718023935
20.0,-320.0,100.0,-13.48,-4.91,-209.14000000000001,6.78215688405981
20.0,-320.0,80.0,-9.97,-6.29,-209.11,6.464228646946198
20.0,-320.0,60.0,-5.69,-7.08,-210.69,7.1955536270672065
20.0,-320.0,40.0,1.1500000000000001,-8.21,-215.39000000000001,12.458180123918583
20.0,-340.0,200.0,-11.06,-2.18,-214.41,1.2527298192347784
20.0,-340.0,180.0,-12.18,-1.84,-213.97,2.439666370633493
20.0,-340.0,160.0,-13.59,-1.3800000000000001,-213.16,4.062429322462116
20.0,-340.0,140.0,-15.040000000000001,-0.87,-211.94,5.9250292826280635
20.0,-340.0,120.0,-15.74,-0.64,-210.53,7.2323918588527825
20.0,-340.0,100.0,-14.26,-1.03,-209.49,6.686582983856548
20.0,-340.0,80.0,-10.19,-1.86,-209.70000000000002,4.65407047647539
20.0,-340.0,60.0,-5.36,-3.2800000000000002,-211.41,5.398567587795862
20.0,-340.0,40.0,1.74,-6.8500000000000005,-215.71,12.469405438913277
20.0,-360.0,200.0,-10.93,-2.2600000000000002,-214.54,1.1303326943869203
20.0,-360.0,180.0,-11.98,-1.84,-214.23000000000002,2.2248352748012605
20.0,-360.0,160.0,-13.43,-1.12,-213.63,3.885273735530099
20.0,-360.0,140.0,-15.05,-0.04,-212.73000000000002,5.949856468857039
20.0,-360.0,120.0,-16.05,1.12,-211.64000000000001,7.639574071896936
20.0,-360.0,100.0,-15.0,1.86,-210.87,7.546016962610142
20.0,-360.0,80.0,-11.700000000000001,1.78,-211.02,5.664488679483785
20.0,-360.0,60.0,-7.97,0.21,-212.1,3.9240581035453634
20.0,-360.0,40.0,-3.25,-4.12,-213.95000000000002,6.8089934645291
20.0,-380.0,200.0,-10.66,-2.5,-214.65,0.8917690283924437
20.0,-380.0,180.0,-11.540000000000001,-2.15,-214.53,1.7399747124599263
20.0,-380.0,160.0,-12.83,-1.44,-214.24,3.154712665204234
20.0,-380.0,140.0,-14.35,-0.33,-213.68,5.019807964454417
20.0,-380.0,120.0,-15.47,1.16,-212.99,6.812658218346198
20.0,-380.0,100.0,-15.31,2.49,-212.4,7.608578842333173
20.0,-380.0,80.0,-13.71,3.0700000000000003,-212.08,7.094171692311933
20.0,-380.0,60.0,-11.98,2.2,-211.77,5.706793495475368
20.0,-380.0,40.0,-10.16,-0.63,-211.01,3.774047164517168
20.0,-400.0,200.0,-10.38,-2.77,-214.75,0.7725231388120354
20.0,-400.0,180.0,-11.06,-2.58,-214.75,1.3060673795788638
20.0,-400.0,160.0,-12.06,-2.07,-214.65,2.2777164002570656
20.0,-400.0,140.0,-13.3,-1.1500000000000001,-214.36,3.69447858296675
20.0,-400.0,120.0,-14.530000000000001,0.13,-213.91,5.3644022966216856
20.0,-400.0,100.0,-15.15,1.54,-213.32,6.710932275027072
20.0,-400.0,80.0,-15.34,2.62,-212.49,7.69315877907118
20.0,-400.0,60.0,-15.47,2.86,-211.01,8.407125073412438
20.0,-400.0,40.0,-15.38,1.93,-208.86,8.914068207053381
