robot_x,robot_y,robot_z,aurora_x,aurora_y,aurora_z
250.0,-50.0,75.0,149.6013864012375,128.45649084491177,255.36481500879518
250.0,-50.0,85.0,153.50869768613023,122.78929708370217,262.6184922414722
250.0,-50.0,95.0,157.416008971023,117.12210332249259,269.87216947414925
250.0,-50.0,105.0,161.32332025591575,111.45490956128302,277.1258467068262
250.0,-50.0,115.0,165.23063154080847,105.78771580007344,284.37952393950326
250.0,-50.0,125.0,169.1379428257012,100.12052203886387,291.6332011721803
250.0,-50.0,135.0,173.04525411059393,94.45332827765426,298.8868784048573
250.0,-50.0,145.0,176.95256539548666,88.78613451644468,306.14055563753436
250.0,-50.0,155.0,180.85987668037941,83.1189407552351,313.39423287021134
250.0,-50.0,165.0,184.76718796527217,77.45174699402551,320.6479101028884
250.0,-50.0,175.0,188.6744992501649,71.78455323281594,327.9015873355654
250.0,-40.0,75.0,140.79855470880128,128.45994273858244,260.1093004686812
250.0,-40.0,85.0,144.705865993694,122.79274897737284,267.3629777013582
250.0,-40.0,95.0,148.61317727858673,117.12555521616326,274.6166549340353
250.0,-40.0,105.0,152.5204885634795,111.45836145495369,281.8703321667123
250.0,-40.0,115.0,156.42779984837222,105.79116769374411,289.1240093993893
250.0,-40.0,125.0,160.33511113326495,100.12397393253454,296.37768663206634
250.0,-40.0,135.0,164.2424224181577,94.45678017132494,303.6313638647434
250.0,-40.0,145.0,168.14973370305043,88.78958641011536,310.8850410974204
250.0,-40.0,155.0,172.05704498794316,83.12239264890579,318.1387183300974
250.0,-40.0,165.0,175.96435627283591,77.4551988876962,325.3923955627744
250.0,-40.0,175.0,179.87166755772864,71.78800512648662,332.64607279545146
250.0,-30.0,75.0,131.99572301636502,128.4633946322531,264.8537859285673
250.0,-30.0,85.0,135.90303430125775,122.79620087104351,272.10746316124425
250.0,-30.0,95.0,139.81034558615048,117.12900710983394,279.3611403939213
250.0,-30.0,105.0,143.71765687104323,111.46181334862436,286.6148176265983
250.0,-30.0,115.0,147.62496815593596,105.79461958741479,293.8684948592753
250.0,-30.0,125.0,151.5322794408287,100.12742582620521,301.1221720919524
250.0,-30.0,135.0,155.43959072572144,94.46023206499561,308.37584932462937
250.0,-30.0,145.0,159.34690201061417,88.79303830378603,315.6295265573064
250.0,-30.0,155.0,163.2542132955069,83.12584454257646,322.88320378998344
250.0,-30.0,165.0,167.16152458039966,77.45865078136687,330.1368810226604
250.0,-30.0,175.0,171.06883586529239,71.7914570201573,337.3905582553375
250.0,-20.0,75.0,123.19289132392876,128.46684652592378,269.59827138845327
250.0,-20.0,85.0,127.10020260882149,122.79965276471418,276.8519486211303
250.0,-20.0,95.0,131.00751389371425,117.13245900350461,284.1056258538073
250.0,-20.0,105.0,134.91482517860697,111.46526524229503,291.3593030864843
250.0,-20.0,115.0,138.8221364634997,105.79807148108546,298.61298031916135
250.0,-20.0,125.0,142.72944774839243,100.13087771987588,305.8666575518384
250.0,-20.0,135.0,146.6367590332852,94.46368395866628,313.1203347845154
250.0,-20.0,145.0,150.54407031817792,88.79649019745672,320.3740120171924
250.0,-20.0,155.0,154.45138160307064,83.12929643624715,327.62768924986943
250.0,-20.0,165.0,158.3586928879634,77.46210267503756,334.88136648254647
250.0,-20.0,175.0,162.26600417285613,71.79490891382798,342.1350437152235
250.0,-10.0,75.0,114.3900596314925,128.47029841959449,274.34275684833926
250.0,-10.0,85.0,118.29737091638523,122.80310465838488,281.5964340810163
250.0,-10.0,95.0,122.20468220127798,117.13591089717531,288.85011131369333
250.0,-10.0,105.0,126.11199348617072,111.46871713596573,296.1037885463703
250.0,-10.0,115.0,130.01930477106345,105.80152337475616,303.3574657790474
250.0,-10.0,125.0,133.92661605595617,100.13432961354658,310.6111430117244
250.0,-10.0,135.0,137.83392734084893,94.46713585233698,317.86482024440147
250.0,-10.0,145.0,141.74123862574166,88.79994209112739,325.11849747707845
250.0,-10.0,155.0,145.6485499106344,83.13274832991782,332.3721747097554
250.0,-10.0,165.0,149.55586119552714,77.46555456870823,339.6258519424325
250.0,-10.0,175.0,153.46317248041987,71.79836080749865,346.8795291751095
250.0,0.0,75.0,105.58722793905625,128.47375031326516,279.0872423082253
250.0,0.0,85.0,109.49453922394898,122.80655655205555,286.3409195409023
250.0,0.0,95.0,113.40185050884172,117.13936279084598,293.5945967735794
250.0,0.0,105.0,117.30916179373446,111.4721690296364,300.84827400625636
250.0,0.0,115.0,121.21647307862719,105.80497526842683,308.1019512389334
250.0,0.0,125.0,125.12378436351993,100.13778150721726,315.35562847161043
250.0,0.0,135.0,129.03109564841267,94.47058774600765,322.60930570428746
250.0,0.0,145.0,132.9384069333054,88.80339398479808,329.8629829369645
250.0,0.0,155.0,136.84571821819816,83.1362002235885,337.1166601696415
250.0,0.0,165.0,140.7530295030909,77.46900646237891,344.3703374023185
250.0,0.0,175.0,144.6603407879836,71.80181270116934,351.62401463499555
250.0,10.0,75.0,96.78439624661999,128.47720220693583,283.83172776811136
250.0,10.0,85.0,100.69170753151272,122.81000844572623,291.08540500078834
250.0,10.0,95.0,104.59901881640546,117.14281468451665,298.3390822334654
250.0,10.0,105.0,108.5063301012982,111.47562092330708,305.5927594661424
250.0,10.0,115.0,112.41364138619093,105.8084271620975,312.8464366988194
250.0,10.0,125.0,116.32095267108367,100.14123340088793,320.1001139314965
250.0,10.0,135.0,120.22826395597642,94.47403963967832,327.35379116417346
250.0,10.0,145.0,124.13557524086914,88.80684587846876,334.6074683968505
250.0,10.0,155.0,128.0428865257619,83.13965211725919,341.8611456295275
250.0,10.0,165.0,131.95019781065463,77.4724583560496,349.1148228622045
250.0,10.0,175.0,135.85750909554736,71.80526459484003,356.3685000948816
250.0,20.0,75.0,87.98156455418373,128.48065410060653,288.57621322799736
250.0,20.0,85.0,91.88887583907646,122.81346033939693,295.8298904606744
250.0,20.0,95.0,95.7961871239692,117.14626657818735,303.08356769335137
250.0,20.0,105.0,99.70349840886195,111.47907281697778,310.3372449260284
250.0,20.0,115.0,103.61080969375467,105.8118790557682,317.59092215870544
250.0,20.0,125.0,107.51812097864742,100.14468529455863,324.8445993913825
250.0,20.0,135.0,111.42543226354016,94.47749153334902,332.0982766240595
250.0,20.0,145.0,115.33274354843289,88.81029777213944,339.3519538567365
250.0,20.0,155.0,119.24005483332563,83.14310401092986,346.6056310894135
250.0,20.0,165.0,123.14736611821837,77.47591024972027,353.85930832209056
250.0,20.0,175.0,127.0546774031111,71.8087164885107,361.1129855547676
250.0,30.0,75.0,79.17873286174748,128.4841059942772,293.32069868788335
250.0,30.0,85.0,83.0860441466402,122.8169122330676,300.5743759205604
250.0,30.0,95.0,86.99335543153296,117.14971847185802,307.8280531532374
250.0,30.0,105.0,90.90066671642569,111.48252471064845,315.0817303859144
250.0,30.0,115.0,94.80797800131842,105.81533094943887,322.3354076185915
250.0,30.0,125.0,98.71528928621117,100.1481371882293,329.58908485126847
250.0,30.0,135.0,102.6226005711039,94.4809434270197,336.84276208394556
250.0,30.0,145.0,106.52991185599663,88.81374966581012,344.09643931662254
250.0,30.0,155.0,110.43722314088939,83.14655590460055,351.3501165492995
250.0,30.0,165.0,114.34453442578211,77.47936214339096,358.6037937819766
250.0,30.0,175.0,118.25184571067484,71.81216838218138,365.85747101465364
250.0,40.0,75.0,70.37590116931122,128.48755788794787,298.0651841477694
250.0,40.0,85.0,74.28321245420395,122.82036412673827,305.3188613804464
250.0,40.0,95.0,78.1905237390967,117.1531703655287,312.57253861312347
250.0,40.0,105.0,82.09783502398943,111.48597660431912,319.82621584580045
250.0,40.0,115.0,86.00514630888216,105.81878284310955,327.0798930784775
250.0,40.0,125.0,89.91245759377492,100.15158908189997,334.3335703111545
250.0,40.0,135.0,93.81976887866765,94.48439532069037,341.58724754383155
250.0,40.0,145.0,97.72708016356037,88.8172015594808,348.8409247765086
250.0,40.0,155.0,101.63439144845313,83.15000779827122,356.09460200918556
250.0,40.0,165.0,105.54170273334586,77.48281403706163,363.3482792418626
250.0,40.0,175.0,109.44901401823859,71.81562027585205,370.60195647453963
250.0,50.0,75.0,61.57306947687498,128.49100978161854,302.80966960765545
250.0,50.0,85.0,65.4803807617677,122.82381602040894,310.06334684033243
250.0,50.0,95.0,69.38769204666045,117.15662225919937,317.31702407300946
250.0,50.0,105.0,73.29500333155319,111.48942849798979,324.5707013056865
250.0,50.0,115.0,77.20231461644592,105.82223473678022,331.82437853836353
250.0,50.0,125.0,81.10962590133866,100.15504097557064,339.07805577104057
250.0,50.0,135.0,85.0169371862314,94.48784721436104,346.3317330037176
250.0,50.0,145.0,88.92424847112413,88.82065345315148,353.5854102363946
250.0,50.0,155.0,92.83155975601687,83.1534596919419,360.8390874690716
250.0,50.0,165.0,96.73887104090961,77.48626593073232,368.09276470174865
250.0,50.0,175.0,100.64618232580234,71.81907216952274,375.3464419344257
260.0,-50.0,75.0,152.29268213333194,136.69559898580525,260.3522015313211
260.0,-50.0,85.0,156.19999341822466,131.02840522459567,267.60587876399813
260.0,-50.0,95.0,160.10730470311742,125.36121146338607,274.8595559966751
260.0,-50.0,105.0,164.01461598801018,119.6940177021765,282.11323322935215
260.0,-50.0,115.0,167.9219272729029,114.02682394096692,289.3669104620292
260.0,-50.0,125.0,171.82923855779563,108.35963017975732,296.6205876947062
260.0,-50.0,135.0,175.73654984268836,102.69243641854777,303.87426492738325
260.0,-50.0,145.0,179.6438611275811,97.02524265733817,311.12794216006023
260.0,-50.0,155.0,183.55117241247387,91.35804889612858,318.38161939273726
260.0,-50.0,165.0,187.4584836973666,85.69085513491899,325.6352966254143
260.0,-50.0,175.0,191.36579498225933,80.02366137370942,332.88897385809133
260.0,-40.0,75.0,143.4898504408957,136.69905087947592,265.0966869912071
260.0,-40.0,85.0,147.39716172578844,131.03185711826634,272.3503642238842
260.0,-40.0,95.0,151.30447301068116,125.36466335705674,279.60404145656116
260.0,-40.0,105.0,155.21178429557392,119.69746959584717,286.8577186892382
260.0,-40.0,115.0,159.11909558046665,114.03027583463759,294.11139592191523
260.0,-40.0,125.0,163.02640686535938,108.36308207342799,301.3650731545922
260.0,-40.0,135.0,166.93371815025213,102.69588831221844,308.6187503872693
260.0,-40.0,145.0,170.84102943514486,97.02869455100884,315.8724276199463
260.0,-40.0,155.0,174.74834072003762,91.36150078979927,323.1261048526233
260.0,-40.0,165.0,178.65565200493035,85.69430702858968,330.37978208530035
260.0,-40.0,175.0,182.56296328982307,80.0271132673801,337.6334593179774
260.0,-30.0,75.0,134.68701874845945,136.7025027731466,269.84117245109314
260.0,-30.0,85.0,138.59433003335218,131.03530901193702,277.0948496837702
260.0,-30.0,95.0,142.5016413182449,125.36811525072741,284.3485269164472
260.0,-30.0,105.0,146.40895260313766,119.70092148951784,291.6022041491242
260.0,-30.0,115.0,150.3162638880304,114.03372772830826,298.8558813818013
260.0,-30.0,125.0,154.22357517292312,108.36653396709866,306.10955861447826
260.0,-30.0,135.0,158.13088645781588,102.69934020588911,313.3632358471553
260.0,-30.0,145.0,162.0381977427086,97.03214644467951,320.61691307983233
260.0,-30.0,155.0,165.94550902760136,91.36495268346994,327.8705903125093
260.0,-30.0,165.0,169.8528203124941,85.69775892226035,335.1242675451864
260.0,-30.0,175.0,173.76013159738682,80.03056516105077,342.3779447778634
260.0,-20.0,75.0,125.8841870560232,136.70595466681726,274.5856579109792
260.0,-20.0,85.0,129.79149834091592,131.0387609056077,281.83933514365617
260.0,-20.0,95.0,133.69880962580868,125.37156714439809,289.0930123763332
260.0,-20.0,105.0,137.6061209107014,119.70437338318851,296.34668960901024
260.0,-20.0,115.0,141.51343219559413,114.03717962197894,303.6003668416873
260.0,-20.0,125.0,145.42074348048686,108.36998586076933,310.8540440743643
260.0,-20.0,135.0,149.32805476537962,102.70279209955979,318.1077213070413
260.0,-20.0,145.0,153.23536605027235,97.03559833835018,325.3613985397183
260.0,-20.0,155.0,157.1426773351651,91.36840457714062,332.61507577239536
260.0,-20.0,165.0,161.04998862005783,85.70121081593103,339.8687530050724
260.0,-20.0,175.0,164.95729990495056,80.03401705472146,347.1224302377494
260.0,-10.0,75.0,117.08135536358694,136.70940656048796,279.3301433708652
260.0,-10.0,85.0,120.98866664847966,131.0422127992784,286.5838206035422
260.0,-10.0,95.0,124.89597793337241,125.37501903806879,293.8374978362192
260.0,-10.0,105.0,128.80328921826515,119.70782527685921,301.0911750688963
260.0,-10.0,115.0,132.71060050315788,114.04063151564964,308.34485230157327
260.0,-10.0,125.0,136.6179117880506,108.37343775444003,315.5985295342503
260.0,-10.0,135.0,140.52522307294336,102.70624399323049,322.85220676692734
260.0,-10.0,145.0,144.4325343578361,97.03905023202088,330.1058839996043
260.0,-10.0,155.0,148.33984564272885,91.3718564708113,337.3595612322814
260.0,-10.0,165.0,152.24715692762157,85.7046627096017,344.6132384649584
260.0,-10.0,175.0,156.1544682125143,80.03746894839213,351.8669156976355
260.0,0.0,75.0,108.27852367115068,136.71285845415863,284.0746288307512
260.0,0.0,85.0,112.18583495604341,131.04566469294906,291.3283060634283
260.0,0.0,95.0,116.09314624093615,125.37847093173946,298.58198329610525
260.0,0.0,105.0,120.00045752582889,119.71127717052988,305.8356605287823
260.0,0.0,115.0,123.90776881072162,114.04408340932031,313.0893377614593
260.0,0.0,125.0,127.81508009561436,108.3768896481107,320.3430149941363
260.0,0.0,135.0,131.7223913805071,102.70969588690116,327.5966922268134
260.0,0.0,145.0,135.62970266539983,97.04250212569156,334.85036945949037
260.0,0.0,155.0,139.5370139502926,91.37530836448198,342.1040466921674
260.0,0.0,165.0,143.44432523518532,85.70811460327239,349.35772392484444
260.0,0.0,175.0,147.35163652007805,80.04092084206282,356.61140115752147
260.0,10.0,75.0,99.47569197871442,136.7163103478293,288.81911429063723
260.0,10.0,85.0,103.38300326360715,131.04911658661973,296.07279152331427
260.0,10.0,95.0,107.2903145484999,125.38192282541013,303.3264687559913
260.0,10.0,105.0,111.19762583339264,119.71472906420055,310.5801459886683
260.0,10.0,115.0,115.10493711828536,114.04753530299098,317.83382322134537
260.0,10.0,125.0,119.0122484031781,108.38034154178138,325.08750045402235
260.0,10.0,135.0,122.91955968807085,102.71314778057183,332.3411776866994
260.0,10.0,145.0,126.82687097296358,97.04595401936223,339.5948549193764
260.0,10.0,155.0,130.73418225785633,91.37876025815267,346.8485321520534
260.0,10.0,165.0,134.64149354274906,85.71156649694308,354.1022093847305
260.0,10.0,175.0,138.5488048276418,80.0443727357335,361.3558866174075
260.0,20.0,75.0,90.67286028627817,136.7197622415,293.5635997505233
260.0,20.0,85.0,94.5801715711709,131.05256848029043,300.81727698320026
260.0,20.0,95.0,98.48748285606364,125.38537471908083,308.0709542158773
260.0,20.0,105.0,102.39479414095638,119.71818095787125,315.3246314485543
260.0,20.0,115.0,106.3021054258491,114.05098719666168,322.57830868123136
260.0,20.0,125.0,110.20941671074185,108.38379343545208,329.8319859139084
260.0,20.0,135.0,114.11672799563459,102.71659967424253,337.0856631465854
260.0,20.0,145.0,118.02403928052732,97.04940591303293,344.3393403792624
260.0,20.0,155.0,121.93135056542008,91.38221215182334,351.59301761193944
260.0,20.0,165.0,125.8386618503128,85.71501839061375,358.8466948446165
260.0,20.0,175.0,129.74597313520553,80.04782462940418,366.1003720772935
260.0,30.0,75.0,81.87002859384191,136.72321413517068,298.3080852104093
260.0,30.0,85.0,85.77733987873464,131.0560203739611,305.5617624430863
260.0,30.0,95.0,89.6846511636274,125.3888266127515,312.8154396757633
260.0,30.0,105.0,93.59196244852012,119.72163285154193,320.0691169084404
260.0,30.0,115.0,97.49927373341285,114.05443909033235,327.32279414111736
260.0,30.0,125.0,101.4065850183056,108.38724532912275,334.5764713737944
260.0,30.0,135.0,105.31389630319833,102.7200515679132,341.8301486064714
260.0,30.0,145.0,109.22120758809106,97.0528578067036,349.0838258391484
260.0,30.0,155.0,113.12851887298382,91.38566404549402,356.3375030718255
260.0,30.0,165.0,117.03583015787655,85.71847028428444,363.59118030450253
260.0,30.0,175.0,120.94314144276927,80.05127652307486,370.84485753717956
260.0,40.0,75.0,73.06719690140565,136.72666602884135,303.05257067029527
260.0,40.0,85.0,76.97450818629838,131.05947226763178,310.30624790297236
260.0,40.0,95.0,80.88181947119114,125.39227850642217,317.55992513564934
260.0,40.0,105.0,84.78913075608386,119.7250847452126,324.81360236832637
260.0,40.0,115.0,88.69644204097659,114.05789098400302,332.0672796010034
260.0,40.0,125.0,92.60375332586935,108.39069722279342,339.3209568336804
260.0,40.0,135.0,96.51106461076208,102.72350346158387,346.5746340663575
260.0,40.0,145.0,100.4183758956548,97.05630970037427,353.82831129903445
260.0,40.0,155.0,104.32568718054756,91.3891159391647,361.0819885317115
260.0,40.0,165.0,108.23299846544029,85.72192217795511,368.3356657643885
260.0,40.0,175.0,112.14030975033302,80.05472841674553,375.58934299706556
260.0,50.0,75.0,64.26436520896941,136.73011792251202,307.7970561301813
260.0,50.0,85.0,68.17167649386214,131.06292416130245,315.05073336285835
260.0,50.0,95.0,72.07898777875488,125.39573040009284,322.3044105955354
260.0,50.0,105.0,75.98629906364762,119.72853663888327,329.5580878282124
260.0,50.0,115.0,79.89361034854035,114.0613428776737,336.81176506088946
260.0,50.0,125.0,83.80092163343309,108.39414911646409,344.06544229356643
260.0,50.0,135.0,87.70823291832583,102.72695535525455,351.31911952624347
260.0,50.0,145.0,91.61554420321856,97.05976159404494,358.5727967589205
260.0,50.0,155.0,95.52285548811132,91.39256783283538,365.82647399159754
260.0,50.0,165.0,99.43016677300405,85.7253740716258,373.0801512242746
260.0,50.0,175.0,103.33747805789677,80.05818031041622,380.3338284569516
270.0,-50.0,75.0,154.98397786542637,144.93470712669875,265.33958805384697
270.0,-50.0,85.0,158.8912891503191,139.26751336548918,272.593265286524
270.0,-50.0,95.0,162.79860043521185,133.60031960427958,279.84694251920104
270.0,-50.0,105.0,166.7059117201046,127.93312584307,287.10061975187807
270.0,-50.0,115.0,170.61322300499734,122.26593208186043,294.35429698455505
270.0,-50.0,125.0,174.52053428989007,116.59873832065082,301.6079742172321
270.0,-50.0,135.0,178.4278455747828,110.93154455944128,308.8616514499091
270.0,-50.0,145.0,182.33515685967552,105.26435079823167,316.11532868258615
270.0,-50.0,155.0,186.2424681445683,99.5971570370221,323.3690059152632
270.0,-50.0,165.0,190.14977942946103,93.92996327581253,330.62268314794017
270.0,-50.0,175.0,194.05709071435376,88.26276951460292,337.8763603806172
270.0,-40.0,75.0,146.18114617299014,144.93815902036943,270.084073513733
270.0,-40.0,85.0,150.08845745788287,139.27096525915985,277.33775074641005
270.0,-40.0,95.0,153.9957687427756,133.60377149795025,284.5914279790871
270.0,-40.0,105.0,157.90308002766835,127.93657773674067,291.8451052117641
270.0,-40.0,115.0,161.81039131256108,122.2693839755311,299.0987824444411
270.0,-40.0,125.0,165.7177025974538,116.6021902143215,306.35245967711813
270.0,-40.0,135.0,169.62501388234656,110.93499645311195,313.60613690979517
270.0,-40.0,145.0,173.5323251672393,105.26780269190235,320.8598141424722
270.0,-40.0,155.0,177.43963645213205,99.60060893069277,328.11349137514924
270.0,-40.0,165.0,181.34694773702478,93.9334151694832,335.3671686078262
270.0,-40.0,175.0,185.2542590219175,88.26622140827361,342.62084584050325
270.0,-30.0,75.0,137.37831448055388,144.9416109140401,274.828558973619
270.0,-30.0,85.0,141.2856257654466,139.27441715283052,282.0822362062961
270.0,-30.0,95.0,145.19293705033934,133.60722339162092,289.3359134389731
270.0,-30.0,105.0,149.1002483352321,127.94002963041135,296.5895906716501
270.0,-30.0,115.0,153.00755962012482,122.27283586920177,303.84326790432715
270.0,-30.0,125.0,156.91487090501755,116.60564210799217,311.0969451370041
270.0,-30.0,135.0,160.8221821899103,110.93844834678262,318.3506223696812
270.0,-30.0,145.0,164.72949347480304,105.27125458557302,325.6042996023582
270.0,-30.0,155.0,168.6368047596958,99.60406082436344,332.85797683503523
270.0,-30.0,165.0,172.54411604458852,93.93686706315387,340.11165406771227
270.0,-30.0,175.0,176.45142732948125,88.26967330194428,347.36533130038924
270.0,-20.0,75.0,128.57548278811763,144.94506280771077,279.57304443350506
270.0,-20.0,85.0,132.48279407301035,139.2778690465012,286.8267216661821
270.0,-20.0,95.0,136.3901053579031,133.6106752852916,294.08039889885913
270.0,-20.0,105.0,140.29741664279584,127.94348152408202,301.3340761315361
270.0,-20.0,115.0,144.20472792768857,122.27628776287244,308.58775336421314
270.0,-20.0,125.0,148.1120392125813,116.60909400166284,315.8414305968902
270.0,-20.0,135.0,152.01935049747405,110.9419002404533,323.0951078295672
270.0,-20.0,145.0,155.92666178236678,105.27470647924369,330.34878506224425
270.0,-20.0,155.0,159.83397306725954,99.60751271803412,337.6024622949212
270.0,-20.0,165.0,163.74128435215226,93.94031895682454,344.85613952759826
270.0,-20.0,175.0,167.648595637045,88.27312519561497,352.1098167602753
270.0,-10.0,75.0,119.77265109568137,144.94851470138147,284.3175298933911
270.0,-10.0,85.0,123.6799623805741,139.2813209401719,291.5712071260681
270.0,-10.0,95.0,127.58727366546684,133.6141271789623,298.8248843587452
270.0,-10.0,105.0,131.49458495035958,127.94693341775272,306.07856159142216
270.0,-10.0,115.0,135.4018962352523,122.27973965654314,313.33223882409914
270.0,-10.0,125.0,139.30920752014504,116.61254589533354,320.5859160567762
270.0,-10.0,135.0,143.2165188050378,110.945352134124,327.8395932894532
270.0,-10.0,145.0,147.12383008993052,105.27815837291439,335.0932705221303
270.0,-10.0,155.0,151.03114137482328,99.61096461170482,342.3469477548073
270.0,-10.0,165.0,154.938452659716,93.94377085049524,349.60062498748425
270.0,-10.0,175.0,158.84576394460873,88.27657708928564,356.8543022201613
270.0,0.0,75.0,110.96981940324511,144.95196659505214,289.0620153532771
270.0,0.0,85.0,114.87713068813784,139.28477283384257,296.31569258595414
270.0,0.0,95.0,118.78444197303058,133.61757907263296,303.5693698186312
270.0,0.0,105.0,122.69175325792332,127.95038531142339,310.8230470513082
270.0,0.0,115.0,126.59906454281605,122.28319155021381,318.0767242839852
270.0,0.0,125.0,130.50637582770878,116.61599778900421,325.3304015166622
270.0,0.0,135.0,134.41368711260154,110.94880402779467,332.58407874933926
270.0,0.0,145.0,138.32099839749426,105.28161026658506,339.8377559820163
270.0,0.0,155.0,142.22830968238702,99.61441650537549,347.0914332146933
270.0,0.0,165.0,146.13562096727975,93.94722274416591,354.3451104473703
270.0,0.0,175.0,150.04293225217248,88.28002898295632,361.59878768004734
270.0,10.0,75.0,102.16698771080885,144.9554184887228,293.8065008131631
270.0,10.0,85.0,106.07429899570158,139.28822472751324,301.0601780458402
270.0,10.0,95.0,109.98161028059432,133.62103096630364,308.31385527851717
270.0,10.0,105.0,113.88892156548707,127.95383720509406,315.5675325111942
270.0,10.0,115.0,117.7962328503798,122.28664344388449,322.82120974387124
270.0,10.0,125.0,121.70354413527254,116.61944968267488,330.0748869765482
270.0,10.0,135.0,125.61085542016528,110.95225592146534,337.3285642092253
270.0,10.0,145.0,129.518166705058,105.28506216025573,344.5822414419023
270.0,10.0,155.0,133.42547798995076,99.61786839904616,351.8359186745793
270.0,10.0,165.0,137.3327892748435,93.95067463783658,359.08959590725635
270.0,10.0,175.0,141.24010055973622,88.28348087662701,366.3432731399334
270.0,20.0,75.0,93.3641560183726,144.9588703823935,298.55098627304915
270.0,20.0,85.0,97.27146730326533,139.29167662118394,305.8046635057262
270.0,20.0,95.0,101.17877858815807,133.62448285997434,313.0583407384032
270.0,20.0,105.0,105.08608987305081,127.95728909876476,320.3120179710802
270.0,20.0,115.0,108.99340115794354,122.29009533755519,327.56569520375723
270.0,20.0,125.0,112.90071244283628,116.62290157634558,334.81937243643426
270.0,20.0,135.0,116.80802372772902,110.95570781513604,342.0730496691113
270.0,20.0,145.0,120.71533501262175,105.28851405392643,349.32672690178833
270.0,20.0,155.0,124.6226462975145,99.62132029271686,356.58040413446537
270.0,20.0,165.0,128.52995758240723,93.95412653150728,363.83408136714235
270.0,20.0,175.0,132.43726886729996,88.28693277029768,371.0877585998194
270.0,30.0,75.0,84.56132432593634,144.96232227606419,303.2954717329352
270.0,30.0,85.0,88.46863561082907,139.2951285148546,310.5491489656122
270.0,30.0,95.0,92.37594689572182,133.627934753645,317.80282619828927
270.0,30.0,105.0,96.28325818061455,127.96074099243543,325.05650343096625
270.0,30.0,115.0,100.19056946550728,122.29354723122586,332.3101806636432
270.0,30.0,125.0,104.09788075040004,116.62635347001626,339.5638578963203
270.0,30.0,135.0,108.00519203529277,110.95915970880671,346.8175351289973
270.0,30.0,145.0,111.9125033201855,105.2919659475971,354.0712123616744
270.0,30.0,155.0,115.81981460507825,99.62477218638753,361.32488959435136
270.0,30.0,165.0,119.72712588997098,93.95757842517796,368.5785668270284
270.0,30.0,175.0,123.6344371748637,88.29038466396837,375.83224405970543
270.0,40.0,75.0,75.75849263350008,144.96577416973486,308.0399571928212
270.0,40.0,85.0,79.66580391839281,139.29858040852528,315.2936344254982
270.0,40.0,95.0,83.57311520328557,133.63138664731568,322.54731165817526
270.0,40.0,105.0,87.4804264881783,127.9641928861061,329.8009888908523
270.0,40.0,115.0,91.38773777307102,122.29699912489653,337.0546661235293
270.0,40.0,125.0,95.29504905796378,116.62980536368693,344.3083433562063
270.0,40.0,135.0,99.20236034285651,110.96261160247738,351.56202058888334
270.0,40.0,145.0,103.10967162774924,105.29541784126778,358.8156978215604
270.0,40.0,155.0,107.01698291264199,99.6282240800582,366.0693750542374
270.0,40.0,165.0,110.92429419753472,93.96103031884863,373.3230522869144
270.0,40.0,175.0,114.83160548242745,88.29383655763904,380.5767295195914
270.0,50.0,75.0,66.95566094106384,144.96922606340553,312.78444265270724
270.0,50.0,85.0,70.86297222595657,139.30203230219595,320.0381198853843
270.0,50.0,95.0,74.77028351084931,133.63483854098635,327.2917971180613
270.0,50.0,105.0,78.67759479574205,127.96764477977678,334.5454743507383
270.0,50.0,115.0,82.58490608063478,122.3004510185672,341.7991515834153
270.0,50.0,125.0,86.49221736552752,116.6332572573576,349.05282881609236
270.0,50.0,135.0,90.39952865042027,110.96606349614805,356.3065060487694
270.0,50.0,145.0,94.306839935313,105.29886973493845,363.5601832814464
270.0,50.0,155.0,98.21415122020575,99.63167597372887,370.8138605141234
270.0,50.0,165.0,102.12146250509848,93.9644822125193,378.06753774680044
270.0,50.0,175.0,106.0287737899912,88.29728845130973,385.3212149794775
280.0,-50.0,75.0,157.6752735975208,153.17381526759223,270.3269745763729
280.0,-50.0,85.0,161.58258488241353,147.50662150638263,277.5806518090499
280.0,-50.0,95.0,165.48989616730626,141.83942774517305,284.83432904172696
280.0,-50.0,105.0,169.39720745219898,136.17223398396348,292.088006274404
280.0,-50.0,115.0,173.30451873709177,130.5050402227539,299.341683507081
280.0,-50.0,125.0,177.2118300219845,124.83784646154433,306.595360739758
280.0,-50.0,135.0,181.11914130687722,119.17065270033473,313.84903797243504
280.0,-50.0,145.0,185.02645259176995,113.50345893912515,321.1027152051121
280.0,-50.0,155.0,188.93376387666268,107.83626517791558,328.3563924377891
280.0,-50.0,165.0,192.84107516155547,102.16907141670598,335.6100696704661
280.0,-50.0,175.0,196.7483864464482,96.50187765549643,342.8637469031431
280.0,-40.0,75.0,148.87244190508454,153.1772671612629,275.07146003625894
280.0,-40.0,85.0,152.7797531899773,147.5100734000533,282.325137268936
280.0,-40.0,95.0,156.68706447487003,141.84287963884373,289.578814501613
280.0,-40.0,105.0,160.59437575976276,136.17568587763415,296.83249173429
280.0,-40.0,115.0,164.5016870446555,130.50849211642458,304.086168966967
280.0,-40.0,125.0,168.40899832954824,124.841298355215,311.33984619964406
280.0,-40.0,135.0,172.31630961444097,119.1741045940054,318.5935234323211
280.0,-40.0,145.0,176.22362089933372,113.50691083279582,325.8472006649981
280.0,-40.0,155.0,180.13093218422645,107.83971707158625,333.1008778976751
280.0,-40.0,165.0,184.0382434691192,102.17252331037665,340.35455513035214
280.0,-40.0,175.0,187.94555475401194,96.5053295491671,347.6082323630292
280.0,-30.0,75.0,140.06961021264829,153.18071905493358,279.815945496145
280.0,-30.0,85.0,143.97692149754104,147.51352529372397,287.06962272882197
280.0,-30.0,95.0,147.88423278243377,141.8463315325144,294.32329996149906
280.0,-30.0,105.0,151.7915440673265,136.17913777130482,301.57697719417604
280.0,-30.0,115.0,155.69885535221925,130.51194401009525,308.830654426853
280.0,-30.0,125.0,159.60616663711198,124.84475024888567,316.0843316595301
280.0,-30.0,135.0,163.5134779220047,119.17755648767607,323.3380088922071
280.0,-30.0,145.0,167.42078920689747,113.5103627264665,330.5916861248842
280.0,-30.0,155.0,171.3281004917902,107.84316896525692,337.84536335756115
280.0,-30.0,165.0,175.23541177668295,102.17597520404732,345.09904059023813
280.0,-30.0,175.0,179.14272306157568,96.50878144283777,352.3527178229152
280.0,-20.0,75.0,131.26677852021203,153.18417094860425,284.560430956031
280.0,-20.0,85.0,135.17408980510479,147.51697718739464,291.814108188708
280.0,-20.0,95.0,139.0814010899975,141.84978342618507,299.06778542138505
280.0,-20.0,105.0,142.98871237489024,136.1825896649755,306.3214626540621
280.0,-20.0,115.0,146.896023659783,130.51539590376592,313.57513988673907
280.0,-20.0,125.0,150.80333494467573,124.84820214255635,320.8288171194161
280.0,-20.0,135.0,154.71064622956845,119.18100838134674,328.08249435209314
280.0,-20.0,145.0,158.6179575144612,113.51381462013717,335.33617158477017
280.0,-20.0,155.0,162.52526879935394,107.8466208589276,342.5898488174472
280.0,-20.0,165.0,166.4325800842467,102.17942709771799,349.8435260501242
280.0,-20.0,175.0,170.33989136913942,96.51223333650844,357.0972032828012
280.0,-10.0,75.0,122.46394682777579,153.18762284227495,289.304916415917
280.0,-10.0,85.0,126.37125811266853,147.52042908106534,296.55859364859407
280.0,-10.0,95.0,130.27856939756126,141.85323531985577,303.81227088127105
280.0,-10.0,105.0,134.18588068245398,136.1860415586462,311.0659481139481
280.0,-10.0,115.0,138.09319196734674,130.51884779743662,318.3196253466251
280.0,-10.0,125.0,142.00050325223947,124.85165403622705,325.5733025793021
280.0,-10.0,135.0,145.9078145371322,119.18446027501744,332.8269798119792
280.0,-10.0,145.0,149.81512582202495,113.51726651380787,340.08065704465616
280.0,-10.0,155.0,153.72243710691768,107.8500727525983,347.3343342773332
280.0,-10.0,165.0,157.62974839181044,102.18287899138869,354.58801151001023
280.0,-10.0,175.0,161.53705967670317,96.51568523017914,361.8416887426872
280.0,0.0,75.0,113.66111513533953,153.19107473594562,294.049401875803
280.0,0.0,85.0,117.56842642023227,147.52388097473602,301.30307910848006
280.0,0.0,95.0,121.475737705125,141.85668721352644,308.5567563411571
280.0,0.0,105.0,125.38304899001773,136.18949345231687,315.8104335738341
280.0,0.0,115.0,129.29036027491048,130.5222996911073,323.0641108065111
280.0,0.0,125.0,133.1976715598032,124.85510592989772,330.31778803918814
280.0,0.0,135.0,137.10498284469594,119.18791216868811,337.5714652718652
280.0,0.0,145.0,141.0122941295887,113.52071840747854,344.8251425045422
280.0,0.0,155.0,144.91960541448142,107.85352464626897,352.0788197372192
280.0,0.0,165.0,148.82691669937418,102.18633088505936,359.3324969698962
280.0,0.0,175.0,152.7342279842669,96.51913712384982,366.58617420257326
280.0,10.0,75.0,104.85828344290327,153.1945266296163,298.7938873356891
280.0,10.0,85.0,108.76559472779601,147.5273328684067,306.04756456836606
280.0,10.0,95.0,112.67290601268874,141.8601391071971,313.30124180104315
280.0,10.0,105.0,116.58021729758147,136.19294534598754,320.5549190337201
280.0,10.0,115.0,120.48752858247423,130.52575158477796,327.8085962663971
280.0,10.0,125.0,124.39483986736695,124.85855782356839,335.0622734990742
280.0,10.0,135.0,128.30215115225968,119.19136406235879,342.3159507317512
280.0,10.0,145.0,132.20946243715244,113.52417030114921,349.56962796442826
280.0,10.0,155.0,136.11677372204517,107.85697653993964,356.82330519710524
280.0,10.0,165.0,140.02408500693792,102.18978277873003,364.0769824297823
280.0,10.0,175.0,143.93139629183065,96.52258901752049,371.3306596624593
280.0,20.0,75.0,96.05545175046701,153.197978523287,303.53837279557507
280.0,20.0,85.0,99.96276303535976,147.5307847620774,310.7920500282521
280.0,20.0,95.0,103.87007432025248,141.8635910008678,318.04572726092914
280.0,20.0,105.0,107.77738560514521,136.19639723965824,325.2994044936062
280.0,20.0,115.0,111.68469689003797,130.52920347844866,332.55308172628315
280.0,20.0,125.0,115.5920081749307,124.86200971723909,339.8067589589602
280.0,20.0,135.0,119.49931945982343,119.19481595602949,347.0604361916372
280.0,20.0,145.0,123.40663074471618,113.52762219481991,354.31411342431426
280.0,20.0,155.0,127.31394202960891,107.86042843361034,361.5677906569913
280.0,20.0,165.0,131.22125331450167,102.19323467240073,368.82146788966827
280.0,20.0,175.0,135.1285645993944,96.52604091119119,376.0751451223453
280.0,30.0,75.0,87.25262005803077,153.20143041695766,308.28285825546106
280.0,30.0,85.0,91.1599313429235,147.53423665574806,315.53653548813816
280.0,30.0,95.0,95.06724262781623,141.86704289453849,322.79021272081513
280.0,30.0,105.0,98.97455391270896,136.1998491333289,330.04388995349217
280.0,30.0,115.0,102.88186519760171,130.53265537211934,337.2975671861692
280.0,30.0,125.0,106.78917648249444,124.86546161090976,344.5512444188462
280.0,30.0,135.0,110.69648776738717,119.19826784970016,351.8049216515233
280.0,30.0,145.0,114.60379905227992,113.53107408849058,359.0585988842003
280.0,30.0,155.0,118.51111033717265,107.86388032728101,366.3122761168773
280.0,30.0,165.0,122.41842162206541,102.1966865660714,373.5659533495543
280.0,30.0,175.0,126.32573290695814,96.52949280486186,380.81963058223135
280.0,40.0,75.0,78.44978836559451,153.20488231062834,313.0273437153471
280.0,40.0,85.0,82.35709965048724,147.53768854941873,320.28102094802415
280.0,40.0,95.0,86.26441093537997,141.87049478820916,327.5346981807012
280.0,40.0,105.0,90.1717222202727,136.20330102699958,334.78837541337816
280.0,40.0,115.0,94.07903350516546,130.53610726579,342.0420526460552
280.0,40.0,125.0,97.98634479005818,124.86891350458043,349.29572987873223
280.0,40.0,135.0,101.89365607495091,119.20171974337083,356.54940711140927
280.0,40.0,145.0,105.80096735984367,113.53452598216126,363.8030843440863
280.0,40.0,155.0,109.7082786447364,107.86733222095168,371.05676157676334
280.0,40.0,165.0,113.61558992962915,102.20013845974208,378.3104388094403
280.0,40.0,175.0,117.52290121452188,96.53294469853253,385.56411604211735
280.0,50.0,75.0,69.64695667315826,153.208334204299,317.77182917523317
280.0,50.0,85.0,73.554267958051,147.5411404430894,325.0255064079102
280.0,50.0,95.0,77.46157924294373,141.87394668187983,332.27918364058723
280.0,50.0,105.0,81.36889052783646,136.20675292067025,339.5328608732642
280.0,50.0,115.0,85.27620181272921,130.53955915946068,346.78653810594125
280.0,50.0,125.0,89.18351309762194,124.8723653982511,354.0402153386183
280.0,50.0,135.0,93.09082438251467,119.2051716370415,361.2938925712953
280.0,50.0,145.0,96.99813566740742,113.53797787583193,368.54756980397235
280.0,50.0,155.0,100.90544695230015,107.87078411462235,375.80124703664933
280.0,50.0,165.0,104.81275823719291,102.20359035341275,383.05492426932636
280.0,50.0,175.0,108.72006952208564,96.5363965922032,390.3086015020034
290.0,-50.0,75.0,160.36656932961523,161.4129234084857,275.3143610988988
290.0,-50.0,85.0,164.27388061450796,155.74572964727614,282.56803833157585
290.0,-50.0,95.0,168.1811918994007,150.07853588606653,289.8217155642528
290.0,-50.0,105.0,172.08850318429342,144.41134212485696,297.07539279692986
290.0,-50.0,115.0,175.9958144691862,138.74414836364738,304.3290700296069
290.0,-50.0,125.0,179.90312575407893,133.07695460243778,311.58274726228393
290.0,-50.0,135.0,183.81043703897166,127.40976084122823,318.83642449496097
290.0,-50.0,145.0,187.71774832386438,121.74256708001863,326.09010172763794
290.0,-50.0,155.0,191.6250596087571,116.07537331880906,333.343778960315
290.0,-50.0,165.0,195.5323708936499,110.40817955759948,340.597456192992
290.0,-50.0,175.0,199.43968217854263,104.74098579638988,347.85113342566905
290.0,-40.0,75.0,151.56373763717897,161.41637530215638,280.0588465587848
290.0,-40.0,85.0,155.47104892207173,155.7491815409468,287.3125237914619
290.0,-40.0,95.0,159.37836020696446,150.0819877797372,294.5662010241389
290.0,-40.0,105.0,163.2856714918572,144.41479401852763,301.8198782568159
290.0,-40.0,115.0,167.19298277674994,138.74760025731806,309.07355548949295
290.0,-40.0,125.0,171.10029406164267,133.08040649610845,316.3272327221699
290.0,-40.0,135.0,175.0076053465354,127.4132127348989,323.580909954847
290.0,-40.0,145.0,178.91491663142816,121.7460189736893,330.834587187524
290.0,-40.0,155.0,182.82222791632088,116.07882521247973,338.088264420201
290.0,-40.0,165.0,186.72953920121364,110.41163145127015,345.34194165287806
290.0,-40.0,175.0,190.63685048610637,104.74443769006055,352.5956188855551
290.0,-30.0,75.0,142.76090594474272,161.41982719582705,284.80333201867086
290.0,-30.0,85.0,146.66821722963547,155.75263343461748,292.0570092513479
290.0,-30.0,95.0,150.5755285145282,150.08543967340788,299.3106864840249
290.0,-30.0,105.0,154.48283979942093,144.4182459121983,306.5643637167019
290.0,-30.0,115.0,158.3901510843137,138.75105215098873,313.818040949379
290.0,-30.0,125.0,162.29746236920641,133.08385838977912,321.071718182056
290.0,-30.0,135.0,166.20477365409914,127.41666462856958,328.325395414733
290.0,-30.0,145.0,170.1120849389919,121.74947086735997,335.57907264741004
290.0,-30.0,155.0,174.01939622388463,116.0822771061504,342.832749880087
290.0,-30.0,165.0,177.92670750877738,110.41508334494083,350.0864271127641
290.0,-30.0,175.0,181.8340187936701,104.74788958373122,357.3401043454411
290.0,-20.0,75.0,133.95807425230646,161.42327908949773,289.5478174785569
290.0,-20.0,85.0,137.86538553719922,155.75608532828815,296.8014947112339
290.0,-20.0,95.0,141.77269682209194,150.08889156707855,304.0551719439109
290.0,-20.0,105.0,145.68000810698467,144.42169780586897,311.30884917658796
290.0,-20.0,115.0,149.58731939187743,138.7545040446594,318.562526409265
290.0,-20.0,125.0,153.49463067677016,133.0873102834498,325.816203641942
290.0,-20.0,135.0,157.40194196166289,127.42011652224025,333.069880874619
290.0,-20.0,145.0,161.30925324655564,121.75292276103065,340.32355810729604
290.0,-20.0,155.0,165.21656453144837,116.08572899982107,347.5772353399731
290.0,-20.0,165.0,169.12387581634113,110.4185352386115,354.8309125726501
290.0,-20.0,175.0,173.03118710123385,104.7513414774019,362.08458980532714
290.0,-10.0,75.0,125.15524255987022,161.42673098316843,294.2923029384429
290.0,-10.0,85.0,129.06255384476296,155.75953722195885,301.54598017111994
290.0,-10.0,95.0,132.9698651296557,150.09234346074925,308.7996574037969
290.0,-10.0,105.0,136.87717641454842,144.42514969953967,316.053334636474
290.0,-10.0,115.0,140.78448769944117,138.7579559383301,323.307011869151
290.0,-10.0,125.0,144.6917989843339,133.0907621771205,330.560689101828
290.0,-10.0,135.0,148.59911026922663,127.42356841591095,337.81436633450505
290.0,-10.0,145.0,152.50642155411938,121.75637465470135,345.06804356718203
290.0,-10.0,155.0,156.4137328390121,116.08918089349177,352.3217207998591
290.0,-10.0,165.0,160.32104412390487,110.4219871322822,359.5753980325361
290.0,-10.0,175.0,164.2283554087976,104.7547933710726,366.82907526521313
290.0,0.0,75.0,116.35241086743396,161.4301828768391,299.0367883983289
290.0,0.0,85.0,120.2597221523267,155.76298911562952,306.290465631006
290.0,0.0,95.0,124.16703343721943,150.09579535441992,313.54414286368296
290.0,0.0,105.0,128.07434472211216,144.42860159321035,320.79782009636
290.0,0.0,115.0,131.98165600700491,138.76140783200077,328.05149732903703
290.0,0.0,125.0,135.88896729189764,133.09421407079117,335.305174561714
290.0,0.0,135.0,139.79627857679037,127.42702030958162,342.5588517943911
290.0,0.0,145.0,143.70358986168313,121.75982654837202,349.8125290270681
290.0,0.0,155.0,147.61090114657586,116.09263278716244,357.0662062597451
290.0,0.0,165.0,151.5182124314686,110.42543902595287,364.31988349242215
290.0,0.0,175.0,155.42552371636134,104.75824526474327,371.5735607250992
290.0,10.0,75.0,107.5495791749977,161.43363477050977,303.78127385821494
290.0,10.0,85.0,111.45689045989045,155.7664410093002,311.034951090892
290.0,10.0,95.0,115.36420174478317,150.0992472480906,318.288628323569
290.0,10.0,105.0,119.2715130296759,144.43205348688102,325.542305556246
290.0,10.0,115.0,123.17882431456866,138.76485972567144,332.7959827889231
290.0,10.0,125.0,127.08613559946139,133.09766596446184,340.04966002160006
290.0,10.0,135.0,130.9934468843541,127.4304722032523,347.3033372542771
290.0,10.0,145.0,134.90075816924687,121.76327844204269,354.55701448695413
290.0,10.0,155.0,138.8080694541396,116.09608468083312,361.81069171963117
290.0,10.0,165.0,142.71538073903235,110.42889091962354,369.0643689523082
290.0,10.0,175.0,146.62269202392508,104.76169715841394,376.31804618498523
290.0,20.0,75.0,98.74674748256145,161.43708666418047,308.525759318101
290.0,20.0,85.0,102.65405876745419,155.7698929029709,315.779436550778
290.0,20.0,95.0,106.56137005234692,150.1026991417613,323.033113783455
290.0,20.0,105.0,110.46868133723964,144.43550538055172,330.28679101613204
290.0,20.0,115.0,114.3759926221324,138.76831161934214,337.5404682488091
290.0,20.0,125.0,118.28330390702513,133.10111785813254,344.7941454814861
290.0,20.0,135.0,122.19061519191786,127.433924096923,352.0478227141631
290.0,20.0,145.0,126.09792647681061,121.76673033571339,359.3014999468401
290.0,20.0,155.0,130.00523776170334,116.09953657450382,366.55517717951716
290.0,20.0,165.0,133.9125490465961,110.43234281329424,373.8088544121942
290.0,20.0,175.0,137.81986033148883,104.76514905208464,381.0625316448712
290.0,30.0,75.0,89.9439157901252,161.44053855785114,313.270244777987
290.0,30.0,85.0,93.85122707501793,155.77334479664157,320.523922010664
290.0,30.0,95.0,97.75853835991066,150.10615103543196,327.777599243341
290.0,30.0,105.0,101.66584964480339,144.4389572742224,335.0312764760181
290.0,30.0,115.0,105.57316092969614,138.77176351301281,342.28495370869507
290.0,30.0,125.0,109.48047221458887,133.1045697518032,349.5386309413721
290.0,30.0,135.0,113.3877834994816,127.43737599059367,356.79230817404914
290.0,30.0,145.0,117.29509478437436,121.77018222938406,364.0459854067262
290.0,30.0,155.0,121.20240606926708,116.10298846817449,371.2996626394032
290.0,30.0,165.0,125.10971735415984,110.43579470696491,378.55333987208024
290.0,30.0,175.0,129.01702863905257,104.76860094575531,385.8070171047573
290.0,40.0,75.0,81.14108409768895,161.4439904515218,318.014730237873
290.0,40.0,85.0,85.04839538258167,155.77679669031224,325.2684074705501
290.0,40.0,95.0,88.9557066674744,150.10960292910264,332.52208470322705
290.0,40.0,105.0,92.86301795236713,144.44240916789306,339.7757619359041
290.0,40.0,115.0,96.77032923725989,138.7752154066835,347.0294391685811
290.0,40.0,125.0,100.67764052215261,133.10802164547388,354.2831164012581
290.0,40.0,135.0,104.58495180704534,127.44082788426434,361.5367936339352
290.0,40.0,145.0,108.4922630919381,121.77363412305473,368.79047086661217
290.0,40.0,155.0,112.39957437683083,116.10644036184516,376.0441480992892
290.0,40.0,165.0,116.30688566172358,110.43924660063558,383.29782533196624
290.0,40.0,175.0,120.21419694661631,104.77205283942598,390.5515025646433
290.0,50.0,75.0,72.33825240525269,161.44744234519248,322.75921569775903
290.0,50.0,85.0,76.24556369014543,155.7802485839829,330.01289293043607
290.0,50.0,95.0,80.15287497503816,150.1130548227733,337.2665701631131
290.0,50.0,105.0,84.06018625993089,144.44586106156373,344.52024739579014
290.0,50.0,115.0,87.96749754482364,138.77866730035416,351.77392462846717
290.0,50.0,125.0,91.87480882971637,133.11147353914455,359.02760186114415
290.0,50.0,135.0,95.7821201146091,127.44427977793501,366.2812790938212
290.0,50.0,145.0,99.68943139950186,121.7770860167254,373.5349563264982
290.0,50.0,155.0,103.59674268439458,116.10989225551583,380.78863355917525
290.0,50.0,165.0,107.50405396928734,110.44269849430626,388.0423107918523
290.0,50.0,175.0,111.41136525418007,104.77550473309665,395.2959880245293
300.0,-50.0,75.0,163.05786506170966,169.6520315493792,280.3017476214247
300.0,-50.0,85.0,166.9651763466024,163.98483778816959,287.5554248541017
300.0,-50.0,95.0,170.87248763149512,158.31764402696,294.80910208677875
300.0,-50.0,105.0,174.77979891638785,152.65045026575044,302.0627793194558
300.0,-50.0,115.0,178.68711020128063,146.98325650454086,309.31645655213276
300.0,-50.0,125.0,182.59442148617336,141.3160627433313,316.5701337848098
300.0,-50.0,135.0,186.5017327710661,135.64886898212168,323.82381101748683
300.0,-50.0,145.0,190.40904405595882,129.9816752209121,331.07748825016387
300.0,-50.0,155.0,194.31635534085154,124.31448145970253,338.3311654828409
300.0,-50.0,165.0,198.22366662574433,118.64728769849293,345.5848427155179
300.0,-50.0,175.0,202.13097791063706,112.98009393728339,352.8385199481949
300.0,-40.0,75.0,154.2550333692734,169.65548344304986,285.04623308131073
300.0,-40.0,85.0,158.16234465416616,163.98828968184026,292.29991031398777
300.0,-40.0,95.0,162.0696559390589,158.32109592063068,299.5535875466648
300.0,-40.0,105.0,165.97696722395162,152.6539021594211,306.80726477934184
300.0,-40.0,115.0,169.88427850884437,146.98670839821153,314.0609420120188
300.0,-40.0,125.0,173.7915897937371,141.31951463700196,321.31461924469585
300.0,-40.0,135.0,177.69890107862983,135.65232087579236,328.5682964773729
300.0,-40.0,145.0,181.6062123635226,129.98512711458278,335.8219737100499
300.0,-40.0,155.0,185.51352364841532,124.3179333533732,343.07565094272695
300.0,-40.0,165.0,189.42083493330807,118.6507395921636,350.32932817540393
300.0,-40.0,175.0,193.3281462182008,112.98354583095406,357.58300540808096
300.0,-30.0,75.0,145.45220167683715,169.65893533672053,289.7907185411967
300.0,-30.0,85.0,149.3595129617299,163.99174157551093,297.0443957738738
300.0,-30.0,95.0,153.26682424662263,158.32454781430135,304.2980730065508
300.0,-30.0,105.0,157.17413553151536,152.65735405309178,311.55175023922783
300.0,-30.0,115.0,161.08144681640812,146.9901602918822,318.80542747190486
300.0,-30.0,125.0,164.98875810130085,141.32296653067263,326.05910470458184
300.0,-30.0,135.0,168.89606938619357,135.65577276946303,333.31278193725893
300.0,-30.0,145.0,172.80338067108633,129.98857900825345,340.5664591699359
300.0,-30.0,155.0,176.71069195597906,124.32138524704388,347.820136402613
300.0,-30.0,165.0,180.61800324087181,118.65419148583427,355.07381363529
300.0,-30.0,175.0,184.52531452576454,112.98699772462473,362.32749086796696
300.0,-20.0,75.0,136.6493699844009,169.6623872303912,294.5352040010828
300.0,-20.0,85.0,140.55668126929365,163.9951934691816,301.7888812337598
300.0,-20.0,95.0,144.46399255418638,158.32799970797203,309.04255846643684
300.0,-20.0,105.0,148.3713038390791,152.66080594676245,316.2962356991138
300.0,-20.0,115.0,152.27861512397186,146.99361218555288,323.54991293179086
300.0,-20.0,125.0,156.1859264088646,141.3264184243433,330.8035901644679
300.0,-20.0,135.0,160.09323769375732,135.6592246631337,338.0572673971449
300.0,-20.0,145.0,164.00054897865007,129.99203090192412,345.31094462982196
300.0,-20.0,155.0,167.9078602635428,124.32483714071455,352.564621862499
300.0,-20.0,165.0,171.81517154843556,118.65764337950495,359.818299095176
300.0,-20.0,175.0,175.72248283332829,112.9904496182954,367.071976327853
300.0,-10.0,75.0,127.84653829196465,169.6658391240619,299.2796894609688
300.0,-10.0,85.0,131.7538495768574,163.9986453628523,306.5333666936458
300.0,-10.0,95.0,135.66116086175012,158.33145160164273,313.7870439263229
300.0,-10.0,105.0,139.56847214664285,152.66425784043315,321.0407211589999
300.0,-10.0,115.0,143.4757834315356,146.99706407922358,328.29439839167685
300.0,-10.0,125.0,147.38309471642833,141.329870318014,335.54807562435394
300.0,-10.0,135.0,151.29040600132106,135.6626765568044,342.8017528570309
300.0,-10.0,145.0,155.19771728621382,129.99548279559482,350.055430089708
300.0,-10.0,155.0,159.10502857110654,124.32828903438525,357.309107322385
300.0,-10.0,165.0,163.0123398559993,118.66109527317565,364.56278455506197
300.0,-10.0,175.0,166.91965114089203,112.9939015119661,371.816461787739
300.0,0.0,75.0,119.04370659952839,169.66929101773258,304.0241749208548
300.0,0.0,85.0,122.95101788442113,164.00209725652297,311.27785215353185
300.0,0.0,95.0,126.85832916931386,158.3349034953134,318.5315293862089
300.0,0.0,105.0,130.7656404542066,152.66770973410382,325.7852066188859
300.0,0.0,115.0,134.67295173909935,147.00051597289425,333.0388838515629
300.0,0.0,125.0,138.58026302399207,141.33332221168467,340.29256108423994
300.0,0.0,135.0,142.4875743088848,135.66612845047507,347.54623831691697
300.0,0.0,145.0,146.39488559377756,129.9989346892655,354.799915549594
300.0,0.0,155.0,150.3021968786703,124.33174092805592,362.05359278227104
300.0,0.0,165.0,154.20950816356304,118.66454716684632,369.307270014948
300.0,0.0,175.0,158.11681944845577,112.99735340563677,376.56094724762505
300.0,10.0,75.0,110.24087490709213,169.67274291140325,308.7686603807408
300.0,10.0,85.0,114.14818619198488,164.00554915019364,316.0223376134179
300.0,10.0,95.0,118.0554974768776,158.33835538898407,323.2760148460949
300.0,10.0,105.0,121.96280876177033,152.6711616277745,330.5296920787719
300.0,10.0,115.0,125.87012004666309,147.00396786656492,337.78336931144895
300.0,10.0,125.0,129.77743133155582,141.33677410535535,345.03704654412593
300.0,10.0,135.0,133.68474261644855,135.66958034414574,352.290723776803
300.0,10.0,145.0,137.5920539013413,130.00238658293617,359.54440100948005
300.0,10.0,155.0,141.49936518623403,124.3351928217266,366.7980782421571
300.0,10.0,165.0,145.4066764711268,118.66799906051699,374.05175547483407
300.0,10.0,175.0,149.31398775601951,113.00080529930744,381.3054327075111
300.0,20.0,75.0,101.43804321465588,169.67619480507395,313.51314584062686
300.0,20.0,85.0,105.34535449954862,164.00900104386434,320.7668230733039
300.0,20.0,95.0,109.25266578444135,158.34180728265477,328.02050030598093
300.0,20.0,105.0,113.15997706933408,152.6746135214452,335.2741775386579
300.0,20.0,115.0,117.06728835422683,147.00741976023562,342.52785477133494
300.0,20.0,125.0,120.97459963911956,141.34022599902605,349.781532004012
300.0,20.0,135.0,124.88191092401229,135.67303223781644,357.035209236689
300.0,20.0,145.0,128.78922220890504,130.00583847660687,364.28888646936605
300.0,20.0,155.0,132.69653349379777,124.3386447153973,371.5425637020431
300.0,20.0,165.0,136.60384477869053,118.67145095418769,378.79624093472006
300.0,20.0,175.0,140.51115606358326,113.00425719297814,386.0499181673971
300.0,30.0,75.0,92.63521152221963,169.67964669874462,318.2576313005129
300.0,30.0,85.0,96.54252280711236,164.01245293753502,325.5113085331899
300.0,30.0,95.0,100.44983409200509,158.34525917632544,332.764985765867
300.0,30.0,105.0,104.35714537689782,152.67806541511587,340.01866299854396
300.0,30.0,115.0,108.26445666179058,147.0108716539063,347.27234023122094
300.0,30.0,125.0,112.1717679466833,141.34367789269672,354.52601746389803
300.0,30.0,135.0,116.07907923157603,135.67648413148711,361.77969469657506
300.0,30.0,145.0,119.98639051646879,130.00929037027754,369.0333719292521
300.0,30.0,155.0,123.89370180136152,124.34209660906797,376.28704916192913
300.0,30.0,165.0,127.80101308625427,118.67490284785836,383.5407263946061
300.0,30.0,175.0,131.708324371147,113.00770908664882,390.79440362728315
300.0,40.0,75.0,83.83237982978338,169.6830985924153,323.0021167603989
300.0,40.0,85.0,87.7396911146761,164.0159048312057,330.25579399307594
300.0,40.0,95.0,91.64700239956883,158.3487110699961,337.509471225753
300.0,40.0,105.0,95.55431368446156,152.68151730878654,344.76314845843
300.0,40.0,115.0,99.46162496935432,147.01432354757696,352.016825691107
300.0,40.0,125.0,103.36893625424705,141.3471297863674,359.270502923784
300.0,40.0,135.0,107.27624753913977,135.6799360251578,366.52418015646106
300.0,40.0,145.0,111.18355882403253,130.0127422639482,373.7778573891381
300.0,40.0,155.0,115.09087010892526,124.34554850273864,381.0315346218151
300.0,40.0,165.0,118.99818139381802,118.67835474152903,388.2852118544921
300.0,40.0,175.0,122.90549267871074,113.01116098031949,395.53888908716914
300.0,50.0,75.0,75.02954813734712,169.68655048608596,327.74660222028496
300.0,50.0,85.0,78.93685942223986,164.01935672487636,335.000279452962
300.0,50.0,95.0,82.84417070713259,158.35216296366679,342.253956685639
300.0,50.0,105.0,86.75148199202532,152.6849692024572,349.507633918316
300.0,50.0,115.0,90.65879327691808,147.01777544124764,356.76131115099304
300.0,50.0,125.0,94.5661045618108,141.35058168003806,364.0149883836701
300.0,50.0,135.0,98.47341584670353,135.68338791882846,371.2686656163471
300.0,50.0,145.0,102.38072713159629,130.01619415761888,378.52234284902414
300.0,50.0,155.0,106.28803841648902,124.34900039640931,385.7760200817012
300.0,50.0,165.0,110.19534970138177,118.6818066351997,393.02969731437815
300.0,50.0,175.0,114.1026609862745,113.01461287399016,400.2833745470552
310.0,-50.0,75.0,165.7491607938041,177.89113969027267,285.2891341439506
310.0,-50.0,85.0,169.65647207869682,172.2239459290631,292.54281137662764
310.0,-50.0,95.0,173.56378336358955,166.5567521678535,299.7964886093047
310.0,-50.0,105.0,177.47109464848228,160.8895584066439,307.0501658419817
310.0,-50.0,115.0,181.37840593337506,155.22236464543434,314.3038430746587
310.0,-50.0,125.0,185.2857172182678,149.55517088422474,321.5575203073357
310.0,-50.0,135.0,189.19302850316052,143.8879771230152,328.81119754001276
310.0,-50.0,145.0,193.10033978805325,138.2207833618056,336.0648747726898
310.0,-50.0,155.0,197.00765107294598,132.553589600596,343.31855200536677
310.0,-50.0,165.0,200.91496235783876,126.88639583938644,350.5722292380438
310.0,-50.0,175.0,204.8222736427315,121.21920207817683,357.82590647072084
310.0,-40.0,75.0,156.94632910136784,177.89459158394334,290.03361960383666
310.0,-40.0,85.0,160.8536403862606,172.22739782273376,297.2872968365137
310.0,-40.0,95.0,164.76095167115332,166.56020406152416,304.5409740691907
310.0,-40.0,105.0,168.66826295604605,160.8930103003146,311.7946513018677
310.0,-40.0,115.0,172.5755742409388,155.225816539105,319.04832853454474
310.0,-40.0,125.0,176.48288552583153,149.5586227778954,326.3020057672218
310.0,-40.0,135.0,180.39019681072426,143.89142901668586,333.5556829998988
310.0,-40.0,145.0,184.29750809561702,138.22423525547626,340.80936023257584
310.0,-40.0,155.0,188.20481938050975,132.55704149426668,348.0630374652528
310.0,-40.0,165.0,192.1121306654025,126.88984773305711,355.31671469792985
310.0,-40.0,175.0,196.01944195029523,121.2226539718475,362.5703919306069
310.0,-30.0,75.0,148.14349740893158,177.898043477614,294.7781050637227
310.0,-30.0,85.0,152.05080869382434,172.23084971640444,302.0317822963997
310.0,-30.0,95.0,155.95811997871706,166.56365595519483,309.2854595290768
310.0,-30.0,105.0,159.8654312636098,160.89646219398526,316.53913676175375
310.0,-30.0,115.0,163.77274254850255,155.22926843277568,323.79281399443073
310.0,-30.0,125.0,167.68005383339528,149.56207467156608,331.0464912271078
310.0,-30.0,135.0,171.587365118288,143.89488091035653,338.3001684597848
310.0,-30.0,145.0,175.49467640318076,138.22768714914693,345.5538456924619
310.0,-30.0,155.0,179.4019876880735,132.56049338793736,352.80752292513887
310.0,-30.0,165.0,183.30929897296625,126.89329962672778,360.06120015781585
310.0,-30.0,175.0,187.21661025785897,121.22610586551818,367.3148773904929
310.0,-20.0,75.0,139.34066571649532,177.90149537128468,299.5225905236087
310.0,-20.0,85.0,143.24797700138808,172.2343016100751,306.77626775628573
310.0,-20.0,95.0,147.1552882862808,166.5671078488655,314.02994498896277
310.0,-20.0,105.0,151.06259957117354,160.89991408765593,321.2836222216398
310.0,-20.0,115.0,154.9699108560663,155.23272032644635,328.5372994543168
310.0,-20.0,125.0,158.87722214095902,149.56552656523675,335.7909766869938
310.0,-20.0,135.0,162.78453342585175,143.8983328040272,343.04465391967085
310.0,-20.0,145.0,166.6918447107445,138.2311390428176,350.2983311523479
310.0,-20.0,155.0,170.59915599563723,132.56394528160803,357.55200838502486
310.0,-20.0,165.0,174.50646728053,126.89675152039845,364.8056856177019
310.0,-20.0,175.0,178.41377856542272,121.22955775918885,372.05936285037893
310.0,-10.0,75.0,130.53783402405907,177.90494726495538,304.2670759834947
310.0,-10.0,85.0,134.44514530895182,172.2377535037458,311.5207532161718
310.0,-10.0,95.0,138.35245659384455,166.5705597425362,318.77443044884876
310.0,-10.0,105.0,142.25976787873728,160.90336598132663,326.0281076815258
310.0,-10.0,115.0,146.16707916363004,155.23617222011706,333.28178491420283
310.0,-10.0,125.0,150.07439044852276,149.56897845890745,340.5354621468798
310.0,-10.0,135.0,153.9817017334155,143.9017846976979,347.7891393795569
310.0,-10.0,145.0,157.88901301830825,138.2345909364883,355.0428166122339
310.0,-10.0,155.0,161.79632430320098,132.56739717527873,362.29649384491086
310.0,-10.0,165.0,165.70363558809373,126.90020341406915,369.5501710775879
310.0,-10.0,175.0,169.61094687298646,121.23300965285955,376.8038483102649
310.0,0.0,75.0,121.73500233162282,177.90839915862605,309.01156144338074
310.0,0.0,85.0,125.64231361651557,172.24120539741648,316.2652386760578
310.0,0.0,95.0,129.5496249014083,166.57401163620688,323.5189159087348
310.0,0.0,105.0,133.45693618630102,160.9068178749973,330.7725931414118
310.0,0.0,115.0,137.36424747119378,155.23962411378773,338.0262703740888
310.0,0.0,125.0,141.2715587560865,149.57243035257812,345.27994760676586
310.0,0.0,135.0,145.17887004097923,143.90523659136858,352.5336248394429
310.0,0.0,145.0,149.086181325872,138.23804283015897,359.7873020721199
310.0,0.0,155.0,152.99349261076472,132.5708490689494,367.0409793047969
310.0,0.0,165.0,156.90080389565748,126.90365530773983,374.29465653747394
310.0,0.0,175.0,160.8081151805502,121.23646154653022,381.548333770151
310.0,10.0,75.0,112.93217063918657,177.91185105229673,313.7560469032668
310.0,10.0,85.0,116.83948192407931,172.24465729108715,321.00972413594377
310.0,10.0,95.0,120.74679320897204,166.57746352987755,328.26340136862086
310.0,10.0,105.0,124.65410449386476,160.91026976866797,335.51707860129784
310.0,10.0,115.0,128.56141577875752,155.2430760074584,342.7707558339748
310.0,10.0,125.0,132.46872706365025,149.5758822462488,350.0244330666519
310.0,10.0,135.0,136.37603834854298,143.90868848503925,357.27811029932894
310.0,10.0,145.0,140.28334963343573,138.24149472382965,364.531787532006
310.0,10.0,155.0,144.19066091832846,132.57430096262007,371.78546476468296
310.0,10.0,165.0,148.09797220322122,126.9071072014105,379.03914199736
310.0,10.0,175.0,152.00528348811395,121.2399134402009,386.292819230037
310.0,20.0,75.0,104.12933894675031,177.91530294596743,318.5005323631528
310.0,20.0,85.0,108.03665023164305,172.24810918475785,325.7542095958298
310.0,20.0,95.0,111.94396151653578,166.58091542354825,333.00788682850686
310.0,20.0,105.0,115.85127280142851,160.91372166233867,340.2615640611839
310.0,20.0,115.0,119.75858408632126,155.2465279011291,347.51524129386087
310.0,20.0,125.0,123.66589537121399,149.5793341399195,354.7689185265379
310.0,20.0,135.0,127.57320665610672,143.91214037870995,362.02259575921494
310.0,20.0,145.0,131.48051794099948,138.24494661750035,369.276272991892
310.0,20.0,155.0,135.3878292258922,132.57775285629077,376.52995022456895
310.0,20.0,165.0,139.29514051078496,126.9105590950812,383.783627457246
310.0,20.0,175.0,143.2024517956777,121.2433653338716,391.037304689923
310.0,30.0,75.0,95.32650725431407,177.9187548396381,323.2450178230388
310.0,30.0,85.0,99.2338185392068,172.25156107842852,330.49869505571587
310.0,30.0,95.0,103.14112982409952,166.58436731721892,337.75237228839285
310.0,30.0,105.0,107.04844110899225,160.91717355600935,345.0060495210699
310.0,30.0,115.0,110.955752393885,155.24997979479977,352.2597267537469
310.0,30.0,125.0,114.86306367877773,149.58278603359017,359.51340398642395
310.0,30.0,135.0,118.77037496367046,143.91559227238062,366.767081219101
310.0,30.0,145.0,122.67768624856322,138.24839851117102,374.020758451778
310.0,30.0,155.0,126.58499753345595,132.58120474996144,381.274435684455
310.0,30.0,165.0,130.4923088183487,126.91401098875187,388.52811291713203
310.0,30.0,175.0,134.39962010324143,121.24681722754227,395.78179014980907
310.0,40.0,75.0,86.52367556187781,177.92220673330877,327.98950328292483
310.0,40.0,85.0,90.43098684677054,172.2550129720992,335.24318051560186
310.0,40.0,95.0,94.33829813166327,166.5878192108896,342.4968577482789
310.0,40.0,105.0,98.245609416556,160.92062544968002,349.7505349809559
310.0,40.0,115.0,102.15292070144875,155.25343168847044,357.0042122136329
310.0,40.0,125.0,106.06023198634148,149.58623792726084,364.25788944630995
310.0,40.0,135.0,109.9675432712342,143.9190441660513,371.511566678987
310.0,40.0,145.0,113.87485455612696,138.2518504048417,378.765243911664
310.0,40.0,155.0,117.78216584101969,132.58465664363212,386.018921144341
310.0,40.0,165.0,121.68947712591245,126.91746288242254,393.272598377018
310.0,40.0,175.0,125.59678841080517,121.25026912121294,400.52627560969506
310.0,50.0,75.0,77.72084386944155,177.92565862697944,332.7339887428109
310.0,50.0,85.0,81.6281551543343,172.25846486576987,339.9876659754879
310.0,50.0,95.0,85.53546643922702,166.59127110456026,347.24134320816495
310.0,50.0,105.0,89.44277772411975,160.9240773433507,354.4950204408419
310.0,50.0,115.0,93.3500890090125,155.2568835821411,361.74869767351896
310.0,50.0,125.0,97.25740029390523,149.5896898209315,369.002374906196
310.0,50.0,135.0,101.16471157879796,143.92249605972196,376.25605213887303
310.0,50.0,145.0,105.07202286369072,138.25530229851236,383.50972937155007
310.0,50.0,155.0,108.97933414858345,132.5881085373028,390.76340660422704
310.0,50.0,165.0,112.8866454334762,126.92091477609321,398.0170838369041
310.0,50.0,175.0,116.79395671836893,121.25372101488361,405.2707610695811
320.0,-50.0,75.0,168.44045652589853,186.13024783116617,290.27652066647653
320.0,-50.0,85.0,172.34776781079125,180.4630540699566,297.53019789915356
320.0,-50.0,95.0,176.25507909568398,174.795860308747,304.78387513183054
320.0,-50.0,105.0,180.1623903805767,169.12866654753742,312.0375523645076
320.0,-50.0,115.0,184.0697016654695,163.46147278632785,319.2912295971846
320.0,-50.0,125.0,187.97701295036222,157.79427902511824,326.54490682986165
320.0,-50.0,135.0,191.88432423525495,152.1270852639087,333.7985840625387
320.0,-50.0,145.0,195.79163552014768,146.4598915026991,341.05226129521566
320.0,-50.0,155.0,199.6989468050404,140.79269774148952,348.3059385278927
320.0,-50.0,165.0,203.6062580899332,135.12550398027994,355.5596157605697
320.0,-50.0,175.0,207.51356937482592,129.45831021907034,362.81329299324676
320.0,-40.0,75.0,159.63762483346227,186.13369972483684,295.0210061263625
320.0,-40.0,85.0,163.54493611835503,180.46650596362727,302.2746833590396
320.0,-40.0,95.0,167.45224740324775,174.79931220241767,309.5283605917166
320.0,-40.0,105.0,171.35955868814048,169.1321184412081,316.7820378243936
320.0,-40.0,115.0,175.26686997303324,163.46492467999852,324.03571505707066
320.0,-40.0,125.0,179.17418125792597,157.79773091878891,331.28939228974764
320.0,-40.0,135.0,183.0814925428187,152.13053715757937,338.54306952242473
320.0,-40.0,145.0,186.98880382771145,146.46334339636977,345.7967467551017
320.0,-40.0,155.0,190.89611511260418,140.7961496351602,353.05042398777874
320.0,-40.0,165.0,194.80342639749693,135.12895587395062,360.3041012204558
320.0,-40.0,175.0,198.71073768238966,129.461762112741,367.5577784531328
320.0,-30.0,75.0,150.834793141026,186.13715161850752,299.7654915862486
320.0,-30.0,85.0,154.74210442591877,180.46995785729794,307.0191688189256
320.0,-30.0,95.0,158.6494157108115,174.80276409608834,314.27284605160264
320.0,-30.0,105.0,162.55672699570422,169.13557033487876,321.5265232842796
320.0,-30.0,115.0,166.46403828059698,163.4683765736692,328.7802005169567
320.0,-30.0,125.0,170.3713495654897,157.8011828124596,336.0338777496337
320.0,-30.0,135.0,174.27866085038244,152.13398905125004,343.2875549823108
320.0,-30.0,145.0,178.1859721352752,146.46679529004044,350.54123221498776
320.0,-30.0,155.0,182.09328342016792,140.79960152883086,357.79490944766474
320.0,-30.0,165.0,186.00059470506068,135.1324077676213,365.04858668034177
320.0,-30.0,175.0,189.9079059899534,129.46521400641168,372.3022639130188
320.0,-20.0,75.0,142.03196144858975,186.1406035121782,304.5099770461346
320.0,-20.0,85.0,145.9392727334825,180.4734097509686,311.7636542788116
320.0,-20.0,95.0,149.84658401837524,174.806215989759,319.01733151148863
320.0,-20.0,105.0,153.75389530326797,169.13902222854944,326.27100874416567
320.0,-20.0,115.0,157.66120658816072,163.47182846733986,333.5246859768427
320.0,-20.0,125.0,161.56851787305345,157.80463470613026,340.77836320951974
320.0,-20.0,135.0,165.47582915794618,152.1374409449207,348.0320404421968
320.0,-20.0,145.0,169.38314044283894,146.4702471837111,355.28571767487375
320.0,-20.0,155.0,173.29045172773166,140.80305342250153,362.5393949075508
320.0,-20.0,165.0,177.19776301262442,135.13585966129196,369.7930721402278
320.0,-20.0,175.0,181.10507429751715,129.46866590008236,377.04674937290486
320.0,-10.0,75.0,133.2291297561535,186.1440554058489,309.2544625060206
320.0,-10.0,85.0,137.13644104104625,180.4768616446393,316.50813973869765
320.0,-10.0,95.0,141.04375232593898,174.8096678834297,323.7618169713746
320.0,-10.0,105.0,144.9510636108317,169.14247412222014,331.0154942040517
320.0,-10.0,115.0,148.85837489572447,163.47528036101056,338.2691714367287
320.0,-10.0,125.0,152.7656861806172,157.80808659980096,345.52284866940573
320.0,-10.0,135.0,156.67299746550992,152.1408928385914,352.77652590208277
320.0,-10.0,145.0,160.58030875040268,146.4736990773818,360.03020313475974
320.0,-10.0,155.0,164.4876200352954,140.80650531617223,367.2838803674368
320.0,-10.0,165.0,168.39493132018816,135.13931155496266,374.5375576001138
320.0,-10.0,175.0,172.3022426050809,129.47211779375306,381.79123483279085
320.0,0.0,75.0,124.42629806371725,186.14750729951956,313.9989479659066
320.0,0.0,85.0,128.33360934861,180.48031353830999,321.2526251985837
320.0,0.0,95.0,132.24092063350272,174.81311977710038,328.5063024312607
320.0,0.0,105.0,136.14823191839545,169.1459260158908,335.7599796639377
320.0,0.0,115.0,140.0555432032882,163.47873225468123,343.01365689661475
320.0,0.0,125.0,143.96285448818094,157.81153849347163,350.2673341292917
320.0,0.0,135.0,147.87016577307367,152.14434473226208,357.5210113619688
320.0,0.0,145.0,151.77747705796642,146.47715097105248,364.7746885946458
320.0,0.0,155.0,155.68478834285915,140.8099572098429,372.02836582732283
320.0,0.0,165.0,159.5920996277519,135.14276344863333,379.28204305999986
320.0,0.0,175.0,163.49941091264463,129.47556968742373,386.5357202926769
320.0,10.0,75.0,115.623466371281,186.15095919319023,318.74343342579266
320.0,10.0,85.0,119.53077765617374,180.48376543198066,325.9971106584697
320.0,10.0,95.0,123.43808894106647,174.81657167077105,333.25078789114673
320.0,10.0,105.0,127.3454002259592,169.14937790956148,340.5044651238237
320.0,10.0,115.0,131.25271151085195,163.4821841483519,347.7581423565008
320.0,10.0,125.0,135.16002279574468,157.8149903871423,355.0118195891778
320.0,10.0,135.0,139.0673340806374,152.14779662593276,362.26549682185487
320.0,10.0,145.0,142.97464536553017,146.48060286472315,369.51917405453185
320.0,10.0,155.0,146.8819566504229,140.81340910351358,376.7728512872089
320.0,10.0,165.0,150.78926793531565,135.146215342304,384.0265285198859
320.0,10.0,175.0,154.69657922020838,129.4790215810944,391.28020575256295
320.0,20.0,75.0,106.82063467884474,186.15441108686093,323.4879188856787
320.0,20.0,85.0,110.72794596373748,180.48721732565136,330.7415961183557
320.0,20.0,95.0,114.63525724863021,174.82002356444175,337.9952733510327
320.0,20.0,105.0,118.54256853352294,169.15282980323218,345.24895058370976
320.0,20.0,115.0,122.4498798184157,163.4856360420226,352.5026278163868
320.0,20.0,125.0,126.35719110330842,157.818442280813,359.7563050490638
320.0,20.0,135.0,130.26450238820115,152.15124851960346,367.00998228174086
320.0,20.0,145.0,134.1718136730939,146.48405475839385,374.26365951441784
320.0,20.0,155.0,138.07912495798664,140.81686099718428,381.5173367470949
320.0,20.0,165.0,141.9864362428794,135.1496672359747,388.7710139797719
320.0,20.0,175.0,145.89374752777212,129.4824734747651,396.02469121244894
320.0,30.0,75.0,98.0178029864085,186.1578629805316,328.2324043455647
320.0,30.0,85.0,101.92511427130123,180.49066921932203,335.48608157824174
320.0,30.0,95.0,105.83242555619395,174.82347545811243,342.7397588109187
320.0,30.0,105.0,109.73973684108668,169.15628169690285,349.9934360435958
320.0,30.0,115.0,113.64704812597944,163.48908793569328,357.24711327627284
320.0,30.0,125.0,117.55435941087217,157.82189417448367,364.5007905089498
320.0,30.0,135.0,121.4616706957649,152.15470041327413,371.7544677416269
320.0,30.0,145.0,125.36898198065765,146.48750665206452,379.0081449743039
320.0,30.0,155.0,129.27629326555038,140.82031289085495,386.2618222069809
320.0,30.0,165.0,133.18360455044314,135.15311912964538,393.51549943965796
320.0,30.0,175.0,137.09091583533586,129.48592536843577,400.769176672335
320.0,40.0,75.0,89.21497129397224,186.16131487420228,332.9768898054507
320.0,40.0,85.0,93.12228257886497,180.4941211129927,340.2305670381278
320.0,40.0,95.0,97.0295938637577,174.8269273517831,347.48424427080477
320.0,40.0,105.0,100.93690514865042,169.15973359057352,354.7379215034818
320.0,40.0,115.0,104.84421643354318,163.49253982936395,361.99159873615883
320.0,40.0,125.0,108.75152771843591,157.82534606815435,369.24527596883587
320.0,40.0,135.0,112.65883900332864,152.1581523069448,376.4989532015129
320.0,40.0,145.0,116.5661502882214,146.4909585457352,383.7526304341899
320.0,40.0,155.0,120.47346157311412,140.82376478452562,391.0063076668669
320.0,40.0,165.0,124.38077285800688,135.15657102331605,398.25998489954395
320.0,40.0,175.0,128.2880841428996,129.48937726210644,405.513662132221
320.0,50.0,75.0,80.41213960153598,186.16476676787295,337.72137526533675
320.0,50.0,85.0,84.31945088642873,180.49757300666337,344.9750524980138
320.0,50.0,95.0,88.22676217132145,174.83037924545377,352.2287297306908
320.0,50.0,105.0,92.13407345621418,169.1631854842442,359.48240696336785
320.0,50.0,115.0,96.04138474110694,163.49599172303462,366.7360841960449
320.0,50.0,125.0,99.94869602599967,157.82879796182502,373.98976142872186
320.0,50.0,135.0,103.8560073108924,152.16160420061547,381.24343866139895
320.0,50.0,145.0,107.76331859578515,146.49441043940587,388.49711589407593
320.0,50.0,155.0,111.67062988067788,140.8272166781963,395.75079312675297
320.0,50.0,165.0,115.57794116557064,135.16002291698672,403.00447035943
320.0,50.0,175.0,119.48525245046336,129.49282915577712,410.25814759210704
330.0,-50.0,75.0,171.13175225799296,194.36935597205962,295.2639071890024
330.0,-50.0,85.0,175.03906354288569,188.70216221085005,302.51758442167943
330.0,-50.0,95.0,178.9463748277784,183.03496844964044,309.77126165435646
330.0,-50.0,105.0,182.85368611267114,177.36777468843087,317.0249388870335
330.0,-50.0,115.0,186.76099739756387,171.7005809272213,324.2786161197105
330.0,-50.0,125.0,190.66830868245665,166.0333871660117,331.5322933523875
330.0,-50.0,135.0,194.57561996734938,160.36619340480215,338.78597058506455
330.0,-50.0,145.0,198.4829312522421,154.69899964359254,346.0396478177416
330.0,-50.0,155.0,202.39024253713484,149.03180588238297,353.2933250504186
330.0,-50.0,165.0,206.29755382202757,143.3646121211734,360.5470022830956
330.0,-50.0,175.0,210.2048651069203,137.6974183599638,367.80067951577263
330.0,-40.0,75.0,162.3289205655567,194.3728078657303,300.00839264888845
330.0,-40.0,85.0,166.23623185044943,188.70561410452072,307.2620698815655
330.0,-40.0,95.0,170.14354313534216,183.03842034331112,314.5157471142425
330.0,-40.0,105.0,174.0508544202349,177.37122658210154,321.76942434691955
330.0,-40.0,115.0,177.95816570512764,171.70403282089197,329.0231015795965
330.0,-40.0,125.0,181.8654769900204,166.03683905968236,336.27677881227356
330.0,-40.0,135.0,185.77278827491313,160.36964529847282,343.5304560449506
330.0,-40.0,145.0,189.68009955980585,154.70245153726322,350.78413327762763
330.0,-40.0,155.0,193.58741084469858,149.03525777605364,358.03781051030467
330.0,-40.0,165.0,197.49472212959134,143.36806401484407,365.29148774298164
330.0,-40.0,175.0,201.40203341448407,137.70087025363446,372.5451649756587
330.0,-30.0,75.0,153.52608887312044,194.37625975940097,304.75287810877444
330.0,-30.0,85.0,157.43340015801317,188.7090659981914,312.00655534145153
330.0,-30.0,95.0,161.3407114429059,183.0418722369818,319.2602325741285
330.0,-30.0,105.0,165.24802272779866,177.3746784757722,326.51390980680554
330.0,-30.0,115.0,169.15533401269138,171.70748471456264,333.7675870394826
330.0,-30.0,125.0,173.06264529758414,166.04029095335304,341.02126427215956
330.0,-30.0,135.0,176.96995658247687,160.3730971921435,348.27494150483665
330.0,-30.0,145.0,180.8772678673696,154.7059034309339,355.5286187375136
330.0,-30.0,155.0,184.78457915226232,149.0387096697243,362.78229597019066
330.0,-30.0,165.0,188.69189043715508,143.37151590851474,370.03597320286764
330.0,-30.0,175.0,192.5992017220478,137.70432214730513,377.2896504355447
330.0,-20.0,75.0,144.7232571806842,194.37971165307164,309.4973635686605
330.0,-20.0,85.0,148.6305684655769,188.71251789186206,316.7510408013375
330.0,-20.0,95.0,152.53787975046964,183.04532413065246,324.00471803401456
330.0,-20.0,105.0,156.4451910353624,177.37813036944289,331.25839526669154
330.0,-20.0,115.0,160.35250232025513,171.7109366082333,338.51207249936857
330.0,-20.0,125.0,164.25981360514788,166.0437428470237,345.7657497320456
330.0,-20.0,135.0,168.1671248900406,160.37654908581416,353.01942696472264
330.0,-20.0,145.0,172.07443617493334,154.70935532460456,360.2731041973997
330.0,-20.0,155.0,175.98174745982607,149.04216156339498,367.5267814300767
330.0,-20.0,165.0,179.88905874471882,143.3749678021854,374.7804586627537
330.0,-20.0,175.0,183.79637002961155,137.7077740409758,382.0341358954307
330.0,-10.0,75.0,135.92042548824793,194.38316354674234,314.24184902854654
330.0,-10.0,85.0,139.82773677314066,188.71596978553276,321.4955262612235
330.0,-10.0,95.0,143.73504805803339,183.04877602432316,328.7492034939006
330.0,-10.0,105.0,147.64235934292614,177.3815822631136,336.0028807265776
330.0,-10.0,115.0,151.54967062781887,171.714388501904,343.25655795925456
330.0,-10.0,125.0,155.45698191271163,166.0471947406944,350.51023519193166
330.0,-10.0,135.0,159.36429319760435,160.38000097948486,357.76391242460863
330.0,-10.0,145.0,163.27160448249708,154.71280721827526,365.01758965728567
330.0,-10.0,155.0,167.1789157673898,149.04561345706568,372.2712668899627
330.0,-10.0,165.0,171.08622705228257,143.3784196958561,379.5249441226397
330.0,-10.0,175.0,174.9935383371753,137.7112259346465,386.7786213553167
330.0,0.0,75.0,127.11759379581167,194.386615440413,318.98633448843253
330.0,0.0,85.0,131.0249050807044,188.71942167920344,326.24001172110957
330.0,0.0,95.0,134.93221636559713,183.05222791799383,333.4936889537866
330.0,0.0,105.0,138.83952765048988,177.38503415678426,340.74736618646364
330.0,0.0,115.0,142.7468389353826,171.71784039557468,348.0010434191406
330.0,0.0,125.0,146.65415022027537,166.05064663436508,355.25472065181765
330.0,0.0,135.0,150.5614615051681,160.38345287315553,362.5083978844947
330.0,0.0,145.0,154.46877279006083,154.71625911194593,369.7620751171717
330.0,0.0,155.0,158.37608407495355,149.04906535073636,377.01575234984875
330.0,0.0,165.0,162.2833953598463,143.38187158952678,384.26942958252573
330.0,0.0,175.0,166.19070664473904,137.71467782831718,391.52310681520277
330.0,10.0,75.0,118.31476210337541,194.39006733408368,323.7308199483185
330.0,10.0,85.0,122.22207338826814,188.7228735728741,330.9844971809956
330.0,10.0,95.0,126.12938467316089,183.0556798116645,338.2381744136726
330.0,10.0,105.0,130.03669595805363,177.38848605045493,345.49185164634963
330.0,10.0,115.0,133.94400724294636,171.72129228924535,352.74552887902666
330.0,10.0,125.0,137.8513185278391,166.05409852803575,359.9992061117037
330.0,10.0,135.0,141.75862981273184,160.3869047668262,367.25288334438073
330.0,10.0,145.0,145.66594109762457,154.7197110056166,374.50656057705777
330.0,10.0,155.0,149.5732523825173,149.05251724440703,381.7602378097348
330.0,10.0,165.0,153.48056366741005,143.38532348319745,389.0139150424118
330.0,10.0,175.0,157.38787495230278,137.71812972198785,396.2675922750888
330.0,20.0,75.0,109.51193041093916,194.39351922775438,328.4753054082046
330.0,20.0,85.0,113.41924169583189,188.7263254665448,335.7289826408816
330.0,20.0,95.0,117.32655298072463,183.0591317053352,342.98265987355865
330.0,20.0,105.0,121.23386426561737,177.39193794412563,350.2363371062356
330.0,20.0,115.0,125.1411755505101,171.72474418291606,357.49001433891266
330.0,20.0,125.0,129.04848683540285,166.05755042170645,364.7436915715897
330.0,20.0,135.0,132.95579812029558,160.3903566604969,371.9973688042667
330.0,20.0,145.0,136.8631094051883,154.7231628992873,379.25104603694376
330.0,20.0,155.0,140.77042069008104,149.05596913807773,386.5047232696208
330.0,20.0,165.0,144.6777319749738,143.38877537686815,393.7584005022978
330.0,20.0,175.0,148.58504325986652,137.72158161565855,401.0120777349748
330.0,30.0,75.0,100.7090987185029,194.39697112142505,333.2197908680906
330.0,30.0,85.0,104.61641000339563,188.72977736021548,340.4734681007676
330.0,30.0,95.0,108.52372128828839,183.06258359900588,347.7271453334447
330.0,30.0,105.0,112.43103257318111,177.3953898377963,354.9808225661217
330.0,30.0,115.0,116.33834385807384,171.72819607658673,362.2344997987987
330.0,30.0,125.0,120.2456551429666,166.06100231537712,369.48817703147574
330.0,30.0,135.0,124.15296642785933,160.39380855416758,376.7418542641528
330.0,30.0,145.0,128.06027771275205,154.72661479295797,383.9955314968298
330.0,30.0,155.0,131.96758899764478,149.0594210317484,391.24920872950685
330.0,30.0,165.0,135.87490028253754,143.39222727053883,398.5028859621838
330.0,30.0,175.0,139.78221156743027,137.72503350932922,405.75656319486086
330.0,40.0,75.0,91.90626702606664,194.40042301509573,337.9642763279766
330.0,40.0,85.0,95.81357831095937,188.73322925388615,345.21795356065365
330.0,40.0,95.0,99.72088959585213,183.06603549267655,352.4716307933307
330.0,40.0,105.0,103.62820088074486,177.39884173146697,359.7253080260077
330.0,40.0,115.0,107.53551216563758,171.7316479702574,366.9789852586847
330.0,40.0,125.0,111.44282345053034,166.0644542090478,374.23266249136174
330.0,40.0,135.0,115.35013473542307,160.39726044783825,381.48633972403877
330.0,40.0,145.0,119.2574460203158,154.73006668662865,388.7400169567158
330.0,40.0,155.0,123.16475730520852,149.06287292541907,395.99369418939284
330.0,40.0,165.0,127.07206859010128,143.3956791642095,403.2473714220698
330.0,40.0,175.0,130.979379874994,137.7284854029999,410.50104865474685
330.0,50.0,75.0,83.1034353336304,194.4038749087664,342.70876178786267
330.0,50.0,85.0,87.01074661852313,188.73668114755682,349.9624390205397
330.0,50.0,95.0,90.91805790341587,183.06948738634722,357.21611625321674
330.0,50.0,105.0,94.82536918830861,177.40229362513764,364.4697934858937
330.0,50.0,115.0,98.73268047320134,171.73509986392807,371.72347071857075
330.0,50.0,125.0,102.6399917580941,166.06790610271847,378.9771479512478
330.0,50.0,135.0,106.54730304298683,160.40071234150892,386.2308251839248
330.0,50.0,145.0,110.45461432787955,154.73351858029932,393.48450241660186
330.0,50.0,155.0,114.36192561277228,149.06632481908974,400.7381796492789
330.0,50.0,165.0,118.26923689766504,143.39913105788017,407.99185688195587
330.0,50.0,175.0,122.17654818255777,137.73193729667057,415.2455341146329
340.0,-50.0,75.0,173.8230479900874,202.60846411295313,300.2512937115283
340.0,-50.0,85.0,177.73035927498012,196.94127035174355,307.50497094420535
340.0,-50.0,95.0,181.63767055987284,191.27407659053395,314.7586481768824
340.0,-50.0,105.0,185.54498184476557,185.60688282932438,322.0123254095594
340.0,-50.0,115.0,189.4522931296583,179.9396890681148,329.2660026422364
340.0,-50.0,125.0,193.3596044145511,174.2724953069052,336.51967987491344
340.0,-50.0,135.0,197.2669156994438,168.60530154569565,343.77335710759047
340.0,-50.0,145.0,201.17422698433654,162.93810778448605,351.0270343402675
340.0,-50.0,155.0,205.08153826922927,157.27091402327648,358.2807115729445
340.0,-50.0,165.0,208.988849554122,151.6037202620669,365.5343888056215
340.0,-50.0,175.0,212.89616083901473,145.9365265008573,372.78806603829855
340.0,-40.0,75.0,165.02021629765113,202.6119160066238,304.99577917141437
340.0,-40.0,85.0,168.92752758254386,196.94472224541423,312.2494564040914
340.0,-40.0,95.0,172.8348388674366,191.27752848420462,319.50313363676844
340.0,-40.0,105.0,176.74215015232934,185.61033472299505,326.7568108694454
340.0,-40.0,115.0,180.64946143722207,179.94314096178547,334.01048810212245
340.0,-40.0,125.0,184.55677272211483,174.27594720057587,341.2641653347995
340.0,-40.0,135.0,188.46408400700756,168.60875343936632,348.5178425674765
340.0,-40.0,145.0,192.37139529190028,162.94155967815672,355.77151980015356
340.0,-40.0,155.0,196.278706576793,157.27436591694715,363.02519703283053
340.0,-40.0,165.0,200.18601786168577,151.60717215573757,370.27887426550757
340.0,-40.0,175.0,204.0933291465785,145.93997839452797,377.5325514981846
340.0,-30.0,75.0,156.21738460521487,202.61536790029447,309.7402646313004
340.0,-30.0,85.0,160.1246958901076,196.9481741390849,316.9939418639774
340.0,-30.0,95.0,164.03200717500033,191.2809803778753,324.2476190966545
340.0,-30.0,105.0,167.9393184598931,185.61378661666572,331.50129632933147
340.0,-30.0,115.0,171.84662974478582,179.94659285545615,338.75497356200844
340.0,-30.0,125.0,175.75394102967857,174.27939909424654,346.00865079468554
340.0,-30.0,135.0,179.6612523145713,168.612205333037,353.2623280273625
340.0,-30.0,145.0,183.56856359946403,162.9450115718274,360.51600526003955
340.0,-30.0,155.0,187.47587488435676,157.27781781061782,367.7696824927165
340.0,-30.0,165.0,191.3831861692495,151.61062404940824,375.02335972539356
340.0,-30.0,175.0,195.29049745414224,145.94343028819864,382.2770369580706
340.0,-20.0,75.0,147.41455291277862,202.61881979396514,314.4847500911864
340.0,-20.0,85.0,151.32186419767135,196.95162603275557,321.73842732386345
340.0,-20.0,95.0,155.22917548256407,191.28443227154597,328.9921045565405
340.0,-20.0,105.0,159.13648676745683,185.6172385103364,336.2457817892175
340.0,-20.0,115.0,163.04379805234956,179.95004474912682,343.4994590218945
340.0,-20.0,125.0,166.95110933724231,174.28285098791721,350.75313625457153
340.0,-20.0,135.0,170.85842062213504,168.61565722670767,358.00681348724856
340.0,-20.0,145.0,174.76573190702777,162.94846346549807,365.2604907199256
340.0,-20.0,155.0,178.6730431919205,157.2812697042885,372.5141679526026
340.0,-20.0,165.0,182.58035447681326,151.61407594307892,379.7678451852796
340.0,-20.0,175.0,186.48766576170598,145.9468821818693,387.02152241795665
340.0,-10.0,75.0,138.61172122034236,202.62227168763584,319.2292355510724
340.0,-10.0,85.0,142.5190325052351,196.95507792642627,326.4829127837495
340.0,-10.0,95.0,146.42634379012782,191.28788416521667,333.7365900164265
340.0,-10.0,105.0,150.33365507502057,185.6206904040071,340.9902672491035
340.0,-10.0,115.0,154.2409663599133,179.95349664279752,348.24394448178055
340.0,-10.0,125.0,158.14827764480606,174.28630288158791,355.4976217144575
340.0,-10.0,135.0,162.05558892969879,168.61910912037837,362.75129894713456
340.0,-10.0,145.0,165.9629002145915,162.95191535916877,370.0049761798116
340.0,-10.0,155.0,169.87021149948424,157.2847215979592,377.25865341248857
340.0,-10.0,165.0,173.777522784377,151.61752783674962,384.5123306451656
340.0,-10.0,175.0,177.68483406926973,145.95033407554,391.76600787784264
340.0,0.0,75.0,129.8088895279061,202.62572358130652,323.97372101095846
340.0,0.0,85.0,133.71620081279883,196.95852982009694,331.2273982436355
340.0,0.0,95.0,137.62351209769156,191.29133605888734,338.4810754763125
340.0,0.0,105.0,141.53082338258432,185.62414229767776,345.7347527089895
340.0,0.0,115.0,145.43813466747704,179.9569485364682,352.98842994166654
340.0,0.0,125.0,149.3454459523698,174.2897547752586,360.2421071743436
340.0,0.0,135.0,153.25275723726253,168.62256101404904,367.4957844070206
340.0,0.0,145.0,157.16006852215526,162.95536725283944,374.74946163969764
340.0,0.0,155.0,161.06737980704798,157.28817349162986,382.0031388723746
340.0,0.0,165.0,164.97469109194074,151.6209797304203,389.25681610505166
340.0,0.0,175.0,168.88200237683347,145.95378596921068,396.5104933377287
340.0,10.0,75.0,121.00605783546985,202.6291754749772,328.7182064708445
340.0,10.0,85.0,124.91336912036257,196.9619817137676,335.9718837035215
340.0,10.0,95.0,128.8206804052553,191.294787952558,343.2255609361986
340.0,10.0,105.0,132.72799169014806,185.62759419134844,350.47923816887555
340.0,10.0,115.0,136.6353029750408,179.96040043013886,357.7329154015526
340.0,10.0,125.0,140.54261425993354,174.29320666892926,364.9865926342296
340.0,10.0,135.0,144.44992554482627,168.6260129077197,372.24026986690666
340.0,10.0,145.0,148.357236829719,162.9588191465101,379.4939470995837
340.0,10.0,155.0,152.26454811461173,157.29162538530053,386.74762433226067
340.0,10.0,165.0,156.17185939950448,151.62443162409096,394.0013015649377
340.0,10.0,175.0,160.0791706843972,145.95723786288136,401.25497879761474
340.0,20.0,75.0,112.20322614303359,202.6326273686479,333.4626919307305
340.0,20.0,85.0,116.11053742792632,196.9654336074383,340.71636916340753
340.0,20.0,95.0,120.01784871281905,191.2982398462287,347.97004639608457
340.0,20.0,105.0,123.9251599977118,185.63104608501914,355.2237236287616
340.0,20.0,115.0,127.83247128260453,179.96385232380956,362.4774008614386
340.0,20.0,125.0,131.7397825674973,174.29665856259996,369.7310780941156
340.0,20.0,135.0,135.64709385239001,168.6294648013904,376.98475532679265
340.0,20.0,145.0,139.55440513728274,162.9622710401808,384.2384325594697
340.0,20.0,155.0,143.46171642217547,157.29507727897123,391.49210979214666
340.0,20.0,165.0,147.36902770706823,151.62788351776166,398.7457870248237
340.0,20.0,175.0,151.27633899196096,145.96068975655206,405.99946425750073
340.0,30.0,75.0,103.40039445059733,202.63607926231856,338.2071773906165
340.0,30.0,85.0,107.30770573549006,196.96888550110899,345.4608546232936
340.0,30.0,95.0,111.21501702038279,191.30169173989938,352.71453185597056
340.0,30.0,105.0,115.12232830527554,185.6344979786898,359.9682090886476
340.0,30.0,115.0,119.02963959016827,179.96730421748023,367.22188632132463
340.0,30.0,125.0,122.93695087506103,174.30011045627063,374.47556355400167
340.0,30.0,135.0,126.84426215995376,168.63291669506108,381.7292407866787
340.0,30.0,145.0,130.75157344484649,162.96572293385148,388.98291801935574
340.0,30.0,155.0,134.6588847297392,157.2985291726419,396.2365952520327
340.0,30.0,165.0,138.56619601463197,151.63133541143233,403.49027248470975
340.0,30.0,175.0,142.4735072995247,145.96414165022273,410.7439497173868
340.0,40.0,75.0,94.59756275816108,202.63953115598923,342.95166285050254
340.0,40.0,85.0,98.5048740430538,196.97233739477966,350.2053400831796
340.0,40.0,95.0,102.41218532794653,191.30514363357005,357.4590173158566
340.0,40.0,105.0,106.31949661283929,185.63794987236048,364.71269454853365
340.0,40.0,115.0,110.22680789773202,179.9707561111509,371.9663717812106
340.0,40.0,125.0,114.13411918262477,174.3035623499413,379.22004901388766
340.0,40.0,135.0,118.0414304675175,168.63636858873176,386.4737262465647
340.0,40.0,145.0,121.94874175241023,162.96917482752215,393.72740347924173
340.0,40.0,155.0,125.85605303730296,157.30198106631258,400.9810807119187
340.0,40.0,165.0,129.7633643221957,151.634787305103,408.23475794459574
340.0,40.0,175.0,133.67067560708844,145.9675935438934,415.4884351772728
340.0,50.0,75.0,85.79473106572483,202.6429830496599,347.6961483103886
340.0,50.0,85.0,89.70204235061756,196.97578928845033,354.94982554306563
340.0,50.0,95.0,93.60935363551029,191.30859552724073,362.20350277574266
340.0,50.0,105.0,97.51666492040304,185.64140176603115,369.45718000841964
340.0,50.0,115.0,101.42397620529577,179.97420800482158,376.7108572410967
340.0,50.0,125.0,105.33128749018853,174.30701424361197,383.9645344737737
340.0,50.0,135.0,109.23859877508126,168.63982048240243,391.21821170645075
340.0,50.0,145.0,113.14591005997399,162.97262672119282,398.4718889391278
340.0,50.0,155.0,117.05322134486671,157.30543295998325,405.72556617180476
340.0,50.0,165.0,120.96053262975947,151.63823919877368,412.9792434044818
340.0,50.0,175.0,124.8678439146522,145.97104543756407,420.2329206371588
350.0,-50.0,75.0,176.51434372218182,210.84757225384658,305.23868023405424
350.0,-50.0,85.0,180.42165500707455,205.180378492637,312.4923574667313
350.0,-50.0,95.0,184.32896629196728,199.5131847314274,319.74603469940826
350.0,-50.0,105.0,188.23627757686,193.84599097021783,326.9997119320853
350.0,-50.0,115.0,192.14358886175273,188.17879720900825,334.2533891647623
350.0,-50.0,125.0,196.05090014664552,182.51160344779865,341.5070663974393
350.0,-50.0,135.0,199.95821143153825,176.8444096865891,348.7607436301164
350.0,-50.0,145.0,203.86552271643097,171.1772159253795,356.0144208627934
350.0,-50.0,155.0,207.7728340013237,165.51002216416992,363.2680980954704
350.0,-50.0,165.0,211.68014528621643,159.84282840296035,370.52177532814744
350.0,-50.0,175.0,215.58745657110916,154.17563464175075,377.7754525608245
350.0,-40.0,75.0,167.71151202974556,210.85102414751725,309.98316569394024
350.0,-40.0,85.0,171.6188233146383,205.18383038630768,317.2368429266173
350.0,-40.0,95.0,175.52613459953102,199.51663662509807,324.4905201592943
350.0,-40.0,105.0,179.43344588442378,193.8494428638885,331.74419739197134
350.0,-40.0,115.0,183.3407571693165,188.18224910267892,338.9978746246484
350.0,-40.0,125.0,187.24806845420926,182.51505534146932,346.25155185732535
350.0,-40.0,135.0,191.155379739102,176.84786158025977,353.50522909000244
350.0,-40.0,145.0,195.06269102399472,171.18066781905017,360.7589063226794
350.0,-40.0,155.0,198.97000230888744,165.5134740578406,368.01258355535646
350.0,-40.0,165.0,202.8773135937802,159.84628029663102,375.2662607880335
350.0,-40.0,175.0,206.78462487867293,154.17908653542142,382.5199380207105
350.0,-30.0,75.0,158.9086803373093,210.85447604118792,314.7276511538263
350.0,-30.0,85.0,162.81599162220203,205.18728227997835,321.9813283865033
350.0,-30.0,95.0,166.72330290709476,199.52008851876874,329.23500561918036
350.0,-30.0,105.0,170.63061419198752,193.85289475755917,336.48868285185733
350.0,-30.0,115.0,174.53792547688025,188.1857009963496,343.7423600845344
350.0,-30.0,125.0,178.445236761773,182.51850723514,350.9960373172114
350.0,-30.0,135.0,182.35254804666573,176.85131347393045,358.24971454988844
350.0,-30.0,145.0,186.25985933155846,171.18411971272084,365.5033917825654
350.0,-30.0,155.0,190.1671706164512,165.51692595151127,372.75706901524245
350.0,-30.0,165.0,194.07448190134394,159.8497321903017,380.0107462479195
350.0,-30.0,175.0,197.98179318623667,154.1825384290921,387.2644234805965
350.0,-20.0,75.0,150.10584864487305,210.8579279348586,319.47213661371234
350.0,-20.0,85.0,154.01315992976578,205.19073417364902,326.7258138463893
350.0,-20.0,95.0,157.9204712146585,199.52354041243942,333.97949107906635
350.0,-20.0,105.0,161.82778249955126,193.85634665122984,341.2331683117434
350.0,-20.0,115.0,165.735093784444,188.18915289002027,348.4868455444204
350.0,-20.0,125.0,169.64240506933675,182.52195912881066,355.7405227770974
350.0,-20.0,135.0,173.54971635422947,176.85476536760112,362.9942000097745
350.0,-20.0,145.0,177.4570276391222,171.18757160639151,370.24787724245147
350.0,-20.0,155.0,181.36433892401493,165.52037784518194,377.5015544751285
350.0,-20.0,165.0,185.2716502089077,159.85318408397237,384.75523170780554
350.0,-20.0,175.0,189.17896149380041,154.18599032276276,392.00890894048257
350.0,-10.0,75.0,141.3030169524368,210.8613798285293,324.21662207359833
350.0,-10.0,85.0,145.21032823732952,205.19418606731972,331.47029930627536
350.0,-10.0,95.0,149.11763952222225,199.52699230611012,338.72397653895234
350.0,-10.0,105.0,153.024950807115,193.85979854490054,345.97765377162943
350.0,-10.0,115.0,156.93226209200773,188.19260478369097,353.2313310043064
350.0,-10.0,125.0,160.8395733769005,182.52541102248136,360.4850082369834
350.0,-10.0,135.0,164.74688466179322,176.85821726127182,367.7386854696605
350.0,-10.0,145.0,168.65419594668595,171.19102350006222,374.99236270233746
350.0,-10.0,155.0,172.56150723157867,165.52382973885264,382.2460399350145
350.0,-10.0,165.0,176.46881851647143,159.85663597764307,389.49971716769153
350.0,-10.0,175.0,180.37612980136416,154.18944221643346,396.75339440036856
350.0,0.0,75.0,132.50018526000053,210.86483172219997,328.9611075334843
350.0,0.0,85.0,136.40749654489326,205.1976379609904,336.2147847661614
350.0,0.0,95.0,140.314807829786,199.5304441997808,343.4684619988384
350.0,0.0,105.0,144.22211911467875,193.8632504385712,350.7221392315154
350.0,0.0,115.0,148.12943039957148,188.19605667736164,357.97581646419246
350.0,0.0,125.0,152.03674168446423,182.52886291615204,365.22949369686944
350.0,0.0,135.0,155.94405296935696,176.8616691549425,372.48317092954653
350.0,0.0,145.0,159.8513642542497,171.1944753937329,379.7368481622235
350.0,0.0,155.0,163.75867553914242,165.5272816325233,386.99052539490054
350.0,0.0,165.0,167.66598682403517,159.86008787131374,394.2442026275776
350.0,0.0,175.0,171.5732981089279,154.19289411010413,401.4978798602546
350.0,10.0,75.0,123.69735356756428,210.86828361587064,333.7055929933704
350.0,10.0,85.0,127.604664852457,205.20108985466106,340.9592702260474
350.0,10.0,95.0,131.51197613734973,199.53389609345146,348.21294745872444
350.0,10.0,105.0,135.4192874222425,193.86670233224189,355.4666246914014
350.0,10.0,115.0,139.32659870713522,188.1995085710323,362.7203019240785
350.0,10.0,125.0,143.23390999202798,182.5323148098227,369.9739791567555
350.0,10.0,135.0,147.1412212769207,176.86512104861316,377.2276563894326
350.0,10.0,145.0,151.04853256181343,171.19792728740356,384.48133362210956
350.0,10.0,155.0,154.95584384670616,165.53073352619398,391.7350108547866
350.0,10.0,165.0,158.86315513159892,159.8635397649844,398.98868808746363
350.0,10.0,175.0,162.77046641649164,154.1963460037748,406.24236532014066
350.0,20.0,75.0,114.89452187512802,210.87173550954134,338.4500784532564
350.0,20.0,85.0,118.80183316002075,205.20454174833176,345.7037556859334
350.0,20.0,95.0,122.70914444491348,199.53734798712216,352.95743291861044
350.0,20.0,105.0,126.61645572980623,193.8701542259126,360.21111015128747
350.0,20.0,115.0,130.52376701469896,188.202960464703,367.4647873839645
350.0,20.0,125.0,134.43107829959172,182.5357667034934,374.7184646166415
350.0,20.0,135.0,138.33838958448445,176.86857294228386,381.9721418493186
350.0,20.0,145.0,142.24570086937717,171.20137918107426,389.22581908199555
350.0,20.0,155.0,146.1530121542699,165.53418541986468,396.4794963146726
350.0,20.0,165.0,150.06032343916266,159.8669916586551,403.7331735473496
350.0,20.0,175.0,153.9676347240554,154.1997978974455,410.98685078002666
350.0,30.0,75.0,106.09169018269176,210.875187403212,343.1945639131424
350.0,30.0,85.0,109.99900146758449,205.20799364200244,350.44824114581945
350.0,30.0,95.0,113.90631275247722,199.54079988079283,357.7019183784965
350.0,30.0,105.0,117.81362403736998,193.87360611958326,364.9555956111735
350.0,30.0,115.0,121.7209353222627,188.20641235837368,372.20927284385056
350.0,30.0,125.0,125.62824660715546,182.53921859716408,379.46295007652753
350.0,30.0,135.0,129.5355578920482,176.87202483595453,386.7166273092046
350.0,30.0,145.0,133.44286917694092,171.20483107474493,393.9703045418816
350.0,30.0,155.0,137.35018046183365,165.53763731353536,401.22398177455864
350.0,30.0,165.0,141.2574917467264,159.87044355232578,408.4776590072357
350.0,30.0,175.0,145.16480303161913,154.20324979111618,415.7313362399127
350.0,40.0,75.0,97.2888584902555,210.87863929688268,347.9390493730284
350.0,40.0,85.0,101.19616977514823,205.2114455356731,355.1927266057055
350.0,40.0,95.0,105.10348106004096,199.5442517744635,362.4464038383825
350.0,40.0,105.0,109.01079234493372,193.87705801325393,369.7000810710595
350.0,40.0,115.0,112.91810362982645,188.20986425204435,376.95375830373655
350.0,40.0,125.0,116.8254149147192,182.54267049083475,384.2074355364135
350.0,40.0,135.0,120.73272619961193,176.8754767296252,391.4611127690906
350.0,40.0,145.0,124.64003748450466,171.2082829684156,398.7147900017676
350.0,40.0,155.0,128.5473487693974,165.54108920720603,405.96846723444463
350.0,40.0,165.0,132.45466005429014,159.87389544599645,413.22214446712167
350.0,40.0,175.0,136.36197133918287,154.20670168478685,420.4758216997987
350.0,50.0,75.0,88.48602679781926,210.88209119055335,352.68353483291446
350.0,50.0,85.0,92.39333808271199,205.21489742934378,359.9372120655915
350.0,50.0,95.0,96.30064936760472,199.54770366813418,367.19088929826853
350.0,50.0,105.0,100.20796065249748,193.8805099069246,374.44456653094556
350.0,50.0,115.0,104.1152719373902,188.21331614571503,381.6982437636226
350.0,50.0,125.0,108.02258322228296,182.54612238450542,388.9519209962996
350.0,50.0,135.0,111.92989450717569,176.87892862329588,396.20559822897667
350.0,50.0,145.0,115.83720579206842,171.21173486208627,403.45927546165365
350.0,50.0,155.0,119.74451707696115,165.5445411008767,410.7129526943307
350.0,50.0,165.0,123.6518283618539,159.87734733966712,417.9666299270077
350.0,50.0,175.0,127.55913964674663,154.21015357845752,425.22030715968475
