250.0,-0.0,130.0,3.74,1.59,-206.03,3.28,2.348,-205.637
250.0,-0.0,120.0,13.51,1.68,-206.11,13.279,2.426,-205.684
250.0,-0.0,110.0,23.27,1.97,-206.37,23.279,2.505,-205.732
250.0,-0.0,100.0,33.09,1.88,-206.39,33.278,2.584,-205.779
250.0,-0.0,90.0,42.78,2.14,-206.52,43.278,2.663,-205.826
250.0,-10.0,130.0,3.83,-8.07,-206.08,3.358,-7.652,-205.74
250.0,-10.0,120.0,13.58,-7.86,-206.1,13.358,-7.573,-205.788
250.0,-10.0,110.0,23.33,-7.86,-206.41,23.357,-7.494,-205.835
250.0,-10.0,100.0,33.08,-7.78,-206.44,33.357,-7.415,-205.883
250.0,-10.0,90.0,42.88,-7.68,-206.7,43.356,-7.336,-205.93
250.0,-20.0,130.0,3.93,-17.8,-206.16,3.437,-17.651,-205.844
250.0,-20.0,120.0,13.64,-17.75,-206.14,13.436,-17.572,-205.892
250.0,-20.0,110.0,23.44,-17.61,-206.46,23.436,-17.493,-205.939
250.0,-20.0,100.0,33.2,-17.39,-206.37,33.435,-17.414,-205.986
250.0,-20.0,90.0,42.97,-17.45,-206.8,43.435,-17.335,-206.034
250.0,-30.0,130.0,4.15,-27.43,-206.23,3.515,-27.65,-205.948
250.0,-30.0,120.0,13.73,-27.62,-206.18,13.515,-27.571,-205.995
250.0,-30.0,110.0,23.48,-27.57,-206.5,23.514,-27.492,-206.043
250.0,-30.0,100.0,33.23,-27.3,-206.38,33.514,-27.413,-206.09
250.0,-30.0,90.0,43.07,-27.34,-206.84,43.513,-27.334,-206.138
250.0,-40.0,130.0,4.3,-37.42,-206.34,3.593,-37.649,-206.052
250.0,-40.0,120.0,13.87,-37.61,-206.28,13.593,-37.57,-206.099
250.0,-40.0,110.0,23.53,-37.49,-206.47,23.593,-37.491,-206.147
250.0,-40.0,100.0,33.23,-37.39,-206.32,33.592,-37.412,-206.194
250.0,-40.0,90.0,42.98,-37.12,-206.7,43.592,-37.333,-206.241
240.0,-0.0,130.0,3.94,2.08,-216.02,3.232,2.451,-215.636
240.0,-0.0,120.0,13.47,1.87,-216.15,13.231,2.53,-215.684
240.0,-0.0,110.0,23.2,2.02,-216.1,23.231,2.609,-215.731
240.0,-0.0,100.0,32.9,2.18,-216.11,33.23,2.688,-215.778
240.0,-0.0,90.0,42.7,2.26,-216.27,43.23,2.767,-215.826
240.0,-10.0,130.0,4.0,-7.61,-215.99,3.31,-7.548,-215.74
240.0,-10.0,120.0,13.56,-7.81,-216.17,13.31,-7.469,-215.787
240.0,-10.0,110.0,23.26,-7.72,-216.2,23.309,-7.39,-215.835
240.0,-10.0,100.0,32.96,-7.4,-216.06,33.309,-7.312,-215.882
240.0,-10.0,90.0,42.74,-7.5,-216.29,43.308,-7.233,-215.93
240.0,-20.0,130.0,4.03,-17.31,-215.99,3.388,-17.547,-215.844
240.0,-20.0,120.0,13.71,-17.51,-216.28,13.388,-17.469,-215.891
240.0,-20.0,110.0,23.32,-17.4,-216.13,23.388,-17.39,-215.938
240.0,-20.0,100.0,33.03,-17.37,-216.09,33.387,-17.311,-215.986
240.0,-20.0,90.0,42.76,-17.15,-216.24,43.387,-17.232,-216.033
240.0,-30.0,130.0,4.12,-27.4,-216.0,3.467,-27.547,-215.947
240.0,-30.0,120.0,13.88,-27.42,-216.4,13.466,-27.468,-215.995
240.0,-30.0,110.0,23.45,-27.17,-216.21,23.466,-27.389,-216.042
240.0,-30.0,100.0,33.16,-27.29,-216.15,33.466,-27.31,-216.09
240.0,-30.0,90.0,42.8,-27.22,-216.26,43.465,-27.231,-216.137
240.0,-40.0,130.0,4.14,-37.27,-216.09,3.545,-37.546,-216.051
240.0,-40.0,120.0,13.94,-37.07,-216.31,13.545,-37.467,-216.098
240.0,-40.0,110.0,23.63,-37.12,-216.35,23.544,-37.388,-216.146
240.0,-40.0,100.0,33.25,-37.01,-216.18,33.544,-37.309,-216.193
240.0,-40.0,90.0,42.94,-37.09,-216.31,43.544,-37.23,-216.241
230.0,-0.0,130.0,3.83,2.11,-225.73,3.183,2.554,-225.635
230.0,-0.0,120.0,13.55,2.33,-226.06,13.183,2.633,-225.683
230.0,-0.0,110.0,23.17,2.2,-225.94,23.182,2.712,-225.73
230.0,-0.0,100.0,32.9,2.27,-226.11,33.182,2.791,-225.778
230.0,-0.0,90.0,42.57,2.58,-226.05,43.182,2.87,-225.825
230.0,-10.0,130.0,3.83,-7.49,-225.69,3.262,-7.445,-225.739
230.0,-10.0,120.0,13.62,-7.46,-226.06,13.261,-7.366,-225.787
230.0,-10.0,110.0,23.24,-7.37,-225.93,23.261,-7.287,-225.834
230.0,-10.0,100.0,32.97,-7.46,-226.13,33.26,-7.208,-225.881
230.0,-10.0,90.0,42.63,-7.24,-226.03,43.26,-7.129,-225.929
230.0,-20.0,130.0,3.92,-17.23,-225.64,3.34,-17.444,-225.843
230.0,-20.0,120.0,13.66,-17.33,-226.04,13.34,-17.365,-225.89
230.0,-20.0,110.0,23.33,-17.03,-225.83,23.339,-17.286,-225.938
230.0,-20.0,100.0,33.04,-17.18,-226.12,33.339,-17.207,-225.985
230.0,-20.0,90.0,42.67,-16.97,-226.0,43.338,-17.128,-226.033
230.0,-30.0,130.0,4.04,-27.07,-225.81,3.419,-27.443,-225.947
230.0,-30.0,120.0,13.72,-27.19,-226.02,13.418,-27.364,-225.994
230.0,-30.0,110.0,23.44,-27.17,-225.92,23.418,-27.285,-226.041
230.0,-30.0,100.0,33.04,-27.07,-226.07,33.417,-27.206,-226.089
230.0,-30.0,90.0,42.67,-26.89,-226.01,43.417,-27.128,-226.136
230.0,-40.0,130.0,4.27,-37.05,-225.93,3.497,-37.442,-226.05
230.0,-40.0,120.0,13.81,-36.76,-226.01,13.497,-37.363,-226.098
230.0,-40.0,110.0,23.52,-36.95,-225.99,23.496,-37.285,-226.145
230.0,-40.0,100.0,33.06,-36.73,-226.02,33.496,-37.206,-226.193
230.0,-40.0,90.0,42.73,-36.86,-225.95,43.495,-37.127,-226.24
220.0,-0.0,130.0,3.7,2.08,-235.46,3.135,2.658,-235.635
220.0,-0.0,120.0,13.31,2.42,-235.74,13.135,2.736,-235.682
220.0,-0.0,110.0,23.04,2.26,-235.65,23.134,2.815,-235.73
220.0,-0.0,100.0,32.68,2.55,-235.67,33.134,2.894,-235.777
220.0,-0.0,90.0,42.31,2.46,-235.78,43.133,2.973,-235.825
220.0,-10.0,130.0,3.87,-7.55,-235.44,3.213,-7.342,-235.739
220.0,-10.0,120.0,13.42,-7.46,-235.69,13.213,-7.263,-235.786
220.0,-10.0,110.0,23.1,-7.31,-235.74,23.213,-7.184,-235.833
220.0,-10.0,100.0,32.69,-7.11,-235.64,33.212,-7.105,-235.881
220.0,-10.0,90.0,42.4,-7.23,-235.73,43.212,-7.026,-235.928
220.0,-20.0,130.0,3.96,-17.37,-235.51,3.292,-17.341,-235.842
220.0,-20.0,120.0,13.56,-17.09,-235.75,13.291,-17.262,-235.89
220.0,-20.0,110.0,23.13,-17.1,-235.66,23.291,-17.183,-235.937
220.0,-20.0,100.0,32.76,-17.07,-235.7,33.291,-17.104,-235.985
220.0,-20.0,90.0,42.42,-17.01,-235.7,43.29,-17.025,-236.032
220.0,-30.0,130.0,4.11,-27.06,-235.57,3.37,-27.34,-235.946
220.0,-30.0,120.0,13.76,-26.98,-235.79,13.37,-27.261,-235.993
220.0,-30.0,110.0,23.33,-26.72,-235.66,23.369,-27.182,-236.041
220.0,-30.0,100.0,32.97,-26.88,-235.73,33.369,-27.103,-236.088
220.0,-30.0,90.0,42.59,-26.85,-235.74,43.369,-27.024,-236.136
220.0,-40.0,130.0,4.28,-36.92,-235.64,3.449,-37.339,-236.05
220.0,-40.0,120.0,13.9,-36.82,-235.83,13.448,-37.26,-236.097
220.0,-40.0,110.0,23.47,-36.79,-235.66,23.448,-37.181,-236.145
220.0,-40.0,100.0,33.14,-36.71,-235.82,33.447,-37.102,-236.192
220.0,-40.0,90.0,42.67,-36.73,-235.76,43.447,-37.023,-236.239
210.0,-0.0,130.0,3.85,2.28,-245.47,3.087,2.761,-245.634
210.0,-0.0,120.0,13.45,2.67,-245.55,13.086,2.84,-245.682
210.0,-0.0,110.0,23.12,2.45,-245.52,23.086,2.919,-245.729
210.0,-0.0,100.0,32.76,2.85,-245.67,33.086,2.998,-245.776
210.0,-0.0,90.0,42.36,2.68,-245.58,43.085,3.077,-245.824
210.0,-10.0,130.0,4.01,-7.02,-245.5,3.165,-7.238,-245.738
210.0,-10.0,120.0,13.59,-7.16,-245.57,13.165,-7.159,-245.785
210.0,-10.0,110.0,23.22,-7.21,-245.58,23.164,-7.08,-245.833
210.0,-10.0,100.0,32.84,-7.0,-245.52,33.164,-7.001,-245.88
210.0,-10.0,90.0,42.42,-6.96,-245.55,43.164,-6.923,-245.928
210.0,-20.0,130.0,4.15,-16.75,-245.55,3.244,-17.237,-245.842
210.0,-20.0,120.0,13.79,-16.98,-245.36,13.243,-17.158,-245.889
210.0,-20.0,110.0,23.34,-16.85,-245.45,23.243,-17.08,-245.936
210.0,-20.0,100.0,32.96,-16.84,-245.52,33.242,-17.001,-245.984
210.0,-20.0,90.0,42.53,-16.78,-245.43,43.242,-16.922,-246.031
210.0,-30.0,130.0,4.28,-26.5,-245.42,3.322,-27.237,-245.945
210.0,-30.0,120.0,13.86,-26.65,-245.5,13.322,-27.158,-245.993
210.0,-30.0,110.0,23.41,-26.68,-245.47,23.321,-27.079,-246.04
210.0,-30.0,100.0,33.03,-26.43,-245.54,33.321,-27.0,-246.088
210.0,-30.0,90.0,42.57,-26.51,-245.45,43.32,-26.921,-246.135
210.0,-40.0,130.0,4.35,-36.7,-245.58,3.4,-37.236,-246.049
210.0,-40.0,120.0,13.89,-36.66,-245.46,13.4,-37.157,-246.096
210.0,-40.0,110.0,23.43,-36.35,-245.23,23.4,-37.078,-246.144
210.0,-40.0,100.0,33.07,-36.54,-245.48,33.399,-36.999,-246.191
210.0,-40.0,90.0,42.6,-36.43,-245.45,43.399,-36.92,-246.239
300.0,-0.0,130.0,4.0,0.43,-156.99,3.499,1.018,-156.349
300.0,-0.0,120.0,13.74,0.78,-156.8,13.498,1.102,-156.426
300.0,-0.0,110.0,23.71,0.69,-156.93,23.497,1.185,-156.504
300.0,-0.0,100.0,33.57,0.83,-157.2,33.497,1.268,-156.581
300.0,-0.0,90.0,43.35,1.12,-157.07,43.496,1.351,-156.659
300.0,-10.0,130.0,4.01,-9.36,-157.06,3.581,-8.98,-156.51
300.0,-10.0,120.0,13.75,-9.28,-156.87,13.58,-8.897,-156.587
300.0,-10.0,110.0,23.73,-8.97,-156.99,23.579,-8.814,-156.664
300.0,-10.0,100.0,33.57,-9.0,-157.27,33.579,-8.73,-156.742
300.0,-10.0,90.0,43.39,-8.66,-157.15,43.578,-8.647,-156.819
300.0,-20.0,130.0,4.02,-19.35,-157.1,3.663,-18.978,-156.67
300.0,-20.0,120.0,13.81,-19.14,-156.91,13.662,-18.895,-156.747
300.0,-20.0,110.0,23.7,-19.14,-157.02,23.661,-18.812,-156.825
300.0,-20.0,100.0,33.61,-18.92,-157.36,33.661,-18.729,-156.902
300.0,-20.0,90.0,43.37,-18.52,-157.18,43.66,-18.646,-156.98
300.0,-30.0,130.0,4.06,-29.23,-157.17,3.745,-28.977,-156.831
300.0,-30.0,120.0,13.93,-28.98,-156.94,13.744,-28.893,-156.908
300.0,-30.0,110.0,23.69,-29.04,-157.07,23.743,-28.81,-156.985
300.0,-30.0,100.0,33.57,-28.75,-157.36,33.743,-28.727,-157.063
300.0,-30.0,90.0,43.39,-28.61,-157.24,43.742,-28.644,-157.14
300.0,-40.0,130.0,4.09,-39.22,-157.11,3.826,-38.975,-156.991
300.0,-40.0,120.0,14.03,-38.98,-157.02,13.826,-38.892,-157.069
300.0,-40.0,110.0,23.71,-39.1,-157.07,23.825,-38.809,-157.146
300.0,-40.0,100.0,33.55,-38.85,-157.38,33.825,-38.725,-157.223
300.0,-40.0,90.0,43.37,-38.61,-157.25,43.824,-38.642,-157.301
290.0,-0.0,130.0,3.78,0.68,-166.82,3.42,1.178,-166.347
290.0,-0.0,120.0,13.82,0.82,-166.77,13.419,1.262,-166.425
290.0,-0.0,110.0,23.56,1.05,-167.03,23.419,1.345,-166.502
290.0,-0.0,100.0,33.35,1.07,-166.92,33.418,1.428,-166.58
290.0,-0.0,90.0,43.11,1.3,-166.9,43.417,1.511,-166.657
290.0,-10.0,130.0,3.79,-9.14,-166.86,3.502,-8.82,-166.508
290.0,-10.0,120.0,13.8,-8.9,-166.78,13.501,-8.737,-166.585
290.0,-10.0,110.0,23.6,-8.87,-167.09,23.501,-8.654,-166.663
290.0,-10.0,100.0,33.37,-8.61,-167.05,33.5,-8.57,-166.74
290.0,-10.0,90.0,43.12,-8.61,-166.91,43.499,-8.487,-166.818
290.0,-20.0,130.0,3.79,-19.08,-166.9,3.584,-18.818,-166.668
290.0,-20.0,120.0,13.76,-18.83,-166.76,13.583,-18.735,-166.746
290.0,-20.0,110.0,23.67,-18.82,-167.15,23.583,-18.652,-166.823
290.0,-20.0,100.0,33.34,-18.72,-167.12,33.582,-18.569,-166.901
290.0,-20.0,90.0,43.09,-18.45,-166.97,43.581,-18.486,-166.978
290.0,-30.0,130.0,3.92,-28.97,-166.94,3.666,-28.817,-166.829
290.0,-30.0,120.0,13.72,-28.7,-166.76,13.665,-28.734,-166.906
290.0,-30.0,110.0,23.68,-28.69,-167.19,23.664,-28.65,-166.984
290.0,-30.0,100.0,33.42,-28.46,-167.16,33.664,-28.567,-167.061
290.0,-30.0,90.0,43.13,-28.53,-167.01,43.663,-28.484,-167.139
290.0,-40.0,130.0,4.06,-38.55,-166.97,3.748,-38.815,-166.99
290.0,-40.0,120.0,13.7,-38.82,-166.73,13.747,-38.732,-167.067
290.0,-40.0,110.0,23.64,-38.52,-166.92,23.746,-38.649,-167.144
290.0,-40.0,100.0,33.54,-38.48,-167.27,33.746,-38.566,-167.222
290.0,-40.0,90.0,43.18,-38.25,-167.0,43.745,-38.482,-167.299
280.0,-0.0,130.0,3.78,1.02,-176.6,3.341,1.338,-176.346
280.0,-0.0,120.0,13.43,0.89,-176.45,13.341,1.421,-176.423
280.0,-0.0,110.0,23.32,1.21,-176.87,23.34,1.505,-176.501
280.0,-0.0,100.0,33.18,1.15,-176.72,33.339,1.588,-176.578
280.0,-0.0,90.0,42.96,1.31,-176.88,43.339,1.671,-176.656
280.0,-10.0,130.0,3.8,-8.66,-176.66,3.423,-8.66,-176.506
280.0,-10.0,120.0,13.46,-8.89,-176.5,13.422,-8.577,-176.584
280.0,-10.0,110.0,23.35,-8.56,-176.9,23.422,-8.494,-176.661
280.0,-10.0,100.0,33.22,-8.65,-176.75,33.421,-8.411,-176.739
280.0,-10.0,90.0,43.04,-8.31,-177.0,43.421,-8.327,-176.816
280.0,-20.0,130.0,3.84,-18.65,-176.72,3.505,-18.659,-176.667
280.0,-20.0,120.0,13.58,-18.7,-176.6,13.504,-18.575,-176.744
280.0,-20.0,110.0,23.36,-18.41,-176.88,23.504,-18.492,-176.822
280.0,-20.0,100.0,33.21,-18.49,-176.79,33.503,-18.409,-176.899
280.0,-20.0,90.0,43.03,-18.41,-177.1,43.502,-18.326,-176.977
280.0,-30.0,130.0,3.87,-28.64,-176.8,3.587,-28.657,-176.827
280.0,-30.0,120.0,13.73,-28.54,-176.65,13.586,-28.574,-176.905
280.0,-30.0,110.0,23.49,-28.21,-176.96,23.586,-28.491,-176.982
280.0,-30.0,100.0,33.26,-28.33,-176.87,33.585,-28.407,-177.06
280.0,-30.0,90.0,43.09,-27.94,-177.07,43.584,-28.324,-177.137
280.0,-40.0,130.0,3.98,-38.48,-176.89,3.669,-38.655,-176.988
280.0,-40.0,120.0,13.89,-38.23,-176.72,13.668,-38.572,-177.065
280.0,-40.0,110.0,23.66,-38.19,-176.99,23.668,-38.489,-177.143
280.0,-40.0,100.0,33.42,-38.23,-176.94,33.667,-38.406,-177.22
280.0,-40.0,90.0,43.11,-37.91,-176.92,43.666,-38.323,-177.298
270.0,-0.0,130.0,3.61,1.27,-186.42,3.262,1.498,-186.344
270.0,-0.0,120.0,13.49,1.19,-186.37,13.262,1.581,-186.422
270.0,-0.0,110.0,23.37,1.25,-186.78,23.261,1.664,-186.499
270.0,-0.0,100.0,33.09,1.57,-186.61,33.26,1.748,-186.577
270.0,-0.0,90.0,42.83,1.47,-186.94,43.26,1.831,-186.654
270.0,-10.0,130.0,3.73,-8.55,-186.53,3.344,-8.5,-186.505
270.0,-10.0,120.0,13.57,-8.38,-186.43,13.344,-8.417,-186.582
270.0,-10.0,110.0,23.46,-8.39,-186.82,23.343,-8.334,-186.66
270.0,-10.0,100.0,33.15,-8.21,-186.63,33.342,-8.251,-186.737
270.0,-10.0,90.0,42.9,-8.25,-186.97,43.342,-8.168,-186.815
270.0,-20.0,130.0,3.64,-18.37,-186.53,3.426,-18.499,-186.665
270.0,-20.0,120.0,13.48,-18.29,-186.38,13.426,-18.415,-186.743
270.0,-20.0,110.0,23.4,-18.33,-186.8,23.425,-18.332,-186.82
270.0,-20.0,100.0,33.14,-18.04,-186.65,33.424,-18.249,-186.898
270.0,-20.0,90.0,42.86,-18.15,-186.96,43.424,-18.166,-186.975
270.0,-30.0,130.0,3.96,-28.23,-186.73,3.508,-28.497,-186.826
270.0,-30.0,120.0,13.68,-28.01,-186.55,13.508,-28.414,-186.903
270.0,-30.0,110.0,23.53,-28.1,-186.85,23.507,-28.331,-186.981
270.0,-30.0,100.0,33.36,-27.78,-186.78,33.506,-28.247,-187.058
270.0,-30.0,90.0,43.11,-27.86,-187.1,43.506,-28.164,-187.136
270.0,-40.0,130.0,4.19,-37.85,-186.84,3.59,-38.495,-186.986
270.0,-40.0,120.0,13.75,-38.1,-186.53,13.59,-38.412,-187.064
270.0,-40.0,110.0,23.56,-37.86,-186.8,23.589,-38.329,-187.141
270.0,-40.0,100.0,33.38,-37.92,-186.77,33.588,-38.246,-187.219
270.0,-40.0,90.0,43.17,-37.63,-187.11,43.588,-38.163,-187.296
260.0,-0.0,130.0,3.83,1.41,-196.26,3.184,1.658,-196.343
260.0,-0.0,120.0,13.5,1.71,-196.21,13.183,1.741,-196.42
260.0,-0.0,110.0,23.22,1.53,-196.51,23.182,1.824,-196.498
260.0,-0.0,100.0,33.06,1.88,-196.5,33.182,1.908,-196.575
260.0,-0.0,90.0,42.88,1.8,-196.74,43.181,1.991,-196.652
260.0,-10.0,130.0,3.87,-8.38,-196.47,3.266,-8.34,-196.503
260.0,-10.0,120.0,13.52,-8.09,-196.23,13.265,-8.257,-196.581
260.0,-10.0,110.0,23.27,-8.13,-196.54,23.264,-8.174,-196.658
260.0,-10.0,100.0,33.08,-8.09,-196.49,33.264,-8.091,-196.736
260.0,-10.0,90.0,42.89,-7.75,-196.78,43.263,-8.008,-196.813
260.0,-20.0,130.0,3.97,-17.88,-196.37,3.348,-18.339,-196.664
260.0,-20.0,120.0,13.62,-18.1,-196.3,13.347,-18.256,-196.741
260.0,-20.0,110.0,23.34,-17.8,-196.56,23.346,-18.172,-196.819
260.0,-20.0,100.0,33.12,-17.79,-196.54,33.346,-18.089,-196.896
260.0,-20.0,90.0,42.88,-17.55,-196.81,43.345,-18.006,-196.973
260.0,-30.0,130.0,3.98,-27.77,-196.6,3.429,-28.337,-196.824
260.0,-30.0,120.0,13.74,-27.91,-196.36,13.429,-28.254,-196.902
260.0,-30.0,110.0,23.41,-27.67,-196.59,23.428,-28.171,-196.979
260.0,-30.0,100.0,33.16,-27.66,-196.56,33.428,-28.088,-197.057
260.0,-30.0,90.0,42.86,-27.41,-196.82,43.427,-28.004,-197.134
260.0,-40.0,130.0,4.04,-37.98,-196.44,3.511,-38.336,-196.985
260.0,-40.0,120.0,13.81,-37.62,-196.35,13.511,-38.252,-197.062
260.0,-40.0,110.0,23.56,-37.82,-196.69,23.51,-38.169,-197.14
260.0,-40.0,100.0,33.23,-37.71,-196.5,33.509,-38.086,-197.217
260.0,-40.0,90.0,43.0,-37.4,-196.9,43.509,-38.003,-197.295
250.0,50.0,130.0,3.59,50.15,-206.33,3.028,51.037,-205.873
250.0,50.0,120.0,13.44,50.04,-206.36,13.027,51.106,-205.955
250.0,50.0,110.0,23.13,50.29,-206.62,23.026,51.176,-206.037
250.0,50.0,100.0,32.89,50.28,-206.49,33.026,51.246,-206.119
250.0,50.0,90.0,42.62,50.61,-206.65,43.025,51.316,-206.201
250.0,40.0,130.0,3.64,40.38,-206.25,3.097,41.037,-205.894
250.0,40.0,120.0,13.3,40.43,-206.21,13.097,41.107,-205.976
250.0,40.0,110.0,23.01,40.54,-206.45,23.096,41.176,-206.058
250.0,40.0,100.0,32.8,40.75,-206.39,33.095,41.246,-206.14
250.0,40.0,90.0,42.63,40.98,-206.63,43.095,41.316,-206.222
250.0,30.0,130.0,3.63,30.87,-206.17,3.167,31.037,-205.914
250.0,30.0,120.0,13.23,30.71,-206.1,13.166,31.107,-205.996
250.0,30.0,110.0,23.07,31.01,-206.48,23.166,31.177,-206.078
250.0,30.0,100.0,32.85,30.96,-206.38,33.165,31.246,-206.16
250.0,30.0,90.0,42.7,31.26,-206.74,43.164,31.316,-206.242
250.0,20.0,130.0,3.59,21.0,-206.05,3.236,21.037,-205.935
250.0,20.0,120.0,13.3,21.25,-206.07,13.236,21.107,-206.017
250.0,20.0,110.0,23.14,21.09,-206.39,23.235,21.177,-206.099
250.0,20.0,100.0,32.77,21.14,-206.37,33.235,21.247,-206.181
250.0,20.0,90.0,42.63,21.44,-206.63,43.234,21.316,-206.263
250.0,10.0,130.0,3.49,11.2,-205.97,3.306,11.038,-205.955
250.0,10.0,120.0,13.29,11.51,-206.05,13.305,11.107,-206.037
250.0,10.0,110.0,23.01,11.35,-206.36,23.305,11.177,-206.119
250.0,10.0,100.0,32.9,11.76,-206.44,33.304,11.247,-206.201
250.0,10.0,90.0,42.59,11.61,-206.55,43.304,11.317,-206.283
240.0,50.0,130.0,3.6,50.37,-216.16,2.945,51.056,-215.873
240.0,50.0,120.0,13.29,50.22,-216.17,12.945,51.126,-215.955
240.0,50.0,110.0,23.15,50.51,-216.43,22.944,51.196,-216.037
240.0,50.0,100.0,32.9,50.53,-216.36,32.944,51.266,-216.119
240.0,50.0,90.0,42.63,50.62,-216.41,42.943,51.336,-216.201
240.0,40.0,130.0,3.55,40.68,-216.04,3.015,41.057,-215.893
240.0,40.0,120.0,13.42,40.78,-216.35,13.014,41.127,-215.975
240.0,40.0,110.0,23.19,40.7,-216.42,23.014,41.196,-216.057
240.0,40.0,100.0,32.91,41.05,-216.34,33.013,41.266,-216.139
240.0,40.0,90.0,42.68,40.94,-216.39,43.013,41.336,-216.222
240.0,30.0,130.0,3.66,31.11,-215.99,3.085,31.057,-215.914
240.0,30.0,120.0,13.5,30.92,-216.23,13.084,31.127,-215.996
240.0,30.0,110.0,23.12,31.05,-216.26,23.083,31.197,-216.078
240.0,30.0,100.0,32.88,31.19,-216.2,33.083,31.266,-216.16
240.0,30.0,90.0,42.59,31.51,-216.35,43.082,31.336,-216.242
240.0,20.0,130.0,3.75,21.16,-215.94,3.154,21.057,-215.934
240.0,20.0,120.0,13.44,21.26,-216.24,13.154,21.127,-216.016
240.0,20.0,110.0,23.05,21.59,-216.12,23.153,21.197,-216.098
240.0,20.0,100.0,32.85,21.52,-216.17,33.152,21.267,-216.18
240.0,20.0,90.0,42.65,21.79,-216.26,43.152,21.336,-216.263
240.0,10.0,130.0,3.87,11.59,-215.93,3.224,11.058,-215.955
240.0,10.0,120.0,13.46,11.9,-216.17,13.223,11.127,-216.037
240.0,10.0,110.0,23.17,11.82,-216.16,23.223,11.197,-216.119
240.0,10.0,100.0,32.87,11.89,-216.09,33.222,11.267,-216.201
240.0,10.0,90.0,42.65,12.02,-216.25,43.221,11.337,-216.283
230.0,50.0,130.0,3.54,50.42,-226.09,2.863,51.076,-225.872
230.0,50.0,120.0,13.35,50.52,-226.41,12.863,51.146,-225.954
230.0,50.0,110.0,23.04,50.5,-226.27,22.862,51.216,-226.037
230.0,50.0,100.0,32.83,50.83,-226.37,32.861,51.286,-226.119
230.0,50.0,90.0,42.49,50.73,-226.29,42.861,51.356,-226.201
230.0,40.0,130.0,3.61,40.82,-225.95,2.933,41.077,-225.893
230.0,40.0,120.0,13.26,40.73,-226.18,12.932,41.146,-225.975
230.0,40.0,110.0,23.01,40.78,-226.23,22.932,41.216,-226.057
230.0,40.0,100.0,32.66,41.1,-226.28,32.931,41.286,-226.139
230.0,40.0,90.0,42.4,41.05,-226.21,42.93,41.356,-226.221
230.0,30.0,130.0,3.57,31.06,-225.82,3.002,31.077,-225.913
230.0,30.0,120.0,13.3,31.27,-226.12,13.002,31.147,-225.995
230.0,30.0,110.0,23.07,31.18,-226.08,23.001,31.216,-226.078
230.0,30.0,100.0,32.75,31.38,-226.11,33.001,31.286,-226.16
230.0,30.0,90.0,42.5,31.69,-226.2,43.0,31.356,-226.242
230.0,20.0,130.0,3.62,21.39,-225.7,3.072,21.077,-225.934
230.0,20.0,120.0,13.38,21.7,-226.08,13.071,21.147,-226.016
230.0,20.0,110.0,23.12,21.52,-225.96,23.071,21.217,-226.098
230.0,20.0,100.0,32.83,21.7,-226.21,33.07,21.287,-226.18
230.0,20.0,90.0,42.55,21.94,-226.15,43.07,21.356,-226.262
230.0,10.0,130.0,3.74,11.74,-225.67,3.142,11.077,-225.954
230.0,10.0,120.0,13.49,12.05,-226.11,13.141,11.147,-226.036
230.0,10.0,110.0,23.16,11.93,-225.94,23.14,11.217,-226.118
230.0,10.0,100.0,32.87,12.13,-226.01,33.14,11.287,-226.201
230.0,10.0,90.0,42.58,12.16,-226.07,43.139,11.357,-226.283
220.0,50.0,130.0,3.39,50.52,-236.0,2.781,51.096,-235.872
220.0,50.0,120.0,13.04,50.34,-236.11,12.78,51.166,-235.954
220.0,50.0,110.0,22.78,50.71,-236.11,22.78,51.236,-236.036
220.0,50.0,100.0,32.57,50.64,-236.17,32.779,51.306,-236.118
220.0,50.0,90.0,42.23,50.75,-236.27,42.779,51.375,-236.2
220.0,40.0,130.0,3.48,40.67,-235.81,2.851,41.097,-235.893
220.0,40.0,120.0,13.17,40.93,-236.11,12.85,41.166,-235.975
220.0,40.0,110.0,22.86,40.81,-235.91,22.849,41.236,-236.057
220.0,40.0,100.0,32.65,41.15,-236.26,32.849,41.306,-236.139
220.0,40.0,90.0,42.29,41.08,-236.1,42.848,41.376,-236.221
220.0,30.0,130.0,3.57,31.02,-235.62,2.92,31.097,-235.913
220.0,30.0,120.0,13.19,31.17,-235.96,12.92,31.167,-235.995
220.0,30.0,110.0,22.9,31.33,-235.86,22.919,31.236,-236.077
220.0,30.0,100.0,32.57,31.4,-236.02,32.918,31.306,-236.159
220.0,30.0,90.0,42.28,31.47,-236.04,42.918,31.376,-236.241
220.0,20.0,130.0,3.57,21.44,-235.57,2.99,21.097,-235.933
220.0,20.0,120.0,13.25,21.77,-235.88,12.989,21.167,-236.016
220.0,20.0,110.0,22.91,21.63,-235.78,22.989,21.237,-236.098
220.0,20.0,100.0,32.55,21.95,-235.89,32.988,21.306,-236.18
220.0,20.0,90.0,42.26,21.87,-235.9,42.987,21.376,-236.262
220.0,10.0,130.0,3.64,11.75,-235.48,3.059,11.097,-235.954
220.0,10.0,120.0,13.25,12.07,-235.78,13.059,11.167,-236.036
220.0,10.0,110.0,22.94,11.93,-235.7,23.058,11.237,-236.118
220.0,10.0,100.0,32.58,12.06,-235.77,33.058,11.307,-236.2
220.0,10.0,90.0,42.3,12.39,-235.84,43.057,11.376,-236.282
210.0,50.0,130.0,3.33,50.38,-245.83,2.699,51.116,-245.872
210.0,50.0,120.0,13.01,50.35,-246.1,12.698,51.186,-245.954
210.0,50.0,110.0,22.65,50.77,-245.96,22.698,51.256,-246.036
210.0,50.0,100.0,32.38,50.61,-246.02,32.697,51.326,-246.118
210.0,50.0,90.0,42.1,50.95,-246.26,42.696,51.395,-246.2
210.0,40.0,130.0,3.32,41.09,-245.73,2.768,41.116,-245.892
210.0,40.0,120.0,12.89,40.97,-245.89,12.768,41.186,-245.974
210.0,40.0,110.0,22.6,41.17,-245.85,22.767,41.256,-246.056
210.0,40.0,100.0,32.37,41.05,-245.94,32.767,41.326,-246.138
210.0,40.0,90.0,42.03,41.2,-246.01,42.766,41.396,-246.22
210.0,30.0,130.0,3.44,31.13,-245.5,2.838,31.117,-245.913
210.0,30.0,120.0,13.06,31.47,-245.82,12.837,31.187,-245.995
210.0,30.0,110.0,22.76,31.32,-245.82,22.837,31.256,-246.077
210.0,30.0,100.0,32.49,31.45,-245.84,32.836,31.326,-246.159
210.0,30.0,90.0,42.09,31.66,-245.89,42.836,31.396,-246.241
210.0,20.0,130.0,3.58,21.57,-245.48,2.908,21.117,-245.933
210.0,20.0,120.0,13.24,21.87,-245.69,12.907,21.187,-246.015
210.0,20.0,110.0,22.89,21.76,-245.7,22.906,21.257,-246.097
210.0,20.0,100.0,32.61,21.89,-245.75,32.906,21.326,-246.179
210.0,20.0,90.0,42.21,22.07,-245.71,42.905,21.396,-246.261
210.0,10.0,130.0,3.77,11.9,-245.54,2.977,11.117,-245.954
210.0,10.0,120.0,13.35,11.99,-245.45,12.977,11.187,-246.036
210.0,10.0,110.0,23.03,12.19,-245.6,22.976,11.257,-246.118
210.0,10.0,100.0,32.64,12.45,-245.65,32.975,11.327,-246.2
210.0,10.0,90.0,42.3,12.3,-245.65,42.975,11.396,-246.282
300.0,50.0,130.0,3.87,49.13,-156.66,3.517,50.139,-156.365
300.0,50.0,120.0,13.9,49.44,-156.87,13.516,50.189,-156.462
300.0,50.0,110.0,23.7,49.43,-156.83,23.515,50.239,-156.559
300.0,50.0,100.0,33.54,49.67,-157.19,33.515,50.289,-156.656
300.0,50.0,90.0,43.38,49.63,-157.02,43.514,50.339,-156.752
300.0,40.0,130.0,3.89,39.49,-156.68,3.566,40.14,-156.449
300.0,40.0,120.0,13.86,39.62,-156.7,13.565,40.19,-156.546
300.0,40.0,110.0,23.57,39.88,-156.8,23.565,40.24,-156.642
300.0,40.0,100.0,33.46,39.73,-157.11,33.564,40.29,-156.739
300.0,40.0,90.0,43.38,40.01,-157.03,43.563,40.34,-156.836
300.0,30.0,130.0,3.87,29.91,-156.73,3.615,30.14,-156.533
300.0,30.0,120.0,13.75,29.87,-156.68,13.614,30.19,-156.629
300.0,30.0,110.0,23.52,30.17,-156.81,23.614,30.24,-156.726
300.0,30.0,100.0,33.44,30.04,-157.12,33.613,30.29,-156.823
300.0,30.0,90.0,43.34,30.3,-157.03,43.613,30.34,-156.92
300.0,20.0,130.0,3.98,20.19,-156.87,3.664,20.141,-156.616
300.0,20.0,120.0,13.73,20.16,-156.68,13.663,20.191,-156.713
300.0,20.0,110.0,23.61,20.47,-156.85,23.663,20.241,-156.81
300.0,20.0,100.0,33.55,20.38,-157.11,33.662,20.291,-156.907
300.0,20.0,90.0,43.32,20.44,-156.99,43.662,20.341,-157.003
300.0,10.0,130.0,3.97,10.46,-156.9,3.713,10.141,-156.7
300.0,10.0,120.0,13.73,10.47,-156.76,13.713,10.191,-156.797
300.0,10.0,110.0,23.69,10.77,-156.88,23.712,10.241,-156.893
300.0,10.0,100.0,33.55,10.91,-157.16,33.711,10.291,-156.99
300.0,10.0,90.0,43.36,10.76,-157.02,43.711,10.341,-157.087
290.0,50.0,130.0,4.02,49.26,-166.9,3.419,50.223,-166.364
290.0,50.0,120.0,13.74,49.61,-166.65,13.419,50.273,-166.461
290.0,50.0,110.0,23.51,49.57,-166.68,23.418,50.323,-166.558
290.0,50.0,100.0,33.52,49.63,-167.12,33.418,50.373,-166.655
290.0,50.0,90.0,43.38,49.87,-166.98,43.417,50.423,-166.752
290.0,40.0,130.0,3.93,39.79,-166.82,3.468,40.223,-166.448
290.0,40.0,120.0,13.6,39.76,-166.55,13.468,40.273,-166.545
290.0,40.0,110.0,23.58,40.07,-166.76,23.467,40.323,-166.642
290.0,40.0,100.0,33.55,39.99,-167.09,33.467,40.373,-166.738
290.0,40.0,90.0,43.24,40.24,-166.91,43.466,40.423,-166.835
290.0,30.0,130.0,3.81,29.92,-166.74,3.518,30.224,-166.532
290.0,30.0,120.0,13.65,30.36,-166.63,13.517,30.274,-166.629
290.0,30.0,110.0,23.64,30.29,-166.95,23.516,30.324,-166.725
290.0,30.0,100.0,33.4,30.49,-167.02,33.516,30.374,-166.822
290.0,30.0,90.0,43.2,30.51,-166.86,43.515,30.424,-166.919
290.0,20.0,130.0,3.77,20.47,-166.74,3.567,20.224,-166.615
290.0,20.0,120.0,13.71,20.39,-166.59,13.566,20.274,-166.712
290.0,20.0,110.0,23.63,20.63,-167.03,23.566,20.324,-166.809
290.0,20.0,100.0,33.33,20.65,-166.9,33.565,20.374,-166.906
290.0,20.0,90.0,43.11,20.89,-166.85,43.564,20.424,-167.003
290.0,10.0,130.0,3.77,10.54,-166.77,3.616,10.225,-166.699
290.0,10.0,120.0,13.8,10.94,-166.7,13.615,10.275,-166.796
290.0,10.0,110.0,23.58,10.74,-167.0,23.615,10.325,-166.893
290.0,10.0,100.0,33.36,10.91,-166.86,33.614,10.375,-166.989
290.0,10.0,90.0,43.12,11.15,-166.85,43.614,10.425,-167.086
280.0,50.0,130.0,3.7,49.28,-176.83,3.322,50.306,-176.364
280.0,50.0,120.0,13.48,49.65,-176.6,13.322,50.356,-176.46
280.0,50.0,110.0,23.42,49.48,-176.94,23.321,50.406,-176.557
280.0,50.0,100.0,33.27,49.8,-176.98,33.32,50.456,-176.654
280.0,50.0,90.0,43.02,49.85,-177.01,43.32,50.506,-176.751
280.0,40.0,130.0,3.62,39.81,-176.7,3.371,40.306,-176.447
280.0,40.0,120.0,13.53,39.76,-176.56,13.371,40.356,-176.544
280.0,40.0,110.0,23.31,40.06,-176.91,23.37,40.406,-176.641
280.0,40.0,100.0,33.12,40.06,-176.85,33.37,40.456,-176.738
280.0,40.0,90.0,42.89,40.24,-176.9,43.369,40.506,-176.834
280.0,30.0,130.0,3.61,29.87,-176.62,3.42,30.307,-176.531
280.0,30.0,120.0,13.48,30.24,-176.53,13.42,30.357,-176.628
280.0,30.0,110.0,23.24,30.16,-176.85,23.419,30.407,-176.724
280.0,30.0,100.0,33.05,30.39,-176.77,33.419,30.457,-176.821
280.0,30.0,90.0,42.92,30.61,-176.86,43.418,30.507,-176.918
280.0,20.0,130.0,3.71,20.28,-176.59,3.47,20.307,-176.615
280.0,20.0,120.0,13.5,20.64,-176.51,13.469,20.357,-176.711
280.0,20.0,110.0,23.31,20.58,-176.81,23.468,20.407,-176.808
280.0,20.0,100.0,33.18,20.97,-176.77,33.468,20.457,-176.905
280.0,20.0,90.0,42.98,20.83,-176.82,43.467,20.507,-177.002
280.0,10.0,130.0,3.82,10.89,-176.63,3.519,10.308,-176.698
280.0,10.0,120.0,13.48,10.86,-176.45,13.518,10.358,-176.795
280.0,10.0,110.0,23.34,11.06,-176.86,23.518,10.408,-176.892
280.0,10.0,100.0,33.18,10.96,-176.73,33.517,10.458,-176.989
280.0,10.0,90.0,43.02,11.29,-176.88,43.516,10.508,-177.085
270.0,50.0,130.0,3.82,49.88,-186.59,3.225,50.389,-186.363
270.0,50.0,120.0,13.64,49.86,-186.51,13.224,50.439,-186.459
270.0,50.0,110.0,23.34,50.05,-186.77,23.224,50.489,-186.556
270.0,50.0,100.0,33.13,49.99,-186.58,33.223,50.539,-186.653
270.0,50.0,90.0,43.05,50.2,-186.84,43.223,50.589,-186.75
270.0,40.0,130.0,3.85,40.22,-186.59,3.274,40.39,-186.446
270.0,40.0,120.0,13.45,40.11,-186.33,13.273,40.44,-186.543
270.0,40.0,110.0,23.29,40.39,-186.71,23.273,40.49,-186.64
270.0,40.0,100.0,33.18,40.37,-186.63,33.272,40.54,-186.737
270.0,40.0,90.0,43.06,40.57,-186.83,43.272,40.59,-186.834
270.0,30.0,130.0,3.66,30.42,-186.56,3.323,30.39,-186.53
270.0,30.0,120.0,13.43,30.38,-186.41,13.323,30.44,-186.627
270.0,30.0,110.0,23.33,30.54,-186.7,23.322,30.49,-186.724
270.0,30.0,100.0,33.2,30.59,-186.65,33.321,30.54,-186.82
270.0,30.0,90.0,42.99,30.9,-186.89,43.321,30.59,-186.917
270.0,20.0,130.0,3.59,20.88,-186.42,3.372,20.391,-186.614
270.0,20.0,120.0,13.43,20.85,-186.37,13.372,20.44,-186.711
270.0,20.0,110.0,23.36,20.97,-186.77,23.371,20.49,-186.807
270.0,20.0,100.0,33.14,21.03,-186.62,33.371,20.54,-186.904
270.0,20.0,90.0,42.86,21.16,-186.85,43.37,20.59,-187.001
270.0,10.0,130.0,3.65,10.98,-186.41,3.422,10.391,-186.697
270.0,10.0,120.0,13.48,11.26,-186.38,13.421,10.441,-186.794
270.0,10.0,110.0,23.39,11.23,-186.77,23.42,10.491,-186.891
270.0,10.0,100.0,33.08,11.45,-186.62,33.42,10.541,-186.988
270.0,10.0,90.0,42.83,11.48,-186.94,43.419,10.591,-187.085
260.0,50.0,130.0,3.7,49.85,-196.41,3.128,50.472,-196.362
260.0,50.0,120.0,13.42,50.17,-196.43,13.127,50.522,-196.459
260.0,50.0,110.0,23.26,50.03,-196.63,23.127,50.572,-196.555
260.0,50.0,100.0,33.11,50.26,-196.57,33.126,50.622,-196.652
260.0,50.0,90.0,42.93,50.3,-196.96,43.125,50.672,-196.749
260.0,40.0,130.0,3.59,40.14,-196.31,3.177,40.473,-196.446
260.0,40.0,120.0,13.45,40.43,-196.32,13.176,40.523,-196.542
260.0,40.0,110.0,23.22,40.44,-196.65,23.176,40.573,-196.639
260.0,40.0,100.0,33.01,40.67,-196.55,33.175,40.623,-196.736
260.0,40.0,90.0,42.81,40.5,-196.95,43.175,40.673,-196.833
260.0,30.0,130.0,3.66,30.42,-196.24,3.226,30.473,-196.529
260.0,30.0,120.0,13.44,30.77,-196.26,13.225,30.523,-196.626
260.0,30.0,110.0,23.15,30.55,-196.53,23.225,30.573,-196.723
260.0,30.0,100.0,32.99,30.9,-196.5,33.224,30.623,-196.82
260.0,30.0,90.0,42.73,30.82,-196.82,43.224,30.673,-196.916
260.0,20.0,130.0,3.78,20.86,-196.29,3.275,20.474,-196.613
260.0,20.0,120.0,13.45,21.15,-196.22,13.275,20.524,-196.71
260.0,20.0,110.0,23.2,21.12,-196.49,23.274,20.574,-196.807
260.0,20.0,100.0,33.02,21.36,-196.5,33.273,20.624,-196.903
260.0,20.0,90.0,42.78,21.29,-196.73,43.273,20.674,-197.0
260.0,10.0,130.0,3.82,11.18,-196.19,3.324,10.474,-196.697
260.0,10.0,120.0,13.48,11.52,-196.18,13.324,10.524,-196.793
260.0,10.0,110.0,23.21,11.4,-196.47,23.323,10.574,-196.89
260.0,10.0,100.0,33.05,11.72,-196.48,33.323,10.624,-196.987
260.0,10.0,90.0,42.83,11.62,-196.75,43.322,10.674,-197.084
250.0,-0.0,180.0,-44.61,1.39,-206.45,-45.203,1.986,-206.143
250.0,-0.0,170.0,-34.95,1.43,-206.13,-35.203,2.037,-206.019
250.0,-0.0,160.0,-25.29,1.24,-206.26,-25.204,2.088,-205.896
250.0,-0.0,150.0,-15.77,1.44,-205.94,-15.205,2.139,-205.773
250.0,-0.0,140.0,-5.89,1.49,-206.13,-5.206,2.191,-205.649
250.0,-10.0,180.0,-44.37,-8.06,-206.76,-45.149,-8.013,-206.305
250.0,-10.0,170.0,-34.73,-8.06,-206.33,-35.15,-7.962,-206.182
250.0,-10.0,160.0,-25.02,-8.28,-206.51,-25.151,-7.91,-206.058
250.0,-10.0,150.0,-15.47,-7.91,-206.13,-15.152,-7.859,-205.935
250.0,-10.0,140.0,-5.76,-8.17,-206.34,-5.153,-7.808,-205.812
250.0,-20.0,180.0,-44.46,-17.81,-206.88,-45.096,-18.011,-206.467
250.0,-20.0,170.0,-34.74,-18.03,-206.5,-35.097,-17.96,-206.344
250.0,-20.0,160.0,-24.91,-17.96,-206.7,-25.098,-17.909,-206.221
250.0,-20.0,150.0,-15.38,-17.73,-206.17,-15.099,-17.858,-206.098
250.0,-20.0,140.0,-5.62,-17.82,-206.4,-5.1,-17.806,-205.974
250.0,-30.0,180.0,-44.58,-28.0,-206.96,-45.043,-28.01,-206.63
250.0,-30.0,170.0,-34.82,-27.87,-206.61,-35.044,-27.959,-206.506
250.0,-30.0,160.0,-24.83,-27.91,-206.82,-25.045,-27.907,-206.383
250.0,-30.0,150.0,-15.32,-27.67,-206.35,-15.046,-27.856,-206.26
250.0,-30.0,140.0,-5.52,-27.7,-206.5,-5.046,-27.805,-206.137
250.0,-40.0,180.0,-44.74,-38.09,-206.98,-44.99,-38.008,-206.792
250.0,-40.0,170.0,-34.8,-37.88,-206.73,-34.991,-37.957,-206.669
250.0,-40.0,160.0,-24.84,-37.84,-206.95,-24.991,-37.906,-206.546
250.0,-40.0,150.0,-15.14,-37.57,-206.59,-14.992,-37.855,-206.422
250.0,-40.0,140.0,-5.46,-37.69,-206.63,-4.993,-37.804,-206.299
240.0,-0.0,180.0,-44.29,1.91,-216.55,-45.08,2.149,-216.14
240.0,-0.0,170.0,-34.71,1.96,-216.15,-35.081,2.2,-216.017
240.0,-0.0,160.0,-24.97,1.71,-216.27,-25.082,2.251,-215.894
240.0,-0.0,150.0,-15.41,1.92,-215.92,-15.083,2.302,-215.771
240.0,-0.0,140.0,-5.82,1.8,-216.1,-5.084,2.354,-215.647
240.0,-10.0,180.0,-44.26,-8.03,-216.63,-45.027,-7.85,-216.303
240.0,-10.0,170.0,-34.61,-7.91,-216.25,-35.028,-7.799,-216.18
240.0,-10.0,160.0,-24.89,-7.92,-216.4,-25.029,-7.747,-216.056
240.0,-10.0,150.0,-15.33,-7.75,-215.97,-15.03,-7.696,-215.933
240.0,-10.0,140.0,-5.71,-7.9,-216.14,-5.03,-7.645,-215.81
240.0,-20.0,180.0,-44.4,-17.66,-216.77,-44.974,-17.848,-216.465
240.0,-20.0,170.0,-34.55,-17.61,-216.42,-34.975,-17.797,-216.342
240.0,-20.0,160.0,-24.84,-17.7,-216.51,-24.975,-17.746,-216.219
240.0,-20.0,150.0,-15.27,-17.53,-216.06,-14.976,-17.695,-216.095
240.0,-20.0,140.0,-5.65,-17.57,-216.21,-4.977,-17.643,-215.972
240.0,-30.0,180.0,-44.54,-27.66,-216.78,-44.92,-27.847,-216.628
240.0,-30.0,170.0,-34.6,-27.89,-216.61,-34.921,-27.796,-216.504
240.0,-30.0,160.0,-24.86,-27.43,-216.61,-24.922,-27.744,-216.381
240.0,-30.0,150.0,-15.08,-27.46,-216.25,-14.923,-27.693,-216.258
240.0,-30.0,140.0,-5.63,-27.52,-216.32,-4.924,-27.642,-216.135
240.0,-40.0,180.0,-44.61,-37.65,-216.81,-44.867,-37.845,-216.79
240.0,-40.0,170.0,-34.54,-37.75,-216.7,-34.868,-37.794,-216.667
240.0,-40.0,160.0,-24.89,-37.34,-216.69,-24.869,-37.743,-216.544
240.0,-40.0,150.0,-15.07,-37.48,-216.42,-14.87,-37.692,-216.42
240.0,-40.0,140.0,-5.37,-37.36,-216.46,-4.871,-37.64,-216.297
230.0,-0.0,180.0,-44.25,2.18,-226.19,-44.958,2.312,-226.138
230.0,-0.0,170.0,-34.48,1.89,-226.11,-34.959,2.363,-226.015
230.0,-0.0,160.0,-24.97,2.08,-226.09,-24.959,2.414,-225.892
230.0,-0.0,150.0,-15.32,1.95,-225.77,-14.96,2.465,-225.769
230.0,-0.0,140.0,-5.88,2.22,-225.88,-4.961,2.517,-225.645
230.0,-10.0,180.0,-44.22,-7.64,-226.3,-44.904,-7.687,-226.301
230.0,-10.0,170.0,-34.46,-7.64,-226.2,-34.905,-7.635,-226.178
230.0,-10.0,160.0,-24.84,-7.8,-226.18,-24.906,-7.584,-226.054
230.0,-10.0,150.0,-15.26,-7.54,-225.8,-14.907,-7.533,-225.931
230.0,-10.0,140.0,-5.72,-7.71,-225.95,-4.908,-7.482,-225.808
230.0,-20.0,180.0,-44.27,-17.49,-226.38,-44.851,-17.685,-226.463
230.0,-20.0,170.0,-34.38,-17.63,-226.35,-34.852,-17.634,-226.34
230.0,-20.0,160.0,-24.87,-17.54,-226.28,-24.853,-17.583,-226.217
230.0,-20.0,150.0,-15.24,-17.31,-225.89,-14.854,-17.532,-226.093
230.0,-20.0,140.0,-5.65,-17.49,-226.0,-4.855,-17.48,-225.97
230.0,-30.0,180.0,-44.28,-27.45,-226.51,-44.798,-27.684,-226.626
230.0,-30.0,170.0,-34.4,-27.63,-226.48,-34.799,-27.633,-226.502
230.0,-30.0,160.0,-24.75,-27.5,-226.46,-24.8,-27.581,-226.379
230.0,-30.0,150.0,-15.12,-27.44,-226.03,-14.801,-27.53,-226.256
230.0,-30.0,140.0,-5.41,-27.17,-226.2,-4.802,-27.479,-226.132
230.0,-40.0,180.0,-44.38,-37.48,-226.59,-44.745,-37.682,-226.788
230.0,-40.0,170.0,-34.53,-37.56,-226.51,-34.746,-37.631,-226.665
230.0,-40.0,160.0,-24.66,-37.1,-226.58,-24.747,-37.58,-226.541
230.0,-40.0,150.0,-14.99,-37.25,-226.12,-14.748,-37.529,-226.418
230.0,-40.0,140.0,-5.27,-36.9,-226.27,-4.748,-37.477,-226.295
220.0,-0.0,180.0,-44.07,2.25,-236.04,-44.835,2.475,-236.136
220.0,-0.0,170.0,-34.46,2.2,-235.9,-34.836,2.526,-236.013
220.0,-0.0,160.0,-24.9,2.17,-235.95,-24.837,2.577,-235.89
220.0,-0.0,150.0,-15.39,1.96,-235.72,-14.838,2.629,-235.766
220.0,-0.0,140.0,-5.69,2.04,-235.64,-4.839,2.68,-235.643
220.0,-10.0,180.0,-44.04,-7.37,-236.14,-44.782,-7.524,-236.299
220.0,-10.0,170.0,-34.35,-7.74,-235.96,-34.783,-7.472,-236.175
220.0,-10.0,160.0,-24.84,-7.68,-236.03,-24.784,-7.421,-236.052
220.0,-10.0,150.0,-15.26,-7.43,-235.82,-14.785,-7.37,-235.929
220.0,-10.0,140.0,-5.62,-7.61,-235.8,-4.786,-7.319,-235.806
220.0,-20.0,180.0,-44.01,-17.34,-236.25,-44.729,-17.522,-236.461
220.0,-20.0,170.0,-34.35,-17.59,-236.09,-34.73,-17.471,-236.338
220.0,-20.0,160.0,-24.64,-17.24,-236.18,-24.731,-17.42,-236.215
220.0,-20.0,150.0,-15.26,-17.35,-235.88,-14.732,-17.369,-236.091
220.0,-20.0,140.0,-5.49,-17.1,-235.93,-4.732,-17.317,-235.968
220.0,-30.0,180.0,-44.12,-27.32,-236.33,-44.676,-27.521,-236.624
220.0,-30.0,170.0,-34.43,-27.46,-236.17,-34.677,-27.47,-236.5
220.0,-30.0,160.0,-24.61,-27.04,-236.27,-24.677,-27.418,-236.377
220.0,-30.0,150.0,-15.1,-27.19,-235.92,-14.678,-27.367,-236.254
220.0,-30.0,140.0,-5.46,-26.82,-235.92,-4.679,-27.316,-236.13
220.0,-40.0,180.0,-44.23,-37.46,-236.49,-44.622,-37.519,-236.786
220.0,-40.0,170.0,-34.36,-37.2,-236.33,-34.623,-37.468,-236.663
220.0,-40.0,160.0,-24.52,-37.13,-236.44,-24.624,-37.417,-236.539
220.0,-40.0,150.0,-14.91,-36.83,-235.96,-14.625,-37.366,-236.416
220.0,-40.0,140.0,-5.35,-36.93,-235.85,-4.626,-37.314,-236.293
210.0,-0.0,180.0,-43.81,2.5,-246.05,-44.713,2.638,-246.134
210.0,-0.0,170.0,-34.37,2.18,-245.81,-34.714,2.689,-246.011
210.0,-0.0,160.0,-24.65,2.43,-245.89,-24.715,2.74,-245.888
210.0,-0.0,150.0,-15.29,2.25,-245.66,-14.716,2.792,-245.764
210.0,-0.0,140.0,-5.64,2.56,-245.42,-4.716,2.843,-245.641
210.0,-10.0,180.0,-43.72,-7.24,-246.17,-44.66,-7.361,-246.297
210.0,-10.0,170.0,-34.24,-7.3,-245.9,-34.661,-7.309,-246.173
210.0,-10.0,160.0,-24.51,-7.43,-245.99,-24.661,-7.258,-246.05
210.0,-10.0,150.0,-15.11,-7.01,-245.64,-14.662,-7.207,-245.927
210.0,-10.0,140.0,-5.51,-7.37,-245.4,-4.663,-7.156,-245.804
210.0,-20.0,180.0,-43.79,-17.12,-246.26,-44.606,-17.359,-246.459
210.0,-20.0,170.0,-34.13,-17.31,-246.03,-34.607,-17.308,-246.336
210.0,-20.0,160.0,-24.48,-16.95,-246.06,-24.608,-17.257,-246.212
210.0,-20.0,150.0,-14.93,-17.13,-245.81,-14.609,-17.205,-246.089
210.0,-20.0,140.0,-5.56,-17.07,-245.37,-4.61,-17.154,-245.966
210.0,-30.0,180.0,-43.88,-26.95,-246.27,-44.553,-27.358,-246.621
210.0,-30.0,170.0,-34.13,-27.04,-246.19,-34.554,-27.306,-246.498
210.0,-30.0,160.0,-24.44,-26.81,-246.16,-24.555,-27.255,-246.375
210.0,-30.0,150.0,-14.83,-26.86,-245.94,-14.556,-27.204,-246.252
210.0,-30.0,140.0,-5.3,-26.81,-245.52,-4.557,-27.153,-246.128
210.0,-40.0,180.0,-43.92,-37.14,-246.39,-44.5,-37.356,-246.784
210.0,-40.0,170.0,-34.09,-37.1,-246.29,-34.501,-37.305,-246.661
210.0,-40.0,160.0,-24.35,-36.65,-246.26,-24.502,-37.254,-246.537
210.0,-40.0,150.0,-14.78,-36.68,-246.02,-14.503,-37.203,-246.414
210.0,-40.0,140.0,-5.19,-36.76,-245.7,-4.504,-37.151,-246.291
300.0,-0.0,180.0,-45.02,0.62,-156.59,-45.481,0.731,-156.389
300.0,-0.0,170.0,-35.13,0.29,-156.79,-35.481,0.756,-156.354
300.0,-0.0,160.0,-25.47,0.26,-156.57,-25.482,0.782,-156.319
300.0,-0.0,150.0,-15.61,0.3,-156.88,-15.482,0.808,-156.284
300.0,-0.0,140.0,-5.95,0.54,-156.53,-5.482,0.833,-156.249
300.0,-10.0,180.0,-45.07,-9.2,-156.73,-45.455,-9.268,-156.573
300.0,-10.0,170.0,-35.12,-9.55,-156.85,-35.455,-9.242,-156.538
300.0,-10.0,160.0,-25.44,-9.15,-156.67,-25.455,-9.216,-156.502
300.0,-10.0,150.0,-15.6,-9.45,-156.96,-15.455,-9.191,-156.467
300.0,-10.0,140.0,-5.89,-9.23,-156.66,-5.455,-9.165,-156.432
300.0,-20.0,180.0,-45.18,-19.32,-156.8,-45.429,-19.266,-156.756
300.0,-20.0,170.0,-35.11,-19.51,-156.99,-35.429,-19.24,-156.721
300.0,-20.0,160.0,-25.44,-19.15,-156.79,-25.429,-19.215,-156.686
300.0,-20.0,150.0,-15.55,-19.38,-157.05,-15.429,-19.189,-156.651
300.0,-20.0,140.0,-5.93,-19.19,-156.71,-5.429,-19.163,-156.616
300.0,-30.0,180.0,-45.2,-29.3,-156.92,-45.402,-29.264,-156.939
300.0,-30.0,170.0,-35.14,-29.47,-157.1,-35.403,-29.239,-156.904
300.0,-30.0,160.0,-25.39,-29.02,-156.86,-25.403,-29.213,-156.869
300.0,-30.0,150.0,-15.48,-29.3,-157.16,-15.403,-29.187,-156.834
300.0,-30.0,140.0,-5.83,-29.11,-156.8,-5.403,-29.162,-156.799
300.0,-40.0,180.0,-45.27,-39.47,-156.9,-45.376,-39.263,-157.122
300.0,-40.0,170.0,-35.21,-39.51,-157.14,-35.376,-39.237,-157.087
300.0,-40.0,160.0,-25.26,-39.18,-157.0,-25.376,-39.211,-157.052
300.0,-40.0,150.0,-15.44,-39.27,-157.21,-15.376,-39.186,-157.017
300.0,-40.0,140.0,-5.62,-39.06,-156.94,-5.376,-39.16,-156.982
290.0,-0.0,180.0,-44.85,0.81,-166.59,-45.447,0.914,-166.388
290.0,-0.0,170.0,-35.14,0.49,-166.6,-35.447,0.939,-166.353
290.0,-0.0,160.0,-25.36,0.73,-166.54,-25.447,0.965,-166.318
290.0,-0.0,150.0,-15.68,0.52,-166.76,-15.447,0.991,-166.283
290.0,-0.0,140.0,-5.88,0.75,-166.57,-5.447,1.017,-166.248
290.0,-10.0,180.0,-44.88,-9.01,-166.67,-45.421,-9.084,-166.571
290.0,-10.0,170.0,-35.14,-9.07,-166.71,-35.421,-9.059,-166.536
290.0,-10.0,160.0,-25.34,-9.34,-166.64,-25.421,-9.033,-166.501
290.0,-10.0,150.0,-15.67,-9.26,-166.83,-15.421,-9.007,-166.466
290.0,-10.0,140.0,-5.86,-9.04,-166.63,-5.421,-8.982,-166.431
290.0,-20.0,180.0,-45.0,-19.17,-166.78,-45.394,-19.083,-166.754
290.0,-20.0,170.0,-35.2,-18.9,-166.81,-35.394,-19.057,-166.719
290.0,-20.0,160.0,-25.35,-19.27,-166.72,-25.394,-19.031,-166.684
290.0,-20.0,150.0,-15.68,-19.04,-166.91,-15.394,-19.006,-166.649
290.0,-20.0,140.0,-5.81,-18.94,-166.68,-5.395,-18.98,-166.614
290.0,-30.0,180.0,-45.22,-29.07,-166.71,-45.368,-29.081,-166.937
290.0,-30.0,170.0,-35.27,-29.25,-166.86,-35.368,-29.055,-166.902
290.0,-30.0,160.0,-25.34,-28.91,-166.83,-25.368,-29.03,-166.867
290.0,-30.0,150.0,-15.66,-29.04,-166.96,-15.368,-29.004,-166.832
290.0,-30.0,140.0,-5.78,-29.05,-166.8,-5.368,-28.978,-166.797
290.0,-40.0,180.0,-45.37,-39.13,-166.74,-45.342,-39.079,-167.12
290.0,-40.0,170.0,-35.23,-39.23,-166.92,-35.342,-39.054,-167.085
290.0,-40.0,160.0,-25.32,-38.85,-166.89,-25.342,-39.028,-167.05
290.0,-40.0,150.0,-15.54,-38.8,-167.06,-15.342,-39.002,-167.015
290.0,-40.0,140.0,-5.76,-38.93,-166.8,-5.342,-38.977,-166.98
280.0,-0.0,180.0,-44.96,0.98,-176.43,-45.412,1.097,-176.386
280.0,-0.0,170.0,-35.11,0.67,-176.46,-35.412,1.123,-176.351
280.0,-0.0,160.0,-25.44,0.66,-176.43,-25.412,1.148,-176.316
280.0,-0.0,150.0,-15.75,0.89,-176.55,-15.413,1.174,-176.281
280.0,-0.0,140.0,-6.09,0.7,-176.35,-5.413,1.2,-176.246
280.0,-10.0,180.0,-45.04,-8.9,-176.49,-45.386,-8.901,-176.569
280.0,-10.0,170.0,-35.11,-9.13,-176.54,-35.386,-8.876,-176.534
280.0,-10.0,160.0,-25.42,-9.07,-176.53,-25.386,-8.85,-176.499
280.0,-10.0,150.0,-15.73,-9.08,-176.61,-15.386,-8.824,-176.464
280.0,-10.0,140.0,-6.06,-8.99,-176.4,-5.386,-8.799,-176.429
280.0,-20.0,180.0,-45.15,-18.89,-176.55,-45.36,-18.9,-176.752
280.0,-20.0,170.0,-35.12,-19.12,-176.67,-35.36,-18.874,-176.717
280.0,-20.0,160.0,-25.46,-18.86,-176.55,-25.36,-18.848,-176.682
280.0,-20.0,150.0,-15.64,-18.64,-176.71,-15.36,-18.822,-176.647
280.0,-20.0,140.0,-6.0,-18.87,-176.49,-5.36,-18.797,-176.612
280.0,-30.0,180.0,-45.14,-28.9,-176.67,-45.333,-28.898,-176.935
280.0,-30.0,170.0,-35.15,-28.65,-176.73,-35.333,-28.872,-176.9
280.0,-30.0,160.0,-25.41,-28.79,-176.7,-25.334,-28.846,-176.865
280.0,-30.0,150.0,-15.57,-28.5,-176.82,-15.334,-28.821,-176.83
280.0,-30.0,140.0,-5.87,-28.75,-176.6,-5.334,-28.795,-176.795
280.0,-40.0,180.0,-45.15,-38.75,-176.8,-45.307,-38.896,-177.118
280.0,-40.0,170.0,-35.14,-38.88,-176.94,-35.307,-38.87,-177.083
280.0,-40.0,160.0,-25.21,-38.54,-176.91,-25.307,-38.845,-177.048
280.0,-40.0,150.0,-15.46,-38.57,-177.0,-15.307,-38.819,-177.013
280.0,-40.0,140.0,-5.62,-38.33,-176.76,-5.307,-38.793,-176.978
270.0,-0.0,180.0,-44.75,1.27,-186.41,-45.378,1.28,-186.384
270.0,-0.0,170.0,-35.05,0.92,-186.35,-35.378,1.306,-186.349
270.0,-0.0,160.0,-25.4,1.14,-186.5,-25.378,1.332,-186.314
270.0,-0.0,150.0,-15.76,0.9,-186.4,-15.378,1.357,-186.279
270.0,-0.0,140.0,-5.93,0.97,-186.35,-5.378,1.383,-186.244
270.0,-10.0,180.0,-44.8,-8.68,-186.47,-45.351,-8.718,-186.567
270.0,-10.0,170.0,-35.05,-8.89,-186.43,-35.352,-8.692,-186.532
270.0,-10.0,160.0,-25.3,-8.55,-186.63,-25.352,-8.667,-186.497
270.0,-10.0,150.0,-15.62,-8.75,-186.55,-15.352,-8.641,-186.462
270.0,-10.0,140.0,-5.8,-8.54,-186.42,-5.352,-8.615,-186.427
270.0,-20.0,180.0,-44.9,-18.58,-186.57,-45.325,-18.716,-186.75
270.0,-20.0,170.0,-35.12,-18.53,-186.53,-35.325,-18.691,-186.715
270.0,-20.0,160.0,-25.25,-18.67,-186.77,-25.325,-18.665,-186.68
270.0,-20.0,150.0,-15.72,-18.48,-186.54,-15.325,-18.639,-186.645
270.0,-20.0,140.0,-5.83,-18.64,-186.43,-5.325,-18.614,-186.61
270.0,-30.0,180.0,-45.01,-28.71,-186.62,-45.299,-28.715,-186.934
270.0,-30.0,170.0,-35.25,-28.47,-186.55,-35.299,-28.689,-186.899
270.0,-30.0,160.0,-25.23,-28.51,-186.85,-25.299,-28.663,-186.864
270.0,-30.0,150.0,-15.64,-28.36,-186.69,-15.299,-28.638,-186.829
270.0,-30.0,140.0,-5.71,-28.08,-186.54,-5.299,-28.612,-186.794
270.0,-40.0,180.0,-45.03,-38.6,-186.86,-45.272,-38.713,-187.117
270.0,-40.0,170.0,-35.08,-38.38,-186.82,-35.273,-38.687,-187.082
270.0,-40.0,160.0,-25.04,-38.37,-187.15,-25.273,-38.661,-187.047
270.0,-40.0,150.0,-15.33,-38.09,-186.9,-15.273,-38.636,-187.012
270.0,-40.0,140.0,-5.63,-38.26,-186.62,-5.273,-38.61,-186.977
260.0,-0.0,180.0,-44.57,1.32,-196.6,-45.343,1.464,-196.382
260.0,-0.0,170.0,-34.96,1.43,-196.31,-35.343,1.489,-196.347
260.0,-0.0,160.0,-25.18,1.23,-196.45,-25.343,1.515,-196.312
260.0,-0.0,150.0,-15.59,1.27,-196.35,-15.343,1.541,-196.277
260.0,-0.0,140.0,-5.92,1.52,-196.19,-5.344,1.566,-196.242
260.0,-10.0,180.0,-44.62,-8.28,-196.58,-45.317,-8.535,-196.566
260.0,-10.0,170.0,-34.92,-8.48,-196.4,-35.317,-8.509,-196.531
260.0,-10.0,160.0,-25.13,-8.4,-196.62,-25.317,-8.483,-196.496
260.0,-10.0,150.0,-15.56,-8.46,-196.33,-15.317,-8.458,-196.461
260.0,-10.0,140.0,-5.94,-8.2,-196.22,-5.317,-8.432,-196.425
260.0,-20.0,180.0,-44.75,-18.14,-196.67,-45.291,-18.533,-196.749
260.0,-20.0,170.0,-34.87,-18.4,-196.57,-35.291,-18.507,-196.714
260.0,-20.0,160.0,-25.12,-18.03,-196.77,-25.291,-18.482,-196.679
260.0,-20.0,150.0,-15.47,-18.26,-196.45,-15.291,-18.456,-196.644
260.0,-20.0,140.0,-5.84,-18.15,-196.27,-5.291,-18.43,-196.609
260.0,-30.0,180.0,-44.83,-28.17,-196.77,-45.264,-28.531,-196.932
260.0,-30.0,170.0,-34.91,-28.28,-196.67,-35.264,-28.506,-196.897
260.0,-30.0,160.0,-25.13,-28.14,-196.85,-25.264,-28.48,-196.862
260.0,-30.0,150.0,-15.38,-27.88,-196.65,-15.265,-28.454,-196.827
260.0,-30.0,140.0,-5.77,-28.08,-196.38,-5.265,-28.429,-196.792
260.0,-40.0,180.0,-44.9,-38.25,-196.92,-45.238,-38.53,-197.115
260.0,-40.0,170.0,-34.98,-38.21,-196.79,-35.238,-38.504,-197.08
260.0,-40.0,160.0,-25.06,-38.18,-196.96,-25.238,-38.478,-197.045
260.0,-40.0,150.0,-15.3,-37.9,-196.77,-15.238,-38.453,-197.01
260.0,-40.0,140.0,-5.57,-37.84,-196.48,-5.238,-38.427,-196.975
250.0,50.0,180.0,-45.44,50.2,-206.45,-45.565,50.861,-206.088
250.0,50.0,170.0,-35.42,49.97,-206.46,-35.565,50.891,-206.042
250.0,50.0,160.0,-25.66,49.79,-206.56,-25.565,50.922,-205.995
250.0,50.0,150.0,-15.81,50.03,-206.43,-15.565,50.952,-205.949
250.0,50.0,140.0,-6.2,49.9,-206.27,-5.566,50.982,-205.902
250.0,40.0,180.0,-45.15,40.66,-206.54,-45.535,40.862,-206.136
250.0,40.0,170.0,-35.4,40.26,-206.28,-35.535,40.892,-206.09
250.0,40.0,160.0,-25.52,40.38,-206.53,-25.535,40.922,-206.043
250.0,40.0,150.0,-15.86,40.21,-206.24,-15.535,40.952,-205.997
250.0,40.0,140.0,-6.17,40.48,-206.24,-5.535,40.982,-205.95
250.0,30.0,180.0,-44.91,30.67,-206.48,-45.504,30.862,-206.184
250.0,30.0,170.0,-35.29,30.71,-206.12,-35.504,30.892,-206.138
250.0,30.0,160.0,-25.42,30.36,-206.36,-25.505,30.922,-206.091
250.0,30.0,150.0,-15.86,30.64,-206.14,-15.505,30.952,-206.045
250.0,30.0,140.0,-6.1,30.48,-206.23,-5.505,30.982,-205.998
250.0,20.0,180.0,-44.73,21.1,-206.47,-45.474,20.862,-206.232
250.0,20.0,170.0,-35.14,20.7,-206.07,-35.474,20.892,-206.186
250.0,20.0,160.0,-25.39,20.86,-206.36,-25.474,20.922,-206.139
250.0,20.0,150.0,-15.82,20.67,-205.93,-15.474,20.952,-206.093
250.0,20.0,140.0,-6.01,20.77,-206.12,-5.475,20.982,-206.046
250.0,10.0,180.0,-44.62,11.37,-206.48,-45.444,10.862,-206.28
250.0,10.0,170.0,-35.02,11.16,-206.04,-35.444,10.892,-206.234
250.0,10.0,160.0,-25.37,11.18,-206.26,-25.444,10.922,-206.187
250.0,10.0,150.0,-15.79,11.08,-205.88,-15.444,10.952,-206.141
250.0,10.0,140.0,-6.14,11.32,-206.21,-5.444,10.982,-206.095
240.0,50.0,180.0,-45.22,50.71,-216.54,-45.519,50.91,-216.088
240.0,50.0,170.0,-35.41,50.15,-216.28,-35.519,50.94,-216.041
240.0,50.0,160.0,-25.52,49.93,-216.5,-25.519,50.97,-215.995
240.0,50.0,150.0,-15.87,50.09,-216.13,-15.519,51.0,-215.948
240.0,50.0,140.0,-5.95,50.09,-216.45,-5.519,51.03,-215.902
240.0,40.0,180.0,-45.06,40.91,-216.51,-45.488,40.91,-216.136
240.0,40.0,170.0,-35.2,40.49,-216.26,-35.488,40.94,-216.089
240.0,40.0,160.0,-25.55,40.62,-216.38,-25.489,40.97,-216.043
240.0,40.0,150.0,-15.77,40.33,-216.07,-15.489,41.0,-215.997
240.0,40.0,140.0,-6.05,40.39,-216.29,-5.489,41.03,-215.95
240.0,30.0,180.0,-44.88,31.24,-216.42,-45.458,30.91,-216.184
240.0,30.0,170.0,-35.06,30.77,-216.12,-35.458,30.94,-216.138
240.0,30.0,160.0,-25.41,30.91,-216.27,-25.458,30.97,-216.091
240.0,30.0,150.0,-15.61,30.74,-215.99,-15.458,31.0,-216.045
240.0,30.0,140.0,-6.12,30.81,-216.11,-5.459,31.03,-215.998
240.0,20.0,180.0,-44.59,21.46,-216.43,-45.428,20.91,-216.232
240.0,20.0,170.0,-34.96,21.07,-216.06,-35.428,20.94,-216.186
240.0,20.0,160.0,-25.24,21.32,-216.26,-25.428,20.97,-216.139
240.0,20.0,150.0,-15.62,21.04,-215.9,-15.428,21.0,-216.093
240.0,20.0,140.0,-6.03,21.1,-216.09,-5.428,21.03,-216.046
240.0,10.0,180.0,-44.38,11.82,-216.48,-45.397,10.91,-216.28
240.0,10.0,170.0,-34.82,11.48,-216.04,-35.397,10.94,-216.234
240.0,10.0,160.0,-25.1,11.67,-216.25,-25.398,10.97,-216.187
240.0,10.0,150.0,-15.52,11.49,-215.86,-15.398,11.001,-216.141
240.0,10.0,140.0,-5.9,11.84,-216.11,-5.398,11.031,-216.094
230.0,50.0,180.0,-45.23,50.91,-226.53,-45.472,50.958,-226.088
230.0,50.0,170.0,-35.39,50.62,-226.27,-35.472,50.988,-226.041
230.0,50.0,160.0,-25.57,50.25,-226.49,-25.473,51.018,-225.995
230.0,50.0,150.0,-15.84,50.49,-226.12,-15.473,51.048,-225.948
230.0,50.0,140.0,-6.18,50.21,-226.28,-5.473,51.078,-225.902
230.0,40.0,180.0,-44.95,41.11,-226.42,-45.442,40.958,-226.136
230.0,40.0,170.0,-35.28,40.66,-226.12,-35.442,40.988,-226.089
230.0,40.0,160.0,-25.45,40.52,-226.28,-25.442,41.018,-226.043
230.0,40.0,150.0,-15.8,40.74,-225.92,-15.442,41.048,-225.996
230.0,40.0,140.0,-6.04,40.53,-226.21,-5.443,41.078,-225.95
230.0,30.0,180.0,-44.81,31.37,-226.22,-45.412,30.958,-226.184
230.0,30.0,170.0,-35.02,30.99,-226.02,-35.412,30.988,-226.137
230.0,30.0,160.0,-25.39,31.08,-226.17,-25.412,31.018,-226.091
230.0,30.0,150.0,-15.73,30.94,-225.82,-15.412,31.048,-226.044
230.0,30.0,140.0,-5.97,31.15,-226.12,-5.412,31.079,-225.998
230.0,20.0,180.0,-44.55,21.76,-226.17,-45.381,20.958,-226.232
230.0,20.0,170.0,-34.76,21.28,-226.0,-35.381,20.988,-226.185
230.0,20.0,160.0,-25.28,21.49,-226.09,-25.382,21.018,-226.139
230.0,20.0,150.0,-15.5,21.23,-225.77,-15.382,21.049,-226.092
230.0,20.0,140.0,-5.93,21.44,-226.01,-5.382,21.079,-226.046
230.0,10.0,180.0,-44.33,12.03,-226.13,-45.351,10.958,-226.28
230.0,10.0,170.0,-34.61,11.69,-226.02,-35.351,10.989,-226.234
230.0,10.0,160.0,-25.1,11.61,-226.04,-25.351,11.019,-226.187
230.0,10.0,150.0,-15.45,11.92,-225.75,-15.351,11.049,-226.141
230.0,10.0,140.0,-5.87,11.59,-225.9,-5.352,11.079,-226.094
220.0,50.0,180.0,-45.17,51.1,-236.22,-45.426,51.006,-236.087
220.0,50.0,170.0,-35.45,50.65,-236.08,-35.426,51.036,-236.041
220.0,50.0,160.0,-25.63,50.35,-236.31,-25.426,51.066,-235.994
220.0,50.0,150.0,-15.97,50.61,-236.04,-15.426,51.096,-235.948
220.0,50.0,140.0,-6.19,50.28,-236.21,-5.427,51.126,-235.902
220.0,40.0,180.0,-44.95,41.18,-236.16,-45.396,41.006,-236.136
220.0,40.0,170.0,-35.24,40.8,-235.97,-35.396,41.036,-236.089
220.0,40.0,160.0,-25.54,40.57,-236.18,-25.396,41.066,-236.043
220.0,40.0,150.0,-15.85,40.8,-235.88,-15.396,41.096,-235.996
220.0,40.0,140.0,-6.26,40.54,-235.98,-5.396,41.127,-235.95
220.0,30.0,180.0,-44.7,31.56,-236.07,-45.365,31.006,-236.184
220.0,30.0,170.0,-35.11,31.29,-235.87,-35.365,31.036,-236.137
220.0,30.0,160.0,-25.33,30.98,-236.08,-25.366,31.067,-236.091
220.0,30.0,150.0,-15.78,31.19,-235.82,-15.366,31.097,-236.044
220.0,30.0,140.0,-6.13,30.95,-235.89,-5.366,31.127,-235.998
220.0,20.0,180.0,-44.41,21.82,-236.01,-45.335,21.006,-236.232
220.0,20.0,170.0,-34.83,21.53,-235.81,-35.335,21.037,-236.185
220.0,20.0,160.0,-25.13,21.26,-236.01,-25.335,21.067,-236.139
220.0,20.0,150.0,-15.74,21.46,-235.75,-15.335,21.097,-236.092
220.0,20.0,140.0,-5.98,21.28,-235.92,-5.336,21.127,-236.046
220.0,10.0,180.0,-44.18,12.06,-235.99,-45.305,11.007,-236.28
220.0,10.0,170.0,-34.6,11.6,-235.79,-35.305,11.037,-236.233
220.0,10.0,160.0,-25.05,11.81,-235.94,-25.305,11.067,-236.187
220.0,10.0,150.0,-15.53,11.71,-235.78,-15.305,11.097,-236.14
220.0,10.0,140.0,-5.81,11.88,-235.67,-5.305,11.127,-236.094
210.0,50.0,180.0,-45.22,51.27,-246.07,-45.38,51.054,-246.087
210.0,50.0,170.0,-35.43,50.57,-246.01,-35.38,51.084,-246.041
210.0,50.0,160.0,-25.72,50.38,-246.15,-25.38,51.114,-245.994
210.0,50.0,150.0,-16.02,50.55,-246.16,-15.38,51.145,-245.948
210.0,50.0,140.0,-6.44,50.51,-245.87,-5.38,51.175,-245.901
210.0,40.0,180.0,-44.95,41.46,-246.01,-45.349,41.054,-246.135
210.0,40.0,170.0,-35.23,40.91,-245.9,-35.349,41.084,-246.089
210.0,40.0,160.0,-25.51,40.68,-246.02,-25.35,41.115,-246.042
210.0,40.0,150.0,-15.97,40.8,-245.97,-15.35,41.145,-245.996
210.0,40.0,140.0,-6.29,40.82,-245.7,-5.35,41.175,-245.949
210.0,30.0,180.0,-44.69,31.64,-245.94,-45.319,31.055,-246.183
210.0,30.0,170.0,-34.97,31.14,-245.79,-35.319,31.085,-246.137
210.0,30.0,160.0,-25.55,31.29,-245.9,-25.319,31.115,-246.09
210.0,30.0,150.0,-15.81,31.0,-245.78,-15.319,31.145,-246.044
210.0,30.0,140.0,-6.27,31.42,-245.59,-5.32,31.175,-245.997
210.0,20.0,180.0,-44.36,21.78,-245.92,-45.289,21.055,-246.231
210.0,20.0,170.0,-34.8,21.76,-245.75,-35.289,21.085,-246.185
210.0,20.0,160.0,-25.17,21.42,-245.85,-25.289,21.115,-246.139
210.0,20.0,150.0,-15.63,21.73,-245.73,-15.289,21.145,-246.092
210.0,20.0,140.0,-6.09,21.55,-245.39,-5.289,21.175,-246.046
210.0,10.0,180.0,-44.03,12.27,-246.0,-45.258,11.055,-246.28
210.0,10.0,170.0,-34.58,11.98,-245.77,-35.258,11.085,-246.233
210.0,10.0,160.0,-24.84,12.17,-245.89,-25.259,11.115,-246.187
210.0,10.0,150.0,-15.41,11.82,-245.6,-15.259,11.145,-246.14
210.0,10.0,140.0,-5.84,12.08,-245.35,-5.259,11.175,-246.094
300.0,50.0,180.0,-45.35,48.85,-156.52,-45.569,49.788,-156.299
300.0,50.0,170.0,-35.45,48.98,-156.7,-35.569,49.808,-156.304
300.0,50.0,160.0,-25.39,48.85,-156.72,-25.569,49.828,-156.309
300.0,50.0,150.0,-15.71,48.86,-156.8,-15.569,49.848,-156.314
300.0,50.0,140.0,-5.72,49.18,-156.75,-5.569,49.868,-156.319
300.0,40.0,180.0,-45.27,39.29,-156.49,-45.549,39.789,-156.388
300.0,40.0,170.0,-35.39,39.22,-156.69,-35.549,39.809,-156.393
300.0,40.0,160.0,-25.47,39.09,-156.53,-25.549,39.828,-156.398
300.0,40.0,150.0,-15.67,39.21,-156.75,-15.549,39.848,-156.403
300.0,40.0,140.0,-5.84,39.54,-156.6,-5.549,39.868,-156.408
300.0,30.0,180.0,-45.22,29.59,-156.47,-45.529,29.789,-156.477
300.0,30.0,170.0,-35.33,29.66,-156.61,-35.529,29.809,-156.482
300.0,30.0,160.0,-25.61,29.4,-156.44,-25.529,29.829,-156.487
300.0,30.0,150.0,-15.69,29.66,-156.74,-15.529,29.849,-156.492
300.0,30.0,140.0,-6.0,29.63,-156.5,-5.529,29.869,-156.497
300.0,20.0,180.0,-45.21,19.96,-156.4,-45.51,19.789,-156.565
300.0,20.0,170.0,-35.25,19.67,-156.56,-35.51,19.809,-156.57
300.0,20.0,160.0,-25.54,19.91,-156.46,-25.51,19.829,-156.575
300.0,20.0,150.0,-15.64,19.82,-156.72,-15.51,19.849,-156.58
300.0,20.0,140.0,-6.0,19.94,-156.47,-5.51,19.869,-156.585
300.0,10.0,180.0,-45.05,10.26,-156.47,-45.49,9.79,-156.654
300.0,10.0,170.0,-35.19,9.97,-156.58,-35.49,9.81,-156.659
300.0,10.0,160.0,-25.51,10.2,-156.48,-25.49,9.83,-156.664
300.0,10.0,150.0,-15.63,10.27,-156.79,-15.49,9.85,-156.669
300.0,10.0,140.0,-5.94,10.25,-156.54,-5.49,9.869,-156.674
290.0,50.0,180.0,-45.4,49.39,-166.56,-45.574,49.877,-166.299
290.0,50.0,170.0,-35.37,49.04,-166.63,-35.574,49.897,-166.304
290.0,50.0,160.0,-25.5,49.28,-166.71,-25.574,49.917,-166.309
290.0,50.0,150.0,-15.66,49.05,-166.8,-15.574,49.937,-166.314
290.0,50.0,140.0,-5.93,49.4,-166.58,-5.574,49.957,-166.319
290.0,40.0,180.0,-45.4,39.71,-166.48,-45.554,39.877,-166.388
290.0,40.0,170.0,-35.36,39.33,-166.57,-35.554,39.897,-166.392
290.0,40.0,160.0,-25.51,39.48,-166.59,-25.554,39.917,-166.397
290.0,40.0,150.0,-15.71,39.6,-166.77,-15.554,39.937,-166.402
290.0,40.0,140.0,-5.91,39.52,-166.58,-5.554,39.957,-166.407
290.0,30.0,180.0,-45.23,30.03,-166.45,-45.534,29.878,-166.476
290.0,30.0,170.0,-35.39,29.57,-166.48,-35.535,29.898,-166.481
290.0,30.0,160.0,-25.48,29.8,-166.51,-25.535,29.918,-166.486
290.0,30.0,150.0,-15.83,29.77,-166.64,-15.535,29.937,-166.491
290.0,30.0,140.0,-5.92,30.05,-166.58,-5.535,29.957,-166.496
290.0,20.0,180.0,-45.04,20.38,-166.47,-45.515,19.878,-166.565
290.0,20.0,170.0,-35.28,19.94,-166.48,-35.515,19.898,-166.57
290.0,20.0,160.0,-25.45,20.17,-166.43,-25.515,19.918,-166.575
290.0,20.0,150.0,-15.74,20.07,-166.67,-15.515,19.938,-166.58
290.0,20.0,140.0,-5.85,20.12,-166.51,-5.515,19.958,-166.585
290.0,10.0,180.0,-44.94,10.65,-166.47,-45.495,9.879,-166.654
290.0,10.0,170.0,-35.19,10.3,-166.48,-35.495,9.899,-166.659
290.0,10.0,160.0,-25.38,10.52,-166.49,-25.495,9.918,-166.664
290.0,10.0,150.0,-15.7,10.41,-166.69,-15.495,9.938,-166.669
290.0,10.0,140.0,-5.89,10.68,-166.53,-5.495,9.958,-166.674
280.0,50.0,180.0,-45.36,49.46,-176.56,-45.579,49.966,-176.298
280.0,50.0,170.0,-35.62,49.25,-176.55,-35.579,49.986,-176.303
280.0,50.0,160.0,-25.52,49.01,-176.63,-25.579,50.006,-176.308
280.0,50.0,150.0,-15.93,49.27,-176.72,-15.579,50.025,-176.313
280.0,50.0,140.0,-5.98,49.21,-176.52,-5.579,50.045,-176.318
280.0,40.0,180.0,-45.33,39.74,-176.45,-45.559,39.966,-176.387
280.0,40.0,170.0,-35.5,39.47,-176.55,-35.559,39.986,-176.392
280.0,40.0,160.0,-25.61,39.33,-176.47,-25.56,40.006,-176.397
280.0,40.0,150.0,-15.9,39.57,-176.63,-15.56,40.026,-176.402
280.0,40.0,140.0,-6.02,39.5,-176.5,-5.56,40.046,-176.407
280.0,30.0,180.0,-45.28,30.01,-176.36,-45.54,29.967,-176.476
280.0,30.0,170.0,-35.39,29.59,-176.35,-35.54,29.987,-176.481
280.0,30.0,160.0,-25.69,29.88,-176.33,-25.54,30.006,-176.486
280.0,30.0,150.0,-15.88,29.92,-176.57,-15.54,30.026,-176.491
280.0,30.0,140.0,-6.15,29.91,-176.4,-5.54,30.046,-176.496
280.0,20.0,180.0,-45.18,20.36,-176.3,-45.52,19.967,-176.565
280.0,20.0,170.0,-35.28,20.0,-176.34,-35.52,19.987,-176.57
280.0,20.0,160.0,-25.64,19.97,-176.33,-25.52,20.007,-176.575
280.0,20.0,150.0,-15.84,20.08,-176.5,-15.52,20.027,-176.58
280.0,20.0,140.0,-6.16,20.41,-176.37,-5.52,20.047,-176.585
280.0,10.0,180.0,-45.0,10.68,-176.37,-45.5,9.967,-176.653
280.0,10.0,170.0,-35.14,10.58,-176.39,-35.5,9.987,-176.658
280.0,10.0,160.0,-25.48,10.45,-176.32,-25.5,10.007,-176.663
280.0,10.0,150.0,-15.75,10.72,-176.51,-15.5,10.027,-176.668
280.0,10.0,140.0,-6.04,10.6,-176.38,-5.5,10.047,-176.673
270.0,50.0,180.0,-45.41,49.96,-186.53,-45.584,50.055,-186.298
270.0,50.0,170.0,-35.42,49.55,-186.5,-35.584,50.074,-186.303
270.0,50.0,160.0,-25.57,49.48,-186.78,-25.584,50.094,-186.308
270.0,50.0,150.0,-15.7,49.69,-186.71,-15.585,50.114,-186.313
270.0,50.0,140.0,-6.03,49.61,-186.43,-5.585,50.134,-186.318
270.0,40.0,180.0,-45.22,40.25,-186.48,-45.565,40.055,-186.387
270.0,40.0,170.0,-35.42,39.72,-186.38,-35.565,40.075,-186.392
270.0,40.0,160.0,-25.47,39.81,-186.68,-25.565,40.095,-186.397
270.0,40.0,150.0,-15.78,39.98,-186.54,-15.565,40.115,-186.402
270.0,40.0,140.0,-6.05,39.9,-186.33,-5.565,40.135,-186.407
270.0,30.0,180.0,-45.02,30.34,-186.39,-45.545,30.055,-186.476
270.0,30.0,170.0,-35.38,30.23,-186.31,-35.545,30.075,-186.48
270.0,30.0,160.0,-25.44,30.01,-186.56,-25.545,30.095,-186.485
270.0,30.0,150.0,-15.87,30.24,-186.44,-15.545,30.115,-186.49
270.0,30.0,140.0,-5.95,30.11,-186.31,-5.545,30.135,-186.495
270.0,20.0,180.0,-44.89,20.76,-186.35,-45.525,20.056,-186.564
270.0,20.0,170.0,-35.23,20.47,-186.24,-35.525,20.076,-186.569
270.0,20.0,160.0,-25.38,20.44,-186.52,-25.525,20.096,-186.574
270.0,20.0,150.0,-15.84,20.68,-186.42,-15.525,20.115,-186.579
270.0,20.0,140.0,-5.92,20.58,-186.34,-5.525,20.135,-186.584
270.0,10.0,180.0,-44.77,11.11,-186.37,-45.505,10.056,-186.653
270.0,10.0,170.0,-35.1,10.77,-186.29,-35.505,10.076,-186.658
270.0,10.0,160.0,-25.35,10.96,-186.5,-25.505,10.096,-186.663
270.0,10.0,150.0,-15.71,10.9,-186.43,-15.505,10.116,-186.668
270.0,10.0,140.0,-5.88,10.87,-186.36,-5.505,10.136,-186.673
260.0,50.0,180.0,-45.35,50.23,-196.46,-45.59,50.143,-196.298
260.0,50.0,170.0,-35.57,49.79,-196.43,-35.59,50.163,-196.302
260.0,50.0,160.0,-25.51,49.91,-196.74,-25.59,50.183,-196.307
260.0,50.0,150.0,-15.86,49.65,-196.6,-15.59,50.203,-196.312
260.0,50.0,140.0,-6.01,50.08,-196.46,-5.59,50.223,-196.317
260.0,40.0,180.0,-45.16,40.44,-196.47,-45.57,40.144,-196.386
260.0,40.0,170.0,-35.42,40.06,-196.31,-35.57,40.164,-196.391
260.0,40.0,160.0,-25.55,39.9,-196.57,-25.57,40.184,-196.396
260.0,40.0,150.0,-15.83,40.11,-196.5,-15.57,40.203,-196.401
260.0,40.0,140.0,-6.04,40.05,-196.27,-5.57,40.223,-196.406
260.0,30.0,180.0,-45.09,30.62,-196.35,-45.55,30.144,-196.475
260.0,30.0,170.0,-35.26,30.15,-196.2,-35.55,30.164,-196.48
260.0,30.0,160.0,-25.54,30.4,-196.48,-25.55,30.184,-196.485
260.0,30.0,150.0,-15.78,30.27,-196.32,-15.55,30.204,-196.49
260.0,30.0,140.0,-6.16,30.5,-196.18,-5.55,30.224,-196.495
260.0,20.0,180.0,-44.87,20.89,-196.33,-45.53,20.145,-196.564
260.0,20.0,170.0,-35.14,20.79,-196.21,-35.53,20.165,-196.569
260.0,20.0,160.0,-25.38,20.69,-196.45,-25.53,20.184,-196.574
260.0,20.0,150.0,-15.71,20.71,-196.28,-15.53,20.204,-196.579
260.0,20.0,140.0,-6.07,20.74,-196.12,-5.53,20.224,-196.584
260.0,10.0,180.0,-44.66,11.41,-196.43,-45.51,10.145,-196.653
260.0,10.0,170.0,-35.01,10.99,-196.21,-35.51,10.165,-196.658
260.0,10.0,160.0,-25.26,11.01,-196.45,-25.51,10.185,-196.663
260.0,10.0,150.0,-15.64,11.28,-196.23,-15.51,10.205,-196.668
260.0,10.0,140.0,-5.99,11.22,-196.16,-5.51,10.225,-196.673
